-- MySQL dump 10.13  Distrib 5.1.61, for debian-linux-gnu (i486)
--
-- Host: localhost    Database: pickahit
-- ------------------------------------------------------
-- Server version	5.1.61-0+squeeze1

/*!40101 SET @OLD_CHARACTER_SET_CLIENT=@@CHARACTER_SET_CLIENT */;
/*!40101 SET @OLD_CHARACTER_SET_RESULTS=@@CHARACTER_SET_RESULTS */;
/*!40101 SET @OLD_COLLATION_CONNECTION=@@COLLATION_CONNECTION */;
/*!40101 SET NAMES utf8 */;
/*!40103 SET @OLD_TIME_ZONE=@@TIME_ZONE */;
/*!40103 SET TIME_ZONE='+00:00' */;
/*!40014 SET @OLD_UNIQUE_CHECKS=@@UNIQUE_CHECKS, UNIQUE_CHECKS=0 */;
/*!40014 SET @OLD_FOREIGN_KEY_CHECKS=@@FOREIGN_KEY_CHECKS, FOREIGN_KEY_CHECKS=0 */;
/*!40101 SET @OLD_SQL_MODE=@@SQL_MODE, SQL_MODE='NO_AUTO_VALUE_ON_ZERO' */;
/*!40111 SET @OLD_SQL_NOTES=@@SQL_NOTES, SQL_NOTES=0 */;

--
-- Table structure for table `appearances`
--

DROP TABLE IF EXISTS `appearances`;
/*!40101 SET @saved_cs_client     = @@character_set_client */;
/*!40101 SET character_set_client = utf8 */;
CREATE TABLE `appearances` (
  `id` smallint(5) unsigned NOT NULL AUTO_INCREMENT,
  `game_id` smallint(5) unsigned DEFAULT NULL,
  `player_id` mediumint(8) unsigned DEFAULT NULL,
  `hits` smallint(6) DEFAULT '0',
  PRIMARY KEY (`id`),
  KEY `game_id` (`game_id`),
  KEY `player_id` (`player_id`),
  CONSTRAINT `appearances_ibfk_1` FOREIGN KEY (`game_id`) REFERENCES `games` (`id`) ON UPDATE CASCADE,
  CONSTRAINT `appearances_ibfk_2` FOREIGN KEY (`player_id`) REFERENCES `players` (`id`) ON UPDATE CASCADE
) ENGINE=InnoDB AUTO_INCREMENT=985 DEFAULT CHARSET=latin1;
/*!40101 SET character_set_client = @saved_cs_client */;

--
-- Dumping data for table `appearances`
--

LOCK TABLES `appearances` WRITE;
/*!40000 ALTER TABLE `appearances` DISABLE KEYS */;
INSERT INTO `appearances` VALUES (1,1,29691,0),(2,1,3971,1),(3,1,5940,2),(4,1,29256,0),(5,1,30399,2),(6,1,5986,0),(7,1,29694,0),(8,1,30811,0),(9,1,28501,0),(10,1,30366,0),(11,1,29152,0),(12,1,30358,0),(13,1,30475,0),(14,1,30011,0),(15,1,4789,0),(16,1,30820,0),(17,1,31015,1),(18,1,28535,1),(19,1,6513,1),(20,1,29551,1),(21,1,3006,1),(22,1,30193,3),(23,1,6462,0),(24,1,5206,3),(25,1,31728,1),(26,1,30264,0),(27,1,4210,0),(28,1,30509,0),(29,1,29367,1),(30,1,28549,0),(31,1,6309,0),(32,1,30710,0),(33,1,30653,0),(34,2,6220,1),(35,2,5908,2),(36,2,29170,1),(37,2,4727,0),(38,2,28513,0),(39,2,29287,0),(40,2,2604,1),(41,2,5377,0),(42,2,28772,0),(43,2,30728,1),(44,2,6414,1),(45,2,31097,1),(46,2,6197,2),(47,2,29515,2),(48,2,4652,0),(49,2,3878,0),(50,2,6242,2),(51,2,4566,2),(52,2,28444,0),(53,2,6428,0),(54,2,30452,0),(55,2,30130,0),(56,2,4044,0),(57,2,31117,1),(58,2,30267,0),(59,2,28582,0),(60,8,5299,1),(61,8,6298,1),(62,8,32080,1),(63,8,28844,0),(64,8,30195,0),(65,8,29563,0),(66,8,28920,0),(67,8,30608,0),(68,8,28665,0),(69,8,29210,1),(70,8,29453,1),(71,8,30418,2),(72,8,30729,0),(73,8,5544,0),(74,8,5915,0),(75,8,6138,0),(76,8,31006,1),(77,8,5527,0),(78,8,30115,2),(79,8,5339,1),(80,18,5031,3),(81,18,30466,1),(82,18,28670,0),(83,18,5036,0),(84,18,30519,0),(85,18,28954,2),(86,18,3507,0),(87,18,28899,1),(88,18,29611,1),(89,18,28955,0),(90,18,30171,0),(91,18,28668,0),(92,18,30196,0),(93,18,3425,0),(94,18,6489,0),(95,18,6370,0),(96,18,28985,1),(97,18,30442,0),(98,18,6488,1),(99,18,5217,0),(100,18,29212,1),(101,18,30112,2),(102,18,28687,0),(103,18,30901,0),(104,18,28661,2),(105,18,30469,0),(106,18,28603,1),(107,18,6202,0),(108,18,4479,0),(109,18,30991,0),(110,18,6437,0),(111,18,4053,0),(112,18,5061,0),(113,18,6060,0),(114,18,4564,0),(115,3,3246,2),(116,3,4570,2),(117,3,3115,0),(118,3,6204,1),(119,3,5937,1),(120,3,29174,0),(121,3,4937,2),(122,3,6125,0),(123,3,6390,1),(124,3,3504,1),(125,3,30290,0),(126,3,6220,1),(127,3,5908,1),(128,3,28513,0),(129,3,29287,0),(130,3,28772,1),(131,3,31097,0),(132,3,29170,2),(133,3,5377,2),(134,3,6414,1),(135,3,30728,0),(136,9,5299,1),(137,9,6298,1),(138,9,32080,2),(139,9,28844,1),(140,9,30195,1),(141,9,29563,1),(142,9,28920,0),(143,9,28665,0),(144,9,30608,0),(145,9,29210,2),(146,9,29453,1),(147,9,5339,2),(148,9,5544,3),(149,9,5915,1),(150,9,6138,1),(151,9,28730,0),(152,9,5527,2),(153,9,29067,0),(154,9,31006,1),(155,9,30729,0),(156,9,30418,0),(157,9,5465,0),(158,9,30115,0),(159,13,4262,1),(160,13,30951,0),(161,13,6389,1),(162,13,5879,0),(163,13,6300,1),(164,13,29646,3),(165,13,30621,0),(166,13,28802,1),(167,13,28962,0),(168,13,29173,0),(169,13,30361,0),(170,13,30350,0),(171,13,5402,0),(172,13,30635,1),(173,13,28694,0),(174,13,30534,0),(175,13,29691,0),(176,13,3971,1),(177,13,5940,0),(178,13,30399,0),(179,13,5986,0),(180,13,29694,2),(181,13,30811,0),(182,13,29256,0),(183,13,30475,0),(184,13,30011,0),(185,13,5403,0),(186,13,30820,0),(187,13,6307,0),(188,13,28501,0),(189,13,29152,0),(190,13,30366,0),(191,13,31015,0),(192,19,5031,2),(193,19,30466,1),(194,19,6089,0),(195,19,28670,3),(196,19,30004,0),(197,19,5036,2),(198,19,30519,0),(199,19,28954,1),(200,19,3507,1),(201,19,3425,0),(202,19,28899,2),(203,19,29611,1),(204,19,4416,0),(205,19,32557,0),(206,19,29113,0),(207,19,6488,0),(208,19,5217,0),(209,19,29212,1),(210,19,30112,0),(211,19,28687,0),(212,19,30901,1),(213,19,28661,0),(214,19,28705,0),(215,19,29236,0),(216,19,6060,0),(217,19,4053,0),(218,19,4479,0),(219,19,29168,0),(220,19,30469,0),(221,19,29949,0),(222,19,30991,0),(223,19,4564,0),(224,4,3246,2),(225,4,4570,1),(226,4,3115,1),(227,4,6204,1),(228,4,5937,0),(229,4,4937,2),(230,4,6390,0),(231,4,6125,1),(232,4,30290,1),(233,4,6220,1),(234,4,5908,0),(235,4,29170,2),(236,4,4727,0),(237,4,28513,1),(238,4,29287,1),(239,4,28772,1),(240,4,2604,0),(241,4,31097,0),(242,4,6414,1),(243,14,4262,1),(244,14,30951,1),(245,14,6389,2),(246,14,5879,1),(247,14,6300,2),(248,14,29646,1),(249,14,30621,1),(250,14,28802,0),(251,14,30209,1),(252,14,29173,0),(253,14,30361,0),(254,14,30080,0),(255,14,31996,0),(256,14,5642,0),(257,14,30350,0),(258,14,5402,0),(259,14,5384,0),(260,14,6449,0),(261,14,29691,2),(262,14,3971,2),(263,14,5940,0),(264,14,30399,3),(265,14,5986,2),(266,14,29694,1),(267,14,30475,2),(268,14,30011,1),(269,14,29185,0),(270,14,6307,0),(271,14,30820,0),(272,14,31992,0),(273,14,30358,0),(274,14,28501,0),(275,14,29152,0),(276,14,31015,0),(277,14,31945,0),(278,20,6488,0),(279,20,5217,1),(280,20,29212,0),(281,20,30112,1),(282,20,28687,1),(283,20,30901,0),(284,20,28661,0),(285,20,4564,0),(286,20,30469,0),(287,20,28603,0),(288,20,4514,0),(289,20,4479,0),(290,20,5061,0),(291,20,6437,0),(292,20,6060,0),(293,20,5388,0),(294,20,29168,0),(295,20,5031,1),(296,20,30466,0),(297,20,28670,0),(298,20,5036,1),(299,20,28954,1),(300,20,3507,1),(301,20,28899,0),(302,20,29611,0),(303,20,28668,0),(304,20,30004,0),(305,20,6489,0),(306,20,30442,0),(307,20,6370,0),(308,20,28985,0),(309,10,29453,0),(310,10,5339,0),(311,10,5544,1),(312,10,5915,0),(313,10,6138,1),(314,10,5527,2),(315,10,31006,0),(316,10,30729,0),(317,10,5465,0),(318,10,5299,1),(319,10,6298,0),(320,10,32080,1),(321,10,28844,0),(322,10,30195,0),(323,10,29563,2),(324,10,28920,1),(325,10,30608,0),(326,10,29210,0),(327,15,29691,2),(328,15,3971,2),(329,15,5940,3),(330,15,30358,0),(331,15,30399,1),(332,15,5986,0),(333,15,29694,2),(334,15,31992,0),(335,15,30475,1),(336,15,30011,1),(337,15,3610,2),(338,15,31945,0),(339,15,6307,0),(340,15,30650,0),(341,15,31015,0),(342,15,4262,1),(343,15,30951,0),(344,15,6389,2),(345,15,5879,0),(346,15,6300,0),(347,15,29646,3),(348,15,30621,0),(349,15,28802,0),(350,15,5842,0),(351,15,29173,0),(352,15,30361,0),(353,15,31996,1),(354,15,30080,0),(355,15,30350,0),(356,15,30534,0),(357,15,5402,0),(358,21,6488,2),(359,21,5217,1),(360,21,29212,3),(361,21,30112,0),(362,21,30901,0),(363,21,28687,1),(364,21,30567,1),(365,21,28661,1),(366,21,30469,0),(367,21,28705,0),(368,21,6060,0),(369,21,4233,0),(370,21,30991,0),(371,21,29236,0),(372,21,28603,2),(373,21,5031,1),(374,21,30466,2),(375,21,28670,2),(376,21,5036,1),(377,21,28954,0),(378,21,30004,0),(379,21,5902,1),(380,21,29611,1),(381,21,30465,1),(382,21,30171,0),(383,21,3425,0),(384,21,29113,0),(385,21,32557,0),(386,21,30519,0),(387,21,28699,0),(388,5,6220,2),(389,5,5908,0),(390,5,29170,0),(391,5,4727,0),(392,5,28513,1),(393,5,29287,0),(394,5,2604,0),(395,5,28772,1),(396,5,30728,1),(397,5,6414,1),(398,5,31097,1),(399,5,3246,2),(400,5,28951,0),(401,5,4570,0),(402,5,3115,0),(403,5,3504,2),(404,5,6204,0),(405,5,5937,1),(406,5,4937,0),(407,5,6125,0),(408,5,6390,2),(409,5,3953,0),(410,11,29453,1),(411,11,30418,0),(412,11,30729,1),(413,11,5544,1),(414,11,5915,2),(415,11,6138,1),(416,11,31006,2),(417,11,5527,0),(418,11,30115,1),(419,11,5339,1),(420,11,5299,1),(421,11,6298,2),(422,11,32080,1),(423,11,28844,0),(424,11,30195,1),(425,11,29563,1),(426,11,28920,1),(427,11,30608,1),(428,11,28665,0),(429,11,29210,0),(430,22,6488,0),(431,22,5217,1),(432,22,29212,2),(433,22,28603,0),(434,22,30112,1),(435,22,28687,2),(436,22,30901,0),(437,22,28661,1),(438,22,29168,0),(439,22,30469,2),(440,22,6202,0),(441,22,30991,0),(442,22,5061,0),(443,22,5388,0),(444,22,6060,0),(445,22,4564,0),(446,22,5031,2),(447,22,30466,1),(448,22,28670,2),(449,22,5036,2),(450,22,28954,1),(451,22,3507,2),(452,22,28899,0),(453,22,29611,1),(454,22,30004,1),(455,22,6089,0),(456,22,30196,0),(457,22,30171,0),(458,22,30519,0),(459,22,6489,0),(460,22,28985,0),(461,22,6370,0),(462,22,5902,0),(463,22,30442,0),(464,16,29691,0),(465,16,3971,0),(466,16,5940,0),(467,16,30399,2),(468,16,5986,0),(469,16,29694,1),(470,16,30475,0),(471,16,30011,0),(472,16,4789,0),(473,16,29152,0),(474,16,31015,0),(475,16,30820,0),(476,16,4262,1),(477,16,30951,0),(478,16,6389,1),(479,16,5879,1),(480,16,6300,0),(481,16,29646,0),(482,16,30621,0),(483,16,28802,0),(484,16,28895,0),(485,16,31996,0),(486,16,30209,0),(487,16,28694,0),(488,16,5402,0),(489,16,30534,0),(490,6,6220,2),(491,6,5908,2),(492,6,29170,0),(493,6,4727,0),(494,6,28513,0),(495,6,29287,1),(496,6,2604,1),(497,6,5377,0),(498,6,28772,0),(499,6,30728,1),(500,6,6414,0),(501,6,31097,1),(502,6,3246,2),(503,6,4570,1),(504,6,4937,1),(505,6,6204,0),(506,6,3115,1),(507,6,3953,0),(508,6,5937,0),(509,6,6390,0),(510,6,6125,0),(511,6,28951,2),(512,6,3504,0),(513,6,30290,0),(514,12,29453,2),(515,12,30418,1),(516,12,30729,0),(517,12,5544,0),(518,12,5915,1),(519,12,6138,1),(520,12,31006,1),(521,12,5527,1),(522,12,30115,0),(523,12,5339,2),(524,12,5299,0),(525,12,6298,0),(526,12,32080,1),(527,12,28920,0),(528,12,30195,0),(529,12,29563,1),(530,12,28844,1),(531,12,30608,0),(532,12,5860,0),(533,12,28665,0),(534,12,29210,1),(535,7,6220,1),(536,7,5908,0),(537,7,28513,0),(538,7,29170,0),(539,7,29287,1),(540,7,31097,0),(541,7,28772,0),(542,7,5377,1),(543,7,6414,1),(544,7,3246,0),(545,7,4570,1),(546,7,6204,0),(547,7,4937,1),(548,7,3504,1),(549,7,5937,0),(550,7,29174,0),(551,7,6125,2),(552,7,6390,0),(553,7,3953,0),(554,17,29691,0),(555,17,3971,3),(556,17,5940,1),(557,17,30936,0),(558,17,30399,0),(559,17,5986,0),(560,17,30811,0),(561,17,29694,2),(562,17,30475,3),(563,17,30011,2),(564,17,5403,0),(565,17,31992,0),(566,17,30358,0),(567,17,31945,0),(568,17,6307,0),(569,17,28501,0),(570,17,29152,0),(571,17,31015,0),(572,17,29256,0),(573,17,4262,1),(574,17,30951,2),(575,17,6389,2),(576,17,5879,1),(577,17,6300,2),(578,17,29646,0),(579,17,30621,0),(580,17,28802,3),(581,17,28962,0),(582,17,30361,0),(583,17,5384,0),(584,17,29173,0),(585,17,5842,0),(586,17,28694,0),(587,17,5402,0),(588,17,30534,0),(589,23,29453,2),(590,23,5339,0),(591,23,5544,1),(592,23,5915,2),(593,23,6138,3),(594,23,28730,0),(595,23,5527,3),(596,23,31006,1),(597,23,30729,1),(598,23,30418,0),(599,23,5465,1),(600,23,30115,1),(601,23,3246,1),(602,23,28951,0),(603,23,4570,4),(604,23,6204,0),(605,23,4937,1),(606,23,3504,2),(607,23,3115,0),(608,23,3953,0),(609,23,5937,1),(610,23,6125,0),(611,23,29174,0),(612,23,6390,2),(613,24,29453,1),(614,24,30418,1),(615,24,30729,1),(616,24,5544,2),(617,24,5915,0),(618,24,6138,0),(619,24,31006,0),(620,24,5527,2),(621,24,30115,0),(622,24,5339,1),(623,24,4570,0),(624,24,6204,0),(625,24,4937,1),(626,24,3504,1),(627,24,6390,0),(628,24,3115,1),(629,24,6125,0),(630,24,5937,1),(631,24,28951,0),(632,30,29691,1),(633,30,3971,1),(634,30,5940,1),(635,30,30399,0),(636,30,5986,1),(637,30,29694,1),(638,30,30475,2),(639,30,30011,1),(640,30,30820,0),(641,30,31992,0),(642,30,30366,0),(643,30,6307,0),(644,30,31945,0),(645,30,28501,0),(646,30,29152,0),(647,30,30358,0),(648,30,29256,0),(649,30,6488,1),(650,30,5217,2),(651,30,29212,0),(652,30,30112,0),(653,30,28687,1),(654,30,30901,1),(655,30,28661,1),(656,30,30469,1),(657,30,29949,0),(658,30,30991,0),(659,30,4479,0),(660,30,28705,0),(661,30,6437,0),(662,30,5061,0),(663,30,6060,0),(664,30,29236,0),(665,30,30567,0),(666,31,29691,0),(667,31,3971,2),(668,31,5940,1),(669,31,30399,0),(670,31,5986,1),(671,31,29694,0),(672,31,30475,0),(673,31,30011,0),(674,31,3610,1),(675,31,6307,0),(676,31,31992,0),(677,31,30650,0),(678,31,30811,0),(679,31,30738,0),(680,31,30366,0),(681,31,6488,2),(682,31,5217,2),(683,31,6437,1),(684,31,29212,1),(685,31,30112,1),(686,31,28687,0),(687,31,30901,2),(688,31,28661,1),(689,31,30469,0),(690,31,4514,1),(691,31,5061,0),(692,31,4479,1),(693,31,29168,0),(694,25,29174,0),(695,25,4570,2),(696,25,4937,1),(697,25,28951,0),(698,25,6204,1),(699,25,3504,0),(700,25,6390,0),(701,25,3953,0),(702,25,6125,0),(703,25,30290,1),(704,25,29453,1),(705,25,30418,1),(706,25,30729,1),(707,25,5544,1),(708,25,5915,0),(709,25,6138,1),(710,25,31006,0),(711,25,5527,0),(712,25,30115,1),(713,25,5339,1),(714,32,6488,1),(715,32,5217,2),(716,32,29212,2),(717,32,30112,1),(718,32,28687,0),(719,32,30901,0),(720,32,28661,0),(721,32,30469,2),(722,32,6202,1),(723,32,5388,0),(724,32,4479,0),(725,32,29236,0),(726,32,30991,0),(727,32,29691,1),(728,32,3971,0),(729,32,31015,1),(730,32,5940,0),(731,32,30399,0),(732,32,29152,0),(733,32,30811,0),(734,32,5986,1),(735,32,29694,2),(736,32,30475,0),(737,32,30011,1),(738,32,4789,0),(739,32,31945,0),(740,32,28501,0),(741,32,30358,0),(742,32,29256,0),(743,26,4570,0),(744,26,5937,1),(745,26,6204,0),(746,26,4937,0),(747,26,3504,0),(748,26,3115,0),(749,26,3953,0),(750,26,28951,0),(751,26,6390,0),(752,26,6125,0),(753,26,29174,0),(754,26,28577,0),(755,26,30290,1),(756,26,29453,2),(757,26,5339,2),(758,26,5544,1),(759,26,5915,2),(760,26,6138,2),(761,26,5527,2),(762,26,31006,3),(763,26,30729,2),(764,26,5465,0),(765,33,6488,2),(766,33,5217,2),(767,33,30112,0),(768,33,29212,1),(769,33,30567,0),(770,33,28687,1),(771,33,28661,0),(772,33,30469,0),(773,33,30991,0),(774,33,29236,0),(775,33,4053,0),(776,33,5061,0),(777,33,4479,0),(778,33,5388,0),(779,33,28705,0),(780,33,28603,0),(781,33,29691,2),(782,33,31015,1),(783,33,5940,2),(784,33,30811,0),(785,33,30399,1),(786,33,5986,2),(787,33,29694,1),(788,33,30475,1),(789,33,30011,2),(790,33,5403,0),(791,33,30358,0),(792,33,30650,0),(793,34,6488,0),(794,34,5217,1),(795,34,29212,2),(796,34,28603,0),(797,34,30112,1),(798,34,28687,0),(799,34,30901,0),(800,34,28661,0),(801,34,30469,1),(802,34,4233,1),(803,34,6060,0),(804,34,4479,0),(805,34,29168,0),(806,34,29691,1),(807,34,3971,1),(808,34,5940,0),(809,34,30399,1),(810,34,5986,2),(811,34,29694,1),(812,34,30475,1),(813,34,30011,0),(814,34,30820,0),(815,34,31992,0),(816,34,30358,0),(817,34,31945,0),(818,34,29152,0),(819,34,6307,0),(820,34,28501,0),(821,35,29691,0),(822,35,31015,1),(823,35,3971,1),(824,35,30399,1),(825,35,5986,0),(826,35,29694,0),(827,35,30475,1),(828,35,30011,1),(829,35,3610,0),(830,35,6307,0),(831,35,30738,0),(832,35,30358,0),(833,35,30650,0),(834,35,30366,0),(835,35,28501,0),(836,35,6488,0),(837,35,5217,2),(838,35,29212,2),(839,35,28603,0),(840,35,30112,0),(841,35,28687,1),(842,35,30901,2),(843,35,28661,1),(844,35,30469,0),(845,35,4514,0),(846,35,5061,0),(847,35,6060,0),(848,35,6437,1),(849,35,29168,0),(850,36,29691,1),(851,36,3971,1),(852,36,5940,1),(853,36,30399,0),(854,36,5986,4),(855,36,29694,0),(856,36,30475,0),(857,36,30936,0),(858,36,29256,0),(859,36,30011,0),(860,36,4789,0),(861,36,31992,0),(862,36,28501,0),(863,36,30811,0),(864,36,31945,0),(865,36,30358,0),(866,36,29152,0),(867,36,30650,0),(868,36,6307,0),(869,36,6488,2),(870,36,5217,3),(871,36,29212,1),(872,36,6060,0),(873,36,5388,0),(874,36,29168,0),(875,36,30112,1),(876,36,28687,2),(877,36,30901,2),(878,36,28661,1),(879,36,30469,1),(880,36,6202,1),(881,36,5061,0),(882,36,4479,0),(883,36,28603,0),(884,37,29453,2),(885,37,5339,1),(886,37,5544,1),(887,37,5915,1),(888,37,6138,2),(889,37,5527,1),(890,37,30729,0),(891,37,31006,0),(892,37,30115,0),(893,37,6341,0),(894,37,29067,0),(895,37,30494,0),(896,37,30418,0),(897,37,5504,0),(898,37,4588,0),(899,37,29966,0),(900,37,5178,0),(901,37,6488,2),(902,37,5217,2),(903,37,29212,4),(904,37,28603,0),(905,37,30112,2),(906,37,28687,0),(907,37,30901,0),(908,37,28661,0),(909,37,30469,0),(910,37,4233,1),(911,37,28705,0),(912,37,4479,0),(913,37,29236,0),(914,37,30991,0),(915,37,5061,0),(916,38,29453,0),(917,38,5339,1),(918,38,5544,0),(919,38,5915,0),(920,38,6138,1),(921,38,28730,0),(922,38,5527,0),(923,38,30729,0),(924,38,31006,0),(925,38,3950,0),(926,38,29235,0),(927,38,5465,0),(928,38,30370,0),(929,38,31816,0),(930,38,30418,0),(931,38,6488,0),(932,38,5217,0),(933,38,29212,1),(934,38,29168,0),(935,38,30112,1),(936,38,28687,1),(937,38,30901,0),(938,38,28661,2),(939,38,30469,0),(940,38,29949,0),(941,38,6437,0),(942,38,6060,0),(943,38,28603,0),(944,39,6488,0),(945,39,5217,0),(946,39,29212,2),(947,39,28603,0),(948,39,30112,0),(949,39,28687,2),(950,39,30901,0),(951,39,28661,1),(952,39,30567,0),(953,39,30469,2),(954,39,29453,1),(955,39,30418,0),(956,39,5544,1),(957,39,5915,0),(958,39,6138,0),(959,39,31006,0),(960,39,5527,0),(961,39,30115,1),(962,39,5339,2),(963,40,6488,0),(964,40,5217,2),(965,40,29212,1),(966,40,28603,0),(967,40,30112,1),(968,40,28687,1),(969,40,30901,1),(970,40,28661,1),(971,40,6437,1),(972,40,30469,1),(973,40,29453,0),(974,40,30418,0),(975,40,30729,0),(976,40,28730,0),(977,40,5544,1),(978,40,5915,0),(979,40,6138,2),(980,40,31006,1),(981,40,5527,0),(982,40,5339,1),(983,40,29067,0),(984,40,5465,0);
/*!40000 ALTER TABLE `appearances` ENABLE KEYS */;
UNLOCK TABLES;

--
-- Temporary table structure for view `availabilities`
--

DROP TABLE IF EXISTS `availabilities`;
/*!50001 DROP VIEW IF EXISTS `availabilities`*/;
SET @saved_cs_client     = @@character_set_client;
SET character_set_client = utf8;
/*!50001 CREATE TABLE `availabilities` (
  `user_id` smallint(5) unsigned,
  `team_id` smallint(5) unsigned,
  `player_id` mediumint(8) unsigned,
  `game_id` smallint(5) unsigned
) ENGINE=MyISAM */;
SET character_set_client = @saved_cs_client;

--
-- Table structure for table `games`
--

DROP TABLE IF EXISTS `games`;
/*!40101 SET @saved_cs_client     = @@character_set_client */;
/*!40101 SET character_set_client = utf8 */;
CREATE TABLE `games` (
  `id` smallint(5) unsigned NOT NULL AUTO_INCREMENT,
  `espn_id` int(10) unsigned DEFAULT NULL,
  `time` datetime DEFAULT NULL,
  `away_team_id` smallint(5) unsigned DEFAULT NULL,
  `home_team_id` smallint(5) unsigned DEFAULT NULL,
  `value` smallint(6) DEFAULT '1',
  `description` varchar(255) DEFAULT NULL,
  `final` smallint(6) DEFAULT '0',
  PRIMARY KEY (`id`),
  KEY `away_team_id` (`away_team_id`),
  KEY `home_team_id` (`home_team_id`),
  CONSTRAINT `games_ibfk_1` FOREIGN KEY (`away_team_id`) REFERENCES `teams` (`id`) ON UPDATE CASCADE,
  CONSTRAINT `games_ibfk_2` FOREIGN KEY (`home_team_id`) REFERENCES `teams` (`id`) ON UPDATE CASCADE
) ENGINE=InnoDB AUTO_INCREMENT=41 DEFAULT CHARSET=latin1;
/*!40101 SET character_set_client = @saved_cs_client */;

--
-- Dumping data for table `games`
--

LOCK TABLES `games` WRITE;
/*!40000 ALTER TABLE `games` DISABLE KEYS */;
INSERT INTO `games` VALUES (1,321005115,'2012-10-05 17:07:00',26,2,1,'NL Wild Card',1),(2,321005113,'2012-10-05 20:37:00',3,28,1,'AL Wild Card',1),(3,321007101,'2012-10-07 18:07:00',19,3,1,'ALDS Game 1',1),(4,321008101,'2012-10-08 20:07:00',19,3,1,'ALDS Game 2',1),(5,321010110,'2012-10-10 19:37:00',3,19,1,'ALDS Game 3',1),(6,321011110,'2012-10-11 19:37:00',3,19,1,'ALDS Game 4',1),(7,321012110,'2012-10-12 17:07:00',3,19,1,'ALDS Game 5',1),(8,321006106,'2012-10-06 18:07:00',20,10,1,'ALDS Game 1',1),(9,321007106,'2012-10-07 12:07:00',20,10,1,'ALDS Game 2',1),(10,321009111,'2012-10-09 21:07:00',10,20,1,'ALDS Game 3',1),(11,321010111,'2012-10-10 21:37:00',10,20,1,'ALDS Game 4',1),(12,321011111,'2012-10-11 21:37:00',10,20,1,'ALDS Game 5',1),(13,321007124,'2012-10-07 15:07:00',30,26,1,'NLDS Game 1',1),(14,321008124,'2012-10-08 16:37:00',30,26,1,'NLDS Game 2',1),(15,321010120,'2012-10-10 13:07:00',26,30,1,'NLDS Game 3',1),(16,321011120,'2012-10-11 16:07:00',26,30,1,'NLDS Game 4',1),(17,321012120,'2012-10-12 20:37:00',26,30,1,'NLDS Game 5',1),(18,321006126,'2012-10-06 21:37:00',7,24,1,'NLDS Game 1',1),(19,321007126,'2012-10-07 21:37:00',7,24,1,'NLDS Game 2',1),(20,321009117,'2012-10-09 17:37:00',24,7,1,'NLDS Game 3',1),(21,321010117,'2012-10-10 16:07:00',24,7,1,'NLDS Game 4',1),(22,321011117,'2012-10-11 13:07:00',24,7,1,'NLDS Game 5',1),(23,321013110,'2012-10-13 20:00:00',10,19,2,'ALCS Game 1',1),(24,321014110,'2012-10-14 16:00:00',10,19,2,'ALCS Game 2',1),(25,321016106,'2012-10-16 20:00:00',19,10,2,'ALCS Game 3',1),(26,321018106,'2012-10-18 16:00:00',19,10,2,'ALCS Game 4',1),(30,321014126,'2012-10-14 20:00:00',26,24,2,'NLCS Game 1',1),(31,321015126,'2012-10-15 20:00:00',26,24,2,'NLCS Game 2',1),(32,321017124,'2012-10-17 16:00:00',24,26,2,'NLCS Game 3',1),(33,321018124,'2012-10-18 20:00:00',24,26,2,'NLCS Game 4',1),(34,321019124,'2012-10-19 20:00:00',24,26,2,'NLCS Game 5',1),(35,321021126,'2012-10-21 19:30:00',26,24,2,'NLCS Game 6',1),(36,321022126,'2012-10-22 20:00:00',26,24,2,'NLCS Game 7',1),(37,321024126,'2012-10-24 20:00:00',10,24,4,'WS Game 1',1),(38,321025126,'2012-10-25 20:00:00',10,24,4,'WS Game 2',1),(39,321027106,'2012-10-27 20:00:00',24,10,4,'WS Game 3',1),(40,321028106,'2012-10-28 20:00:00',24,10,4,'WS Game 4',1);
/*!40000 ALTER TABLE `games` ENABLE KEYS */;
UNLOCK TABLES;

--
-- Table structure for table `picks`
--

DROP TABLE IF EXISTS `picks`;
/*!40101 SET @saved_cs_client     = @@character_set_client */;
/*!40101 SET character_set_client = utf8 */;
CREATE TABLE `picks` (
  `id` smallint(5) unsigned NOT NULL AUTO_INCREMENT,
  `user_id` smallint(5) unsigned DEFAULT NULL,
  `game_id` smallint(5) unsigned DEFAULT NULL,
  `player_id` mediumint(8) unsigned DEFAULT NULL,
  PRIMARY KEY (`id`),
  KEY `user_id` (`user_id`),
  KEY `game_id` (`game_id`),
  KEY `player_id` (`player_id`),
  CONSTRAINT `picks_ibfk_1` FOREIGN KEY (`user_id`) REFERENCES `users` (`id`) ON UPDATE CASCADE,
  CONSTRAINT `picks_ibfk_2` FOREIGN KEY (`game_id`) REFERENCES `games` (`id`) ON UPDATE CASCADE,
  CONSTRAINT `picks_ibfk_3` FOREIGN KEY (`player_id`) REFERENCES `players` (`id`) ON UPDATE CASCADE
) ENGINE=InnoDB AUTO_INCREMENT=686 DEFAULT CHARSET=latin1;
/*!40101 SET character_set_client = @saved_cs_client */;

--
-- Dumping data for table `picks`
--

LOCK TABLES `picks` WRITE;
/*!40000 ALTER TABLE `picks` DISABLE KEYS */;
INSERT INTO `picks` VALUES (1,9,1,5940),(2,1,1,29691),(3,9,2,29287),(4,9,8,5299),(5,9,18,28687),(6,16,1,3971),(7,16,2,4652),(8,16,8,29453),(9,16,18,30112),(10,16,13,5986),(11,16,9,5544),(12,16,19,28687),(13,14,1,29694),(14,14,2,6197),(15,7,1,29694),(16,7,2,28513),(17,7,8,28844),(18,7,18,5217),(19,12,1,30399),(20,4,2,3878),(21,4,1,5986),(22,2,1,5940),(23,2,2,29170),(24,5,1,6513),(25,5,2,28513),(26,3,1,3006),(27,3,2,28513),(28,3,8,5299),(29,3,18,6488),(30,15,1,30011),(31,15,2,6220),(32,1,2,29287),(33,19,1,6513),(34,19,2,3878),(35,19,8,5915),(36,19,18,30112),(37,15,18,30112),(38,15,8,29453),(39,12,2,28513),(40,13,2,6197),(41,13,1,3006),(42,8,1,30399),(43,8,2,28513),(44,17,1,29691),(45,17,2,6197),(46,6,1,5206),(47,6,2,6197),(48,20,1,6513),(49,20,2,6197),(50,20,8,6138),(51,20,18,28899),(52,6,8,30035),(53,6,18,30466),(54,10,1,5986),(55,10,2,31117),(56,10,8,6138),(57,10,18,29611),(58,11,1,30399),(59,11,2,5908),(60,11,8,29210),(61,11,18,6488),(62,18,2,28513),(63,9,9,5860),(64,9,19,30112),(65,5,8,29453),(66,5,18,6488),(67,11,9,32080),(68,11,13,31015),(69,11,3,6220),(70,16,3,28513),(71,16,14,30399),(72,16,4,29287),(73,16,20,29212),(74,16,10,32080),(75,11,19,30901),(76,17,8,32080),(77,17,18,28687),(78,18,8,29378),(79,2,8,32080),(80,2,18,29212),(81,13,8,32080),(82,13,18,29611),(83,1,18,30901),(84,1,8,30418),(85,14,8,30418),(86,14,18,28670),(87,4,8,5915),(88,4,18,28670),(89,18,18,28954),(90,18,9,5299),(91,19,9,32080),(92,19,13,30399),(93,6,9,30195),(94,6,19,29212),(95,6,3,29287),(96,6,13,30951),(97,6,14,29691),(98,6,4,29170),(99,7,9,5299),(100,7,13,3971),(101,7,3,5908),(102,7,19,29212),(103,1,9,5299),(104,1,13,3971),(105,1,3,6220),(106,1,19,6488),(107,12,9,32080),(108,12,13,5940),(109,12,3,31097),(110,12,19,6488),(111,15,9,32080),(112,15,13,3971),(113,15,3,28513),(114,15,19,29212),(115,18,13,5879),(116,18,3,6414),(117,18,19,28899),(118,5,9,5299),(119,5,13,29691),(120,4,9,32080),(121,4,13,5940),(122,4,3,4570),(123,4,19,6437),(124,2,9,29210),(125,2,13,5879),(126,2,19,5031),(127,2,3,29287),(128,17,9,5299),(129,8,9,5299),(130,8,13,29691),(131,8,3,31097),(132,8,19,28687),(133,19,3,3246),(134,19,19,30469),(135,14,13,5940),(136,17,13,30011),(137,20,13,6300),(138,20,3,6125),(139,20,19,28687),(140,13,13,3971),(141,13,3,28513),(142,13,19,5031),(143,5,3,4570),(144,5,19,28687),(145,17,19,29212),(146,9,14,29694),(147,9,4,4937),(148,9,20,5031),(149,9,10,30195),(150,2,14,3971),(151,2,4,31097),(152,18,14,29646),(153,18,4,28772),(154,17,14,30399),(155,17,4,6220),(156,13,14,5940),(157,13,4,29170),(158,5,14,29646),(159,5,4,29170),(160,3,14,5940),(161,3,4,29287),(162,3,20,30112),(163,3,10,32080),(164,3,5,4570),(165,15,14,5940),(166,15,4,29287),(167,10,14,30475),(168,10,4,29170),(169,12,14,29694),(170,12,4,6220),(171,10,20,29212),(172,10,10,29453),(173,20,14,4118),(174,20,4,4570),(175,20,20,30112),(176,20,10,32080),(177,4,20,30112),(178,4,10,5299),(179,4,14,31015),(180,4,4,28513),(181,14,14,30951),(182,14,4,3520),(183,14,20,30402),(184,14,10,5299),(185,14,5,3246),(186,14,11,31961),(187,15,20,28687),(188,15,10,28844),(189,19,14,3971),(190,19,4,28513),(191,1,14,30399),(192,1,4,5908),(193,11,14,30621),(194,11,4,6478),(195,11,20,5217),(196,11,10,6298),(197,11,5,29287),(198,11,11,5299),(199,11,15,30011),(200,11,21,28661),(201,9,15,3971),(202,9,21,28954),(203,8,4,29287),(204,8,5,28772),(205,8,20,30112),(206,8,21,29212),(207,8,10,30195),(208,8,15,5986),(209,6,20,30901),(210,6,10,29210),(211,2,20,30112),(212,2,10,28844),(213,14,15,3933),(214,14,21,30112),(215,19,20,28687),(216,19,10,30195),(217,18,20,6488),(218,18,10,28920),(219,5,20,30112),(220,5,10,32080),(221,17,20,30112),(222,17,10,6298),(223,15,15,29694),(224,15,5,29170),(225,9,5,28513),(226,9,11,29453),(227,9,6,6220),(228,9,12,6298),(229,13,20,30112),(230,13,10,28844),(231,13,15,5986),(232,19,15,29646),(233,16,15,29694),(234,16,21,4479),(235,16,5,31097),(236,3,15,3971),(237,1,20,30112),(238,1,10,32080),(239,12,10,5299),(240,7,10,30195),(241,6,15,30399),(242,6,21,5217),(243,6,5,5908),(244,6,11,5339),(245,2,15,4118),(246,2,21,4479),(247,2,5,6125),(248,2,11,5299),(249,20,15,5986),(250,20,21,5031),(251,20,5,3246),(252,20,11,5299),(253,19,21,6488),(254,19,5,5908),(255,19,11,6298),(256,5,15,5986),(257,5,21,5217),(258,5,11,30195),(259,5,5,6220),(260,18,15,5986),(261,18,21,30112),(262,18,5,3953),(263,18,11,30195),(264,1,15,30621),(265,15,21,6488),(266,15,11,30195),(267,17,15,29646),(268,17,21,6488),(269,17,5,4570),(270,17,11,29210),(271,16,11,30035),(272,12,15,4262),(273,12,21,30112),(274,12,5,5937),(275,12,11,29453),(276,3,21,29212),(277,3,11,30195),(278,4,15,3971),(279,4,21,28687),(280,4,5,2604),(281,4,11,5339),(282,13,21,29212),(283,13,5,3115),(284,13,11,30195),(285,14,22,6488),(286,14,16,3971),(287,14,6,30290),(288,1,5,4570),(289,1,11,6298),(290,7,5,29170),(291,7,11,32080),(292,10,11,5299),(293,10,22,5036),(294,10,16,29646),(295,10,6,28513),(296,10,12,28844),(297,10,7,5908),(298,10,17,6389),(299,6,22,28670),(300,6,16,6389),(301,6,6,6220),(302,6,12,5527),(303,9,22,28670),(304,9,16,30951),(305,9,7,31097),(306,9,17,4262),(307,15,22,28899),(308,15,16,6389),(309,15,6,31097),(310,15,12,5299),(311,1,22,5031),(312,1,16,30951),(313,1,6,28513),(314,1,12,29453),(315,18,22,5036),(316,16,22,6488),(317,16,16,30951),(318,16,6,6220),(319,16,12,29378),(320,16,7,6204),(321,16,17,5940),(322,5,22,28954),(323,5,16,6300),(324,5,6,3115),(325,5,12,30115),(326,20,22,28670),(327,20,16,3971),(328,20,6,3115),(329,20,12,6298),(330,2,22,28670),(331,2,16,30951),(332,2,6,6220),(333,2,12,5544),(334,18,16,4262),(335,18,6,6220),(336,18,12,6298),(337,11,22,5036),(338,17,22,5217),(339,17,16,30951),(340,4,22,29212),(341,17,6,28772),(342,17,12,29563),(343,4,16,6389),(344,4,6,29170),(345,4,12,5527),(346,19,22,29212),(347,19,16,6389),(348,19,6,6220),(349,19,12,29453),(350,12,22,29212),(351,12,16,6389),(352,12,6,29287),(353,12,12,5339),(354,6,7,31097),(355,6,17,29646),(356,8,22,5036),(357,7,22,30112),(358,8,16,29646),(359,7,16,30399),(360,7,6,6220),(361,8,6,4937),(362,7,12,29453),(363,8,12,6138),(364,14,12,5544),(365,3,16,29694),(366,3,6,3115),(367,3,12,29453),(368,11,16,6300),(369,11,6,31097),(370,11,12,30195),(371,13,6,3246),(372,13,12,5544),(373,19,17,30951),(374,19,7,31097),(375,12,7,4570),(376,12,17,29646),(377,5,7,5908),(378,5,17,29694),(379,15,7,4570),(380,15,17,29646),(381,17,7,28951),(382,17,17,5879),(383,20,7,5908),(384,20,17,29646),(385,3,7,3246),(386,3,17,31015),(387,1,7,3953),(388,1,17,29694),(389,7,7,31097),(390,7,17,29691),(391,18,7,6478),(392,14,7,2604),(393,14,17,5879),(394,18,17,5402),(395,8,7,3246),(396,8,17,29694),(397,4,7,3246),(398,11,7,5937),(399,11,17,29646),(400,10,23,5527),(401,10,24,4570),(402,10,30,28661),(403,10,31,30901),(404,15,23,3246),(405,12,23,6138),(406,5,23,6138),(407,19,23,6138),(408,15,30,30475),(409,15,24,6125),(410,15,31,4564),(411,20,23,4937),(412,20,24,5544),(413,20,30,5940),(414,16,23,3246),(415,16,24,6125),(416,16,30,31015),(417,16,31,29691),(418,16,25,4937),(419,18,23,6138),(420,4,23,5937),(421,11,23,3504),(422,11,24,31006),(423,11,30,29691),(424,11,31,30469),(425,1,23,6138),(426,17,23,6125),(427,13,23,28730),(428,13,24,5937),(429,9,23,30729),(430,9,24,5915),(431,9,30,29212),(432,6,24,3504),(433,6,30,29694),(434,6,31,3971),(435,6,25,4937),(436,6,26,4570),(437,6,32,28661),(438,6,33,28687),(440,12,24,4937),(441,12,30,5986),(442,19,24,4570),(443,19,30,29694),(444,18,24,4570),(445,18,30,29691),(446,1,24,5937),(447,1,30,30011),(448,5,24,6390),(449,17,24,6390),(450,17,30,28661),(451,5,30,30399),(452,12,31,5217),(453,19,31,30901),(454,20,31,5217),(455,15,25,4937),(456,15,26,3504),(457,3,31,30475),(458,3,25,3504),(459,3,32,5986),(460,3,26,4937),(462,3,33,30399),(463,17,31,30901),(464,8,31,6488),(465,11,25,6390),(466,11,32,3971),(467,11,26,4570),(468,5,31,30475),(469,7,31,28687),(470,7,25,4937),(471,7,32,5986),(472,7,26,3504),(474,7,33,5940),(475,7,34,6488),(477,7,35,6307),(479,7,36,30475),(480,4,31,30475),(481,14,31,30399),(482,14,25,4937),(483,14,32,4118),(484,14,26,3953),(486,14,33,4479),(487,1,31,28661),(488,18,31,3971),(489,19,25,6204),(490,19,32,29691),(491,19,26,4937),(492,10,25,6390),(493,9,25,6204),(494,9,32,29691),(495,9,26,4570),(496,20,25,6204),(497,3,34,29691),(498,5,25,5527),(499,18,25,3115),(500,17,25,3504),(501,15,32,30469),(502,1,25,6125),(504,11,33,29694),(505,11,34,30112),(506,13,25,6204),(507,4,25,4937),(508,12,25,6390),(509,12,26,6204),(510,12,32,30475),(511,20,32,30901),(512,5,32,28661),(513,5,26,4937),(514,16,32,30901),(515,16,26,4570),(517,16,33,28661),(518,16,34,30469),(519,4,26,3504),(520,4,32,28661),(521,1,32,5217),(522,1,26,4937),(523,8,32,5217),(524,8,26,6204),(525,17,32,29694),(526,10,32,3971),(527,10,26,6125),(529,10,33,30469),(530,18,32,5217),(531,13,26,4937),(533,9,33,30011),(534,9,34,30901),(536,10,34,6488),(537,12,33,30901),(538,15,33,30901),(539,20,26,5937),(540,20,33,29691),(541,19,33,5217),(542,18,26,3504),(543,18,33,4564),(544,17,26,6204),(545,17,33,30469),(546,5,33,30469),(547,1,33,31015),(548,8,33,28661),(549,8,34,30901),(550,13,33,6488),(551,6,34,30112),(552,14,34,5986),(553,11,35,29212),(554,6,35,6488),(555,6,36,30475),(556,6,37,6138),(557,6,38,30469),(558,6,39,5544),(559,20,34,29212),(560,15,34,5217),(561,19,34,28661),(562,17,34,5986),(563,16,35,30402),(564,16,36,30011),(565,5,34,30901),(566,3,37,6138),(567,3,38,5527),(568,3,39,5544),(569,3,40,5915),(573,1,34,29212),(574,18,34,28687),(575,12,34,28687),(576,10,37,5544),(577,10,38,5915),(578,10,39,5339),(579,10,40,31006),(583,4,34,28603),(584,10,35,5217),(585,10,36,5940),(586,12,35,30469),(587,1,35,28687),(588,17,35,5940),(589,20,35,30399),(590,15,35,4479),(591,5,35,29212),(592,19,35,30475),(593,4,35,5217),(594,18,35,29212),(595,11,36,6307),(596,11,37,5544),(597,11,38,6138),(598,11,39,5915),(599,11,40,5339),(601,15,36,29691),(602,20,36,6307),(603,3,36,6307),(604,18,36,29694),(605,17,36,31015),(606,19,36,5986),(607,5,36,30011),(608,8,36,30475),(609,1,36,30475),(610,12,36,30011),(611,15,37,5544),(612,15,38,5915),(613,15,39,6138),(614,20,37,5339),(615,20,38,5915),(616,20,39,29453),(617,19,37,5544),(618,19,38,5339),(619,19,39,5527),(620,19,40,30418),(621,17,37,29453),(622,17,38,5544),(623,17,39,5915),(624,17,40,6138),(628,6,40,5915),(632,5,37,5544),(633,9,37,6138),(634,9,38,28661),(635,9,39,5544),(636,9,40,5527),(640,1,37,5544),(641,18,37,5527),(642,16,37,5915),(643,16,38,6138),(644,16,39,5217),(645,16,40,4564),(649,13,37,6138),(650,7,37,6138),(651,7,38,5544),(652,7,39,5915),(653,7,40,5527),(657,14,37,5915),(658,14,38,28687),(659,14,39,5217),(660,14,40,29067),(664,8,37,5544),(665,8,38,5915),(666,8,39,29453),(667,8,40,30115),(668,12,37,28661),(669,15,40,5339),(670,12,38,5544),(671,1,38,5915),(672,18,38,5915),(673,5,38,5915),(674,13,38,5915),(675,20,40,6488),(676,5,39,30418),(677,12,39,5915),(678,1,39,31006),(679,13,39,5217),(680,5,40,5339),(681,1,40,5339),(683,18,40,5544),(685,12,40,30115);
/*!40000 ALTER TABLE `picks` ENABLE KEYS */;
UNLOCK TABLES;

--
-- Table structure for table `players`
--

DROP TABLE IF EXISTS `players`;
/*!40101 SET @saved_cs_client     = @@character_set_client */;
/*!40101 SET character_set_client = utf8 */;
CREATE TABLE `players` (
  `id` mediumint(8) unsigned NOT NULL,
  `team_id` smallint(5) unsigned DEFAULT NULL,
  `name` varchar(255) DEFAULT NULL,
  `position` varchar(2) DEFAULT NULL,
  `bats` char(1) DEFAULT NULL,
  `throws` char(1) DEFAULT NULL,
  PRIMARY KEY (`id`),
  KEY `team_id` (`team_id`),
  CONSTRAINT `players_ibfk_1` FOREIGN KEY (`team_id`) REFERENCES `teams` (`id`) ON UPDATE CASCADE
) ENGINE=InnoDB DEFAULT CHARSET=latin1;
/*!40101 SET character_set_client = @saved_cs_client */;

--
-- Dumping data for table `players`
--

LOCK TABLES `players` WRITE;
/*!40000 ALTER TABLE `players` DISABLE KEYS */;
INSERT INTO `players` VALUES (2149,29,'Omar Vizquel','2B','B','R'),(2604,3,'Jim Thome','DH','L','R'),(2657,2,'Miguel Batista','RP','R','R'),(2969,29,'Darren Oliver','RP','R','L'),(3006,2,'Chipper Jones','3B','B','R'),(3115,19,'Alex Rodriguez','3B','R','R'),(3171,19,'Andy Pettitte','SP','L','L'),(3176,13,'LaTroy Hawkins','RP','R','R'),(3226,9,'Jason Giambi','1B','L','R'),(3246,19,'Derek Jeter','SS','R','R'),(3289,13,'Jason Isringhausen','RP','R','R'),(3425,7,'Miguel Cairo','1B','R','R'),(3489,14,'Jamey Wright','RP','R','R'),(3504,19,'Raul Ibanez','LF','L','R'),(3507,7,'Scott Rolen','3B','R','R'),(3520,19,'Andruw Jones','LF','R','R'),(3537,14,'Bobby Abreu','LF','L','R'),(3573,16,'Livan Hernandez','RP','R','R'),(3610,26,'Chris Carpenter','SP','R','R'),(3640,19,'Derek Lowe','RP','R','R'),(3685,23,'Mark Kotsay','LF','L','L'),(3687,25,'Kevin Millwood','SP','R','R'),(3723,13,'Torii Hunter','RF','R','R'),(3747,6,'Paul Konerko','1B','R','R'),(3845,28,'Ryan Dempster','SP','R','R'),(3853,16,'Aramis Ramirez','3B','R','R'),(3878,28,'Adrian Beltre','3B','R','R'),(3888,21,'Placido Polanco','3B','R','R'),(3926,12,'Bruce Chen','SP','L','L'),(3933,30,'Mark DeRosa','LF','R','R'),(3948,6,'A.J. Pierzynski','C','L','R'),(3950,10,'Octavio Dotel','RP','R','R'),(3953,19,'Eric Chavez','3B','L','R'),(3971,26,'Carlos Beltran','RF','B','R'),(3973,21,'Roy Halladay','SP','R','R'),(3985,9,'Rafael Betancourt','RP','R','R'),(3993,5,'Alfonso Soriano','LF','R','R'),(4000,15,'Carlos Lee','1B','R','R'),(4007,19,'Freddy Garcia','SP','R','R'),(4044,28,'Joe Nathan','RP','R','R'),(4049,27,'Kyle Farnsworth','RP','R','R'),(4053,24,'Guillermo Mota','RP','R','R'),(4084,2,'Tim Hudson','SP','R','R'),(4096,4,'Vicente Padilla','RP','R','R'),(4097,9,'Ramon Hernandez','C','R','R'),(4108,1,'John McDonald','SS','R','R'),(4115,24,'Brad Penny','RP','R','R'),(4118,26,'Lance Berkman','1B','B','L'),(4153,22,'A.J. Burnett','SP','R','R'),(4166,13,'Vernon Wells','LF','R','R'),(4169,27,'Jose Molina','C','R','R'),(4207,22,'Rod Barajas','C','R','R'),(4210,2,'Chad Durbin','RP','R','R'),(4233,24,'Barry Zito','SP','L','L'),(4242,14,'Josh Beckett','SP','R','R'),(4258,21,'Jimmy Rollins','SS','B','R'),(4262,30,'Jayson Werth','RF','R','R'),(4281,6,'Dewayne Wise','CF','L','L'),(4286,13,'Scott Downs','RP','L','L'),(4350,22,'Jason Grilli','RP','R','R'),(4405,4,'Scott Podsednik','LF','L','L'),(4416,7,'Bronson Arroyo','SP','R','R'),(4422,26,'Jake Westbrook','SP','R','R'),(4440,14,'Randy Choate','RP','L','L'),(4454,15,'Mark Buehrle','SP','L','L'),(4479,24,'Aubrey Huff','1B','L','R'),(4486,21,'Juan Pierre','LF','L','L'),(4499,15,'Carlos Zambrano','SP','B','R'),(4514,24,'Ryan Vogelsong','SP','R','R'),(4553,19,'CC Sabathia','SP','L','L'),(4564,24,'Xavier Nady','LF','R','R'),(4566,28,'Michael Young','DH','R','R'),(4568,16,'Yorvit Torrealba','C','R','R'),(4570,19,'Ichiro Suzuki','LF','L','R'),(4571,2,'Ben Sheets','SP','R','R'),(4572,18,'Jon Rauch','RP','R','R'),(4574,13,'Albert Pujols','1B','R','R'),(4575,28,'Roy Oswalt','SP','R','R'),(4588,10,'Joaquin Benoit','RP','R','R'),(4594,27,'Carlos Pena','1B','L','L'),(4598,2,'Lyle Overbay','1B','L','L'),(4600,19,'Rafael Soriano','RP','R','R'),(4603,1,'Willie Bloomquist','SS','R','R'),(4606,2,'Eric Hinske','LF','L','R'),(4652,28,'Josh Hamilton','CF','L','L'),(4657,14,'Juan Uribe','3B','R','R'),(4695,18,'R.A. Dickey','SP','R','R'),(4727,3,'Endy Chavez','LF','L','L'),(4752,8,'Travis Hafner','DH','L','R'),(4755,4,'Scott Atchison','RP','R','R'),(4762,4,'Aaron Cook','SP','R','R'),(4789,26,'Kyle Lohse','SP','R','R'),(4808,6,'Adam Dunn','DH','L','R'),(4811,20,'Grant Balfour','RP','R','R'),(4830,29,'Brandon Lyon','RP','R','R'),(4937,19,'Mark Teixeira','1B','B','R'),(4945,1,'Cody Ransom','3B','R','R'),(4946,14,'Nick Punto','3B','B','R'),(4956,14,'Juan Rivera','1B','R','R'),(4968,3,'Wilson Betemit','3B','B','R'),(5012,15,'Austin Kearns','LF','R','R'),(5017,6,'Brett Myers','RP','R','R'),(5019,6,'Jake Peavy','SP','R','R'),(5026,13,'Jerome Williams','SP','R','R'),(5029,6,'Orlando Hudson','3B','B','R'),(5031,7,'Brandon Phillips','2B','R','R'),(5036,7,'Ryan Ludwick','LF','R','L'),(5061,24,'Jeremy Affeldt','RP','L','L'),(5086,14,'Mark Ellis','2B','R','R'),(5089,18,'Andres Torres','CF','B','R'),(5111,27,'Fernando Rodney','RP','R','R'),(5176,21,'Ty Wigginton','1B','R','R'),(5178,10,'Ramon Santiago','2B','B','R'),(5181,14,'Aaron Harang','SP','R','R'),(5192,25,'Oliver Perez','RP','L','L'),(5206,2,'David Ross','C','R','R'),(5217,24,'Marco Scutaro','2B','R','R'),(5219,1,'Wil Nieves','C','R','R'),(5299,20,'Coco Crisp','CF','B','R'),(5302,25,'Chone Figgins','LF','B','R'),(5311,3,'Bill Hall','LF','R','R'),(5339,10,'Omar Infante','2B','R','R'),(5342,24,'Shane Loux','RP','R','R'),(5349,17,'Jamey Carroll','2B','R','R'),(5353,21,'Cliff Lee','SP','L','L'),(5355,25,'Miguel Olivo','C','R','R'),(5357,16,'Francisco Rodriguez','RP','R','R'),(5370,12,'Jeremy Guthrie','SP','R','R'),(5371,2,'Jeff Baker','1B','R','R'),(5375,6,'Kevin Youkilis','3B','R','R'),(5377,3,'Lew Ford','LF','R','R'),(5378,17,'Joe Mauer','C','L','R'),(5379,17,'Justin Morneau','1B','L','R'),(5383,21,'Chase Utley','2B','L','R'),(5384,30,'Sean Burnett','RP','L','L'),(5388,24,'Javier Lopez','RP','L','L'),(5389,3,'Luis Ayala','RP','R','R'),(5401,18,'Scott Hairston','LF','R','R'),(5402,30,'Chad Tracy','1B','L','R'),(5403,26,'Adam Wainwright','SP','R','R'),(5404,4,'Cody Ross','RF','R','L'),(5405,14,'Adrian Gonzalez','1B','L','L'),(5407,15,'John Buck','C','R','R'),(5409,14,'Shane Victorino','LF','B','R'),(5411,15,'Jose Reyes','SS','B','R'),(5452,2,'Reed Johnson','RF','R','R'),(5465,10,'Gerald Laird','C','R','R'),(5469,14,'Chris Capuano','SP','L','L'),(5496,18,'Jason Bay','LF','R','R'),(5498,11,'Edgar Gonzalez','SP','R','R'),(5504,10,'Jose Valverde','RP','R','R'),(5508,6,'Ray Olmedo','SS','B','R'),(5527,10,'Jhonny Peralta','SS','R','R'),(5544,10,'Miguel Cabrera','3B','R','R'),(5565,13,'Dan Haren','SP','R','R'),(5576,21,'Laynce Nix','LF','L','L'),(5580,22,'Kevin Correia','SP','R','R'),(5627,15,'Chad Gaudin','RP','R','R'),(5640,1,'J.J. Putz','RP','R','R'),(5642,30,'Mike Gonzalez','RP','R','L'),(5650,6,'Matt Thornton','RP','L','L'),(5652,16,'Rickie Weeks','2B','R','R'),(5798,22,'Clint Barmes','SS','R','R'),(5799,5,'David DeJesus','RF','L','L'),(5829,9,'Matt Belisle','RP','R','R'),(5842,30,'Edwin Jackson','SP','R','R'),(5860,20,'Jonny Gomes','DH','R','R'),(5879,30,'Adam LaRoche','1B','L','L'),(5880,6,'Alex Rios','RF','R','R'),(5883,13,'Zack Greinke','SP','R','R'),(5886,27,'Rich Thompson','LF','L','R'),(5901,4,'Guillermo Quiroz','C','R','R'),(5902,7,'Dioner Navarro','C','B','R'),(5904,29,'Edwin Encarnacion','1B','R','R'),(5905,6,'Jesse Crain','RP','R','R'),(5906,9,'Jorge De La Rosa','SP','L','L'),(5908,3,'J.J. Hardy','SS','R','R'),(5915,10,'Prince Fielder','1B','L','R'),(5918,8,'Casey Kotchman','1B','L','L'),(5921,29,'Jeff Mathis','C','R','R'),(5922,6,'Gavin Floyd','SP','R','R'),(5930,5,'Shawn Camp','RP','R','R'),(5933,19,'David Aardsma','RP','R','R'),(5937,19,'Nick Swisher','RF','B','L'),(5938,29,'Jason Frasor','RP','R','R'),(5940,26,'Matt Holliday','LF','R','R'),(5963,18,'Frank Francisco','RP','R','R'),(5969,28,'Mike Adams','RP','R','R'),(5970,27,'B.J. Upton','CF','R','R'),(5971,5,'Justin Germano','SP','R','R'),(5973,16,'Corey Hart','1B','R','R'),(5984,14,'Matt Treanor','C','R','R'),(5986,26,'Yadier Molina','C','R','R'),(5993,29,'Shawn Hill','SP','R','R'),(5998,14,'Matt Guerrier','RP','R','R'),(6018,20,'Travis Blackley','SP','L','L'),(6024,17,'Josh Willingham','LF','R','R'),(6034,22,'Chad Qualls','RP','R','R'),(6035,18,'David Wright','3B','R','R'),(6038,9,'Jeff Francis','SP','L','L'),(6048,6,'Jose Lopez','3B','R','R'),(6060,24,'Santiago Casilla','RP','R','R'),(6070,11,'Chris Snyder','C','R','R'),(6073,18,'Chris Young','SP','R','R'),(6076,27,'Jeff Keppinger','3B','R','R'),(6084,15,'Heath Bell','RP','R','R'),(6087,13,'Maicer Izturis','3B','B','R'),(6088,21,'Pete Orr','2B','L','R'),(6089,7,'Wilson Valdez','SS','R','R'),(6096,6,'Dan Johnson','1B','L','R'),(6097,21,'Ryan Howard','1B','L','L'),(6099,15,'Greg Dobbs','3B','L','R'),(6102,1,'Jason Kubel','LF','L','R'),(6125,19,'Curtis Granderson','CF','L','R'),(6130,15,'Donnie Murphy','3B','R','R'),(6132,14,'Joe Blanton','SP','R','R'),(6135,14,'Brandon League','RP','R','R'),(6136,16,'Kameron Loe','RP','R','R'),(6138,10,'Delmon Young','DH','R','R'),(6175,23,'Huston Street','RP','R','R'),(6188,13,'Kendrys Morales','DH','B','R'),(6190,1,'Aaron Hill','2B','R','R'),(6191,20,'Brandon McCarthy','SP','R','R'),(6192,23,'Carlos Quentin','LF','R','R'),(6194,25,'Felix Hernandez','SP','R','R'),(6195,14,'Hanley Ramirez','SS','R','R'),(6197,28,'Ian Kinsler','2B','R','R'),(6200,18,'Kelly Shoppach','C','R','R'),(6202,24,'Matt Cain','SP','R','R'),(6204,19,'Robinson Cano','2B','L','R'),(6205,8,'Shin-Soo Choo','RF','L','L'),(6209,30,'Chien-Ming Wang','SP','R','R'),(6211,6,'Francisco Liriano','SP','L','L'),(6216,21,'Cole Hamels','SP','L','L'),(6219,30,'Zach Duke','SP','L','L'),(6220,3,'Nate McLouth','LF','L','R'),(6229,27,'Luke Scott','DH','L','R'),(6242,28,'Nelson Cruz','RF','R','R'),(6243,27,'Jeff Niemann','SP','R','R'),(6254,18,'Ronny Cedeno','SS','R','R'),(6262,20,'Jeremy Accardo','RP','R','R'),(6280,13,'Ervin Santana','SP','R','R'),(6285,12,'Brayan Pena','C','B','R'),(6286,22,'Wandy Rodriguez','SP','B','L'),(6287,27,'Joel Peralta','RP','R','R'),(6295,29,'Kelly Johnson','2B','L','R'),(6298,20,'Stephen Drew','SS','L','R'),(6300,30,'Michael Morse','LF','R','R'),(6304,17,'Ryan Doumit','C','B','R'),(6307,26,'Skip Schumaker','2B','L','R'),(6309,2,'Brian McCann','C','L','R'),(6311,13,'C.J. Wilson','SP','L','L'),(6312,27,'J.P. Howell','RP','L','L'),(6321,4,'Rich Hill','RP','L','L'),(6340,22,'Chris Resop','RP','R','R'),(6341,10,'Justin Verlander','SP','R','R'),(6342,24,'Eli Whiteside','C','R','R'),(6345,12,'Jeff Francoeur','RF','R','R'),(6348,15,'Adam Greenberg','LF','L','L'),(6352,25,'Jason Vargas','SP','L','L'),(6356,8,'Roberto Hernandez','SP','R','R'),(6358,24,'Clay Hensley','RP','R','R'),(6365,4,'Craig Breslow','RP','L','L'),(6370,7,'Jonathan Broxton','RP','R','R'),(6373,21,'Jonathan Papelbon','RP','R','R'),(6374,3,'Omar Quintanilla','2B','L','R'),(6383,3,'Joe Saunders','SP','L','L'),(6384,28,'Scott Feldman','SP','L','R'),(6385,1,'Mike Jacobs','1B','L','R'),(6389,30,'Ryan Zimmerman','3B','R','R'),(6390,19,'Russell Martin','C','R','R'),(6393,4,'Dustin Pedroia','2B','R','R'),(6396,12,'Billy Butler','DH','R','R'),(6397,20,'Daric Barton','1B','L','R'),(6398,2,'Paul Maholm','SP','L','L'),(6401,23,'Edinson Volquez','SP','R','R'),(6408,25,'Franklin Gutierrez','CF','R','R'),(6414,3,'Robert Andino','2B','R','R'),(6427,16,'Shaun Marcum','SP','R','R'),(6428,28,'Geovany Soto','C','R','R'),(6431,23,'Chris Denorfia','RF','R','R'),(6435,15,'Josh Johnson','SP','L','R'),(6437,24,'Ryan Theriot','2B','R','R'),(6449,30,'Tom Gorzelanny','RP','L','L'),(6450,17,'Matt Capps','RP','R','R'),(6455,23,'Cameron Maybin','CF','R','R'),(6462,2,'Dan Uggla','2B','R','R'),(6470,24,'Yusmeiro Petit','RP','R','R'),(6472,10,'Anibal Sanchez','SP','R','R'),(6478,3,'Nick Markakis','RF','L','L'),(6479,13,'Jered Weaver','SP','R','R'),(6480,3,'Jason Hammel','SP','R','R'),(6481,14,'Andre Ethier','RF','L','L'),(6482,17,'Glen Perkins','RP','L','L'),(6486,19,'Boone Logan','RP','R','L'),(6488,24,'Angel Pagan','CF','B','R'),(6489,7,'Sean Marshall','RP','L','L'),(6491,15,'Ricky Nolasco','SP','R','R'),(6497,4,'James Loney','1B','L','L'),(6498,1,'Takashi Saito','RP','L','R'),(6500,2,'Peter Moylan','RP','R','R'),(6503,18,'Ramon Ramirez','RP','R','R'),(6509,16,'Travis Ishikawa','1B','L','L'),(6513,2,'Martin Prado','LF','R','R'),(6514,1,'Chris Young','CF','R','R'),(6522,13,'Erick Aybar','SS','B','R'),(6524,13,'Howard Kendrick','2B','R','R'),(6526,29,'Casey Janssen','RP','R','R'),(6528,21,'Kevin Frandsen','3B','R','R'),(28444,28,'Mike Napoli','C','R','R'),(28447,21,'Carlos Ruiz','C','R','R'),(28466,29,'Carlos Villanueva','RP','R','R'),(28468,8,'Jack Hannahan','3B','L','R'),(28474,27,'James Shields','SP','R','R'),(28476,14,'Matt Kemp','CF','R','R'),(28486,5,'Carlos Marmol','RP','R','R'),(28487,4,'Jon Lester','SP','L','L'),(28489,20,'Pat Neshek','RP','B','R'),(28498,16,'Jose Veras','RP','R','R'),(28501,26,'Edward Mujica','RP','R','R'),(28506,25,'Josh Kinney','RP','R','R'),(28511,28,'Mark Lowe','RP','L','R'),(28513,3,'Adam Jones','CF','R','R'),(28522,5,'Manny Corpas','RP','R','R'),(28525,1,'Matt Albers','RP','L','R'),(28531,3,'Jim Johnson','RP','R','R'),(28532,27,'Ryan Roberts','2B','R','R'),(28535,2,'Michael Bourn','CF','L','R'),(28536,27,'Ben Zobrist','RF','B','R'),(28541,13,'Alberto Callaspo','3B','B','R'),(28545,29,'Rajai Davis','LF','R','R'),(28549,2,'Eric O\'Flaherty','RP','L','L'),(28552,22,'Jeff Karstens','SP','R','R'),(28561,13,'Chris Iannetta','C','R','R'),(28563,4,'Andrew Miller','RP','L','L'),(28573,8,'Vinny Rottino','LF','R','R'),(28574,18,'Fred Lewis','OF','L','R'),(28575,17,'Alexi Casilla','2B','B','R'),(28577,19,'Chris Stewart','C','R','R'),(28579,29,'Adam Lind','1B','L','L'),(28582,28,'David Murphy','LF','L','L'),(28586,1,'Miguel Montero','C','L','R'),(28589,11,'Scott Moore','3B','L','R'),(28591,23,'Eric Stults','SP','L','L'),(28596,6,'Philip Humber','SP','R','R'),(28603,24,'Joaquin Arias','3B','R','R'),(28610,18,'Justin Hampson','RP','L','L'),(28619,6,'Hector Gimenez','C','B','R'),(28625,8,'Ubaldo Jimenez','SP','R','R'),(28631,4,'Daisuke Matsuzaka','SP','R','R'),(28636,12,'Alex Gordon','LF','L','R'),(28637,4,'Jacoby Ellsbury','CF','L','L'),(28638,19,'Phil Hughes','SP','R','R'),(28639,27,'Evan Longoria','3B','R','R'),(28643,12,'Luke Hochevar','SP','R','R'),(28647,22,'Jeff Clement','1B','L','R'),(28650,16,'Yovani Gallardo','SP','R','R'),(28658,9,'Carlos Gonzalez','LF','L','L'),(28661,24,'Gregor Blanco','RF','L','L'),(28662,29,'Yunel Escobar','SS','R','R'),(28663,4,'Jarrod Saltalamacchia','C','B','R'),(28665,20,'George Kottaras','C','L','R'),(28668,7,'Homer Bailey','SP','R','R'),(28670,7,'Joey Votto','1B','L','R'),(28671,8,'Asdrubal Cabrera','SS','B','R'),(28672,27,'Ben Francisco','LF','R','R'),(28673,8,'Tony Sipp','RP','L','L'),(28682,1,'Matt Lindstrom','RP','R','R'),(28686,3,'Troy Patton','RP','B','L'),(28687,24,'Hunter Pence','RF','R','R'),(28694,30,'Tyler Clippard','RP','R','R'),(28699,7,'Alfredo Simon','RP','R','R'),(28701,22,'Andrew McCutchen','CF','R','R'),(28703,5,'Bryan LaHair','1B','L','R'),(28705,24,'Tim Lincecum','SP','L','R'),(28707,27,'Reid Brignac','SS','L','R'),(28714,30,'Jesus Flores','C','R','R'),(28715,22,'Joel Hanrahan','RP','R','R'),(28721,16,'Ryan Braun','LF','R','R'),(28728,6,'Alejandro De Aza','CF','L','L'),(28729,8,'Joe Smith','RP','R','R'),(28730,10,'Don Kelly','RF','L','R'),(28733,17,'Jared Burton','RP','R','R'),(28734,29,'Brandon Morrow','SP','R','R'),(28738,22,'Rick VandenHurk','P','R','R'),(28762,16,'Carlos Gomez','CF','R','R'),(28763,22,'Garrett Jones','1B','L','L'),(28772,3,'Mark Reynolds','1B','R','R'),(28777,12,'Tony Abreu','3B','B','R'),(28782,1,'Mike Zagurski','RP','L','L'),(28789,25,'Brendan Ryan','SS','R','R'),(28802,30,'Kurt Suzuki','C','R','R'),(28804,21,'Kyle Kendrick','SP','R','R'),(28807,19,'Clay Rapada','RP','R','L'),(28809,23,'Chase Headley','3B','B','R'),(28815,21,'Nate Schierholtz','RF','L','R'),(28827,16,'Manny Parra','RP','L','L'),(28834,30,'John Lannan','SP','L','L'),(28835,29,'Aaron Laffey','SP','L','L'),(28836,23,'Joe Thatcher','RP','L','L'),(28841,1,'Justin Upton','RF','R','R'),(28844,20,'Brandon Moss','1B','L','R'),(28847,19,'Joba Chamberlain','RP','R','R'),(28853,18,'Manny Acosta','RP','B','R'),(28855,4,'Clay Buchholz','SP','L','R'),(28864,1,'Ian Kennedy','SP','R','R'),(28874,5,'Chris Volstad','SP','R','R'),(28885,16,'Nyjer Morgan','CF','L','L'),(28886,3,'Steve Pearce','LF','R','R'),(28894,8,'Chris Seddon','SP','L','L'),(28895,30,'Ross Detwiler','SP','R','L'),(28896,11,'Justin Maxwell','CF','R','R'),(28899,7,'Ryan Hanigan','C','R','R'),(28905,27,'Sam Fuld','LF','L','L'),(28906,12,'Luis Mendoza','SP','R','R'),(28915,20,'Jerry Blevins','RP','L','L'),(28920,20,'Seth Smith','LF','L','L'),(28922,15,'Justin Ruggiano','CF','R','R'),(28940,11,'Wesley Wright','RP','R','L'),(28950,19,'Hiroki Kuroda','SP','R','R'),(28951,19,'Jayson Nix','3B','R','R'),(28952,6,'Alexei Ramirez','SS','R','R'),(28954,7,'Jay Bruce','RF','L','L'),(28955,7,'Johnny Cueto','SP','R','R'),(28957,27,'Wade Davis','RP','R','R'),(28958,27,'David Price','SP','L','L'),(28959,27,'Jake McGee','RP','L','L'),(28960,17,'Brian Duensing','RP','L','L'),(28962,30,'Gio Gonzalez','SP','R','L'),(28963,14,'Clayton Kershaw','SP','L','L'),(28965,28,'Matt Harrison','SP','L','L'),(28970,8,'Brent Lillibridge','SS','R','R'),(28971,11,'Jordan Schafer','CF','L','L'),(28973,29,'Colby Rasmus','CF','L','L'),(28976,10,'Max Scherzer','SP','R','R'),(28977,8,'Justin Masterson','SP','R','R'),(28985,7,'Xavier Paul','LF','L','R'),(28999,9,'Tyler Colvin','RF','L','L'),(29008,8,'Ezequiel Carrera','LF','L','L'),(29067,10,'Danny Worth','2B','R','R'),(29074,11,'Jed Lowrie','SS','B','R'),(29078,27,'Elliot Johnson','SS','B','R'),(29081,3,'Darren O\'Day','RP','R','R'),(29087,17,'Denard Span','CF','L','L'),(29090,27,'Burke Badenhop','RP','R','R'),(29105,27,'Sean Rodriguez','SS','R','R'),(29106,24,'Emmanuel Burriss','2B','B','R'),(29110,19,'Cory Wade','RP','R','R'),(29112,29,'Bobby Korecky','RP','R','R'),(29113,7,'Jose Arredondo','RP','R','R'),(29115,13,'Bobby Wilson','C','R','R'),(29119,9,'Jonathan Herrera','SS','B','R'),(29124,27,'Matt Joyce','RF','L','R'),(29130,2,'Paul Janish','SS','R','R'),(29134,8,'Chris Perez','RP','R','R'),(29145,4,'Mike Aviles','SS','R','R'),(29146,5,'Joe Mather','LF','R','R'),(29147,1,'Brad Ziegler','RP','R','R'),(29152,26,'Mitchell Boggs','RP','R','R'),(29166,5,'Jeff Samardzija','SP','R','R'),(29167,24,'Justin Christian','RF','R','R'),(29168,24,'Sergio Romo','RP','R','R'),(29170,3,'Chris Davis','DH','L','R'),(29172,19,'David Robertson','RP','R','R'),(29173,30,'Roger Bernadina','LF','L','L'),(29174,19,'Brett Gardner','LF','L','L'),(29183,23,'John Baker','C','L','R'),(29185,26,'Jaime Garcia','SP','L','L'),(29189,22,'Travis Snider','RF','L','L'),(29191,3,'Taylor Teagarden','C','R','R'),(29195,23,'Clayton Richard','SP','L','L'),(29198,3,'Tommy Hunter','SP','R','R'),(29200,18,'Daniel Murphy','2B','L','R'),(29202,12,'Francisley Bueno','RP','L','L'),(29204,1,'Brad Bergesen','RP','L','R'),(29206,20,'Adam Rosales','SS','R','R'),(29209,19,'Chris Dickerson','OF','L','L'),(29210,20,'Cliff Pennington','SS','B','R'),(29212,24,'Pablo Sandoval','3B','B','R'),(29215,16,'Marco Estrada','SP','R','R'),(29219,18,'Jonathon Niese','SP','L','L'),(29220,20,'Jesse Chavez','RP','R','R'),(29223,4,'Alfredo Aceves','RP','R','R'),(29224,23,'Will Venable','RF','L','L'),(29225,5,'Michael Bowden','RP','R','R'),(29227,18,'Bobby Parnell','RP','R','R'),(29229,12,'Alcides Escobar','SS','R','R'),(29233,20,'Jim Miller','RP','R','R'),(29235,10,'Phil Coke','RP','L','L'),(29236,24,'Jose Mijares','RP','L','L'),(29238,15,'Wade LeBlanc','RP','L','L'),(29241,8,'Lou Marson','C','R','R'),(29243,22,'James McDonald','SP','L','R'),(29245,19,'Casey McGehee','3B','R','R'),(29246,5,'Luis Valbuena','3B','L','R'),(29250,14,'Luis Cruz','3B','R','R'),(29251,9,'Josh Outman','RP','L','L'),(29252,9,'Dexter Fowler','CF','B','R'),(29255,25,'John Jaso','C','L','R'),(29256,26,'Jason Motte','RP','R','R'),(29258,14,'A.J. Ellis','C','R','R'),(29262,12,'Jason Bourgeois','CF','R','R'),(29265,13,'Kevin Jepsen','RP','R','R'),(29268,9,'Josh Roenicke','RP','R','R'),(29270,22,'Gaby Sanchez','1B','R','R'),(29273,19,'Francisco Cervelli','C','R','R'),(29275,15,'Gil Velazquez','SS','R','R'),(29278,11,'Wilton Lopez','RP','R','R'),(29287,3,'Matt Wieters','C','B','R'),(29310,3,'Miguel Gonzalez','SP','R','R'),(29316,13,'Hank Conger','C','B','R'),(29318,13,'Peter Bourjos','CF','R','R'),(29322,13,'Mark Trumbo','LF','R','R'),(29323,13,'Jordan Walden','RP','R','R'),(29326,11,'Fernando Rodriguez','RP','R','R'),(29330,13,'Andrew Romine','3B','L','R'),(29347,9,'Carlos Torres','RP','R','R'),(29356,6,'Brian Omogrosso','RP','R','R'),(29361,27,'Chris Gimenez','C','R','R'),(29367,2,'Jose Constanza','LF','L','L'),(29376,17,'Casey Fien','RP','R','R'),(29378,10,'Brennan Boesch','RF','L','L'),(29402,8,'Matt LaPorta','1B','R','R'),(29405,16,'Taylor Green','1B','L','R'),(29412,11,'Carlos Corporan','C','B','R'),(29416,12,'Lorenzo Cain','CF','R','R'),(29436,17,'Drew Butera','C','R','R'),(29437,3,'Steve Tolleson','3B','R','R'),(29438,17,'Kyle Waldrop','RP','R','R'),(29439,4,'Danny Valencia','3B','R','R'),(29441,17,'Trevor Plouffe','3B','R','R'),(29446,4,'Mark Melancon','RP','R','R'),(29448,25,'Jesus Montero','DH','R','R'),(29453,10,'Austin Jackson','CF','R','R'),(29464,17,'Matt Carson','RF','R','R'),(29468,11,'Jose Valdez','RP','R','R'),(29469,22,'Jose Tabata','RF','R','R'),(29486,20,'Chris Carter','1B','R','R'),(29490,5,'Anthony Recker','C','R','R'),(29491,12,'Adam Moore','C','R','R'),(29493,25,'Alex Liddi','3B','R','R'),(29501,21,'Phillippe Aumont','RP','L','R'),(29503,25,'Carlos Triunfel','SS','R','R'),(29505,25,'Michael Saunders','CF','L','R'),(29515,28,'Elvis Andrus','SS','R','R'),(29524,21,'Erik Kratz','C','R','R'),(29537,29,'J.P. Arencibia','C','R','R'),(29550,15,'Gorkys Hernandez','CF','R','R'),(29551,2,'Jason Heyward','RF','L','L'),(29552,20,'Brandon Hicks','SS','R','R'),(29554,2,'J.C. Boscan','C','R','R'),(29563,20,'Josh Donaldson','3B','R','R'),(29564,5,'Welington Castillo','C','R','R'),(29567,5,'Darwin Barney','2B','R','R'),(29575,21,'Steven Lerud','C','L','R'),(29590,22,'Neil Walker','2B','B','R'),(29601,2,'Juan Francisco','3B','L','R'),(29607,18,'Justin Turner','2B','R','R'),(29611,7,'Drew Stubbs','CF','R','R'),(29616,1,'Chris Johnson','3B','R','R'),(29630,14,'Kenley Jansen','RP','B','R'),(29639,25,'Trayvon Robinson','LF','B','R'),(29643,25,'Luis Jimenez','1B','L','L'),(29646,30,'Ian Desmond','SS','R','R'),(29660,25,'Mike Carp','LF','L','R'),(29661,18,'Ruben Tejada','SS','R','R'),(29665,18,'Mike Nickeas','C','R','R'),(29671,8,'Jason Donald','SS','R','R'),(29673,21,'Domonic Brown','RF','L','L'),(29680,14,'Ronald Belisario','RP','R','R'),(29683,22,'Alex Presley','LF','L','L'),(29685,4,'Clayton Mortensen','RP','R','R'),(29691,26,'Jon Jay','CF','L','L'),(29694,26,'David Freese','3B','R','R'),(29697,26,'Bryan Anderson','C','L','R'),(29698,29,'David Carpenter','RP','R','R'),(29701,17,'P.J. Walters','SP','R','R'),(29703,15,'Donovan Solano','2B','R','R'),(29705,9,'Adam Ottavino','RP','L','R'),(29710,27,'Jose Lobaton','C','B','R'),(29723,18,'Mike Baxter','RF','L','R'),(29727,6,'Dylan Axelrod','SP','R','R'),(29734,27,'Cesar Ramos','RP','L','L'),(29739,1,'Tyler Graham','CF','R','R'),(29763,3,'Pedro Strop','RP','R','R'),(29770,15,'Scott Cousins','CF','L','L'),(29788,13,'John Hester','C','R','R'),(29791,13,'Barry Enright','SP','R','R'),(29795,11,'Hector Ambriz','RP','L','R'),(29806,20,'Jarrod Parker','SP','R','R'),(29807,1,'Gerardo Parra','CF','L','L'),(29817,23,'Dale Thayer','RP','R','R'),(29937,11,'Lucas Harrell','SP','B','R'),(29938,3,'Brian Matusz','SP','L','L'),(29949,24,'Madison Bumgarner','SP','R','L'),(29950,7,'Devin Mesoraco','C','R','R'),(29953,29,'Brad Lincoln','RP','L','R'),(29954,24,'Jean Machi','RP','R','R'),(29955,9,'Charlie Culberson','2B','R','R'),(29962,22,'Pedro Alvarez','3B','L','R'),(29963,11,'Matt Dominguez','3B','R','R'),(29966,10,'Rick Porcello','SP','R','R'),(29976,17,'Ben Revere','RF','L','R'),(29978,5,'Josh Vitters','3B','R','R'),(29984,13,'Ernesto Frieri','RP','R','R'),(29996,17,'Esmerling Vasquez','SP','R','R'),(29999,12,'Mike Moustakas','3B','L','R'),(30004,7,'Todd Frazier','3B','R','R'),(30008,8,'Esmil Rogers','RP','R','R'),(30011,26,'Pete Kozma','SS','R','R'),(30016,23,'Yonder Alonso','1B','L','R'),(30020,4,'Ivan De Jesus','2B','R','R'),(30025,29,'Ricky Romero','SP','R','L'),(30027,11,'Tyler Greene','SS','R','R'),(30029,11,'Brian Bogusevic','RF','L','L'),(30032,15,'Ryan Webb','RP','R','R'),(30035,20,'Jemile Weeks','2B','B','R'),(30041,20,'Brett Anderson','SP','L','L'),(30042,21,'John Mayberry Jr.','LF','R','R'),(30043,8,'Michael Brantley','CF','L','L'),(30054,1,'Trevor Cahill','SP','R','R'),(30058,1,'David Hernandez','RP','R','R'),(30064,16,'Mark Rogers','SP','R','R'),(30066,4,'Felix Doubront','SP','L','L'),(30068,9,'Guillermo Moscoso','RP','R','R'),(30069,25,'Casper Wells','LF','R','R'),(30076,17,'Samuel Deduno','SP','R','R'),(30080,30,'Christian Garcia','RP','R','R'),(30081,15,'Mike Dunn','RP','L','L'),(30082,7,'Todd Redmond','SP','R','R'),(30084,4,'Pedro Ciriaco','3B','R','R'),(30087,6,'Leyson Septimo','RP','L','L'),(30095,4,'Junichi Tazawa','RP','R','R'),(30096,4,'Andrew Bailey','RP','R','R'),(30099,20,'Tyson Ross','SP','R','R'),(30103,6,'Dayan Viciedo','LF','R','R'),(30105,21,'Antonio Bastardo','RP','R','L'),(30108,23,'Jesus Guzman','LF','R','R'),(30111,11,'Matt Downs','1B','R','R'),(30112,24,'Buster Posey','C','R','R'),(30115,10,'Alex Avila','C','L','R'),(30117,6,'Gordon Beckham','2B','R','R'),(30124,28,'Brandon Snyder','1B','R','R'),(30127,8,'David Huff','SP','B','L'),(30130,28,'Koji Uehara','RP','R','R'),(30134,23,'Andrew Cashner','RP','R','R'),(30135,5,'Steve Clevenger','C','L','R'),(30141,11,'Fernando Martinez','RF','L','R'),(30142,6,'Donnie Veal','RP','L','L'),(30145,3,'Jake Arrieta','SP','R','R'),(30147,9,'Jhoulys Chacin','SP','R','R'),(30148,28,'Derek Holland','SP','B','L'),(30152,12,'Vin Mazzaro','SP','R','R'),(30153,17,'Anthony Swarzak','RP','R','R'),(30154,5,'Adrian Cardenas','2B','L','R'),(30155,23,'Everth Cabrera','SS','B','R'),(30156,9,'Chris Nelson','3B','R','R'),(30157,6,'Tyler Flowers','C','R','R'),(30158,4,'Daniel Bard','SP','R','R'),(30171,7,'Sam LeCure','RP','R','R'),(30174,11,'Brett Wallace','1B','L','R'),(30175,25,'Justin Smoak','1B','B','L'),(30178,11,'Jason Castro','C','L','R'),(30188,18,'Josh Thole','C','L','R'),(30191,2,'Tommy Hanson','SP','R','R'),(30193,2,'Freddie Freeman','1B','L','R'),(30195,20,'Josh Reddick','RF','L','R'),(30196,7,'Mat Latos','SP','R','R'),(30197,9,'Wilin Rosario','C','R','R'),(30209,30,'Jordan Zimmermann','SP','R','R'),(30228,17,'Chris Parmelee','1B','L','L'),(30238,8,'Russ Canzler','3B','R','R'),(30240,15,'Bryan Petersen','LF','L','R'),(30247,16,'Logan Schafer','CF','L','L'),(30258,25,'Shawn Kelley','RP','R','R'),(30260,17,'Luis Perdomo','RP','L','R'),(30264,2,'Kris Medlen','RP','B','R'),(30267,28,'Craig Gentry','CF','R','R'),(30268,12,'Manny Pina','C','R','R'),(30272,17,'Eduardo Escobar','3B','B','R'),(30276,23,'Luke Gregerson','RP','L','R'),(30280,8,'Carlos Santana','C','B','R'),(30282,22,'Chris Leroux','RP','L','R'),(30283,20,'Sean Doolittle','RP','L','L'),(30285,3,'Chris Tillman','SP','R','R'),(30289,16,'Martin Maldonado','C','R','R'),(30290,19,'Eduardo Nunez','SS','R','R'),(30296,29,'Brett Cecil','SP','R','L'),(30310,17,'Pedro Florimon','SS','B','R'),(30327,11,'Marwin Gonzalez','SS','B','R'),(30328,24,'Dan Otero','RP','R','R'),(30339,23,'Andy Parrino','SS','B','R'),(30350,30,'Ryan Mattheus','RP','R','R'),(30358,26,'Shane Robinson','CF','R','R'),(30361,30,'Craig Stammen','RP','R','R'),(30362,2,'Cristhian Martinez','RP','R','R'),(30363,5,'Jason Berken','RP','R','R'),(30366,26,'Marc Rzepczynski','RP','L','L'),(30369,11,'Bud Norris','SP','R','R'),(30370,10,'Doug Fister','SP','L','R'),(30372,25,'Dustin Ackley','2B','L','R'),(30373,30,'Stephen Strasburg','SP','R','R'),(30375,24,'Dan Runzler','RP','L','L'),(30377,26,'Victor Marte','RP','R','R'),(30378,16,'John Axford','RP','R','R'),(30380,29,'Mike McCoy','2B','R','R'),(30382,4,'Jose Iglesias','SS','R','R'),(30389,24,'Brett Pill','1B','R','R'),(30390,12,'Irving Falu','2B','B','R'),(30391,3,'Steve Johnson','SP','R','R'),(30393,7,'Logan Ondrusek','RP','R','R'),(30399,26,'Allen Craig','1B','R','R'),(30400,19,'Ivan Nova','SP','R','R'),(30402,24,'Francisco Peguero','LF','R','R'),(30404,3,'Zach Phillips','RP','L','L'),(30407,9,'Edgmer Escalona','RP','R','R'),(30410,17,'Alex Burnett','RP','R','R'),(30417,11,'Fernando Abad','RP','L','L'),(30418,10,'Quintin Berry','LF','L','L'),(30442,7,'Aroldis Chapman','RP','L','L'),(30446,9,'Alex White','SP','R','R'),(30449,6,'Jordan Danks','LF','L','R'),(30450,5,'Starlin Castro','SS','R','R'),(30452,28,'Mitch Moreland','1B','L','L'),(30454,28,'Tanner Scheppers','RP','R','R'),(30456,16,'Jonathan Lucroy','C','R','R'),(30461,12,'Jarrod Dyson','CF','L','R'),(30465,7,'Mike Leake','SP','R','R'),(30466,7,'Zack Cozart','SS','R','R'),(30469,24,'Brandon Crawford','SS','L','R'),(30474,26,'Steve Hill','C','R','R'),(30475,26,'Daniel Descalso','2B','L','R'),(30484,1,'Konrad Schmidt','C','R','R'),(30485,20,'Collin Cowgill','CF','R','L'),(30493,27,'Desmond Jennings','LF','R','R'),(30494,10,'Al Alburquerque','RP','R','R'),(30495,12,'Aaron Crow','RP','R','R'),(30497,22,'Bryan Morris','SP','L','R'),(30500,11,'Enerio Del Rosario','RP','R','R'),(30502,25,'Hector Noesi','SP','R','R'),(30506,27,'Jeremy Hellickson','SP','R','R'),(30509,2,'Jonny Venters','RP','L','L'),(30514,5,'Rafael Dolis','RP','R','R'),(30515,5,'Travis Wood','SP','R','L'),(30519,7,'Chris Heisey','LF','R','R'),(30520,23,'Casey Kelly','SP','R','R'),(30522,8,'Frank Herrmann','RP','L','R'),(30523,8,'Lonnie Chisenhall','3B','L','R'),(30525,8,'Jeanmar Gomez','SP','R','R'),(30526,15,'Jacob Turner','SP','R','R'),(30528,12,'David Lough','RF','L','L'),(30529,22,'Michael McKenry','C','R','R'),(30532,18,'Ike Davis','1B','L','L'),(30534,30,'Drew Storen','RP','B','R'),(30535,4,'Che-Hsuan Lin','RF','R','R'),(30539,4,'Ryan Kalish','CF','L','L'),(30540,3,'Luis Exposito','C','R','R'),(30541,18,'Jenrry Mejia','RP','R','R'),(30546,8,'Zach McAllister','SP','R','R'),(30549,28,'Alexi Ogando','RP','R','R'),(30555,15,'Dan Jennings','RP','L','L'),(30558,20,'Pedro Figueroa','RP','L','L'),(30562,23,'Alexi Amarista','2B','L','R'),(30564,9,'Tyler Chatwood','RP','R','R'),(30567,24,'Hector Sanchez','C','B','R'),(30568,13,'Andrew Taylor','RP','R','L'),(30571,28,'Michael Kirkman','RP','L','L'),(30572,8,'Thomas Neal','LF','R','R'),(30579,23,'Logan Forsythe','2B','R','R'),(30583,15,'Giancarlo Stanton','RF','R','R'),(30585,21,'Josh Lindblom','RP','R','R'),(30588,23,'Tom Layne','RP','L','L'),(30589,1,'Bryan Shaw','RP','B','R'),(30592,5,'James Russell','RP','L','L'),(30594,5,'Brett Jackson','CF','L','R'),(30604,9,'Matt Reynolds','RP','L','L'),(30605,9,'Jordan Pacheco','3B','R','R'),(30608,20,'Derek Norris','C','R','R'),(30609,4,'Zach Stewart','SP','R','R'),(30612,29,'Chad Jenkins','RP','R','R'),(30613,22,'Hisanori Takahashi','RP','L','L'),(30614,16,'Josh Stinson','RP','R','R'),(30621,30,'Danny Espinosa','2B','B','R'),(30623,11,'Brandon Laird','3B','R','R'),(30624,2,'Mike Minor','SP','R','L'),(30629,30,'Corey Brown','LF','L','L'),(30635,30,'Tyler Moore','LF','R','R'),(30644,29,'Brett Lawrie','3B','R','R'),(30648,15,'Chris Hatcher','RP','B','R'),(30650,26,'Fernando Salas','RP','R','R'),(30652,21,'B.J. Rosenberg','RP','R','R'),(30653,2,'Craig Kimbrel','RP','R','R'),(30659,16,'Eric Farris','2B','R','R'),(30665,2,'Cory Gearrin','RP','R','R'),(30675,29,'Moises Sierra','RF','R','R'),(30676,22,'Chase d\'Arnaud','SS','R','R'),(30680,11,'Jimmy Paredes','SS','B','R'),(30687,22,'Jordy Mercer','SS','R','R'),(30699,1,'A.J. Pollock','CF','R','R'),(30709,25,'Eric Thames','RF','L','R'),(30710,2,'Tyler Pastornicky','SS','R','R'),(30726,14,'Dee Gordon','SS','L','R'),(30728,3,'Ryan Flaherty','2B','L','R'),(30729,10,'Avisail Garcia','CF','R','R'),(30732,11,'Brandon Barnes','CF','R','R'),(30736,12,'Tommy Hottovy','RP','L','L'),(30738,26,'Shelby Miller','SP','R','R'),(30744,6,'Hector Santiago','RP','R','L'),(30758,1,'Ryan Wheeler','3B','L','R'),(30765,9,'DJ LeMahieu','2B','R','R'),(30773,16,'Mike Fiers','SP','R','R'),(30782,5,'Anthony Rizzo','1B','L','L'),(30789,8,'Scott Barnes','RP','L','L'),(30794,9,'Matt McBride','1B','R','R'),(30797,5,'Dave Sappelt','RF','R','R'),(30807,17,'Darin Mastroianni','RF','R','R'),(30808,7,'Denis Phipps','CF','R','R'),(30811,26,'Adron Chambers','CF','L','L'),(30819,25,'Kyle Seager','3B','L','R'),(30820,26,'Lance Lynn','SP','R','R'),(30823,8,'Cord Phelps','2B','B','R'),(30827,3,'Xavier Avery','LF','L','L'),(30830,22,'Starling Marte','LF','R','R'),(30836,13,'Mike Trout','CF','R','R'),(30841,22,'Brock Holt','SS','L','R'),(30846,5,'Tony Campana','CF','L','L'),(30870,18,'Jeremy Hefner','RP','R','R'),(30892,13,'Garrett Richards','RP','R','R'),(30901,24,'Brandon Belt','1B','L','L'),(30907,18,'Jordany Valdespin','LF','L','R'),(30910,4,'Daniel Nava','LF','B','L'),(30934,22,'Josh Harrison','SS','R','R'),(30936,26,'Tony Cruz','C','R','R'),(30940,14,'John Ely','SP','R','R'),(30942,6,'Jhan Marinez','RP','R','R'),(30945,12,'Greg Holland','RP','R','R'),(30948,6,'Chris Sale','SP','L','L'),(30950,23,'Yasmani Grandal','C','B','R'),(30951,30,'Bryce Harper','CF','L','R'),(30952,8,'Scott Maine','RP','L','L'),(30953,18,'Lucas Duda','RF','L','R'),(30954,12,'Jeremy Jeffress','RP','R','R'),(30959,16,'Brandon Kintzler','RP','R','R'),(30963,15,'Steve Cishek','RP','R','R'),(30964,8,'Vinnie Pestano','RP','R','R'),(30965,25,'Hisashi Iwakuma','SP','R','R'),(30968,18,'Zach Lutz','3B','R','R'),(30969,27,'Brandon Gomes','RP','R','R'),(30970,20,'Evan Scribner','RP','R','R'),(30975,28,'Luis Martinez','C','R','R'),(30976,21,'Justin De Fratus','RP','B','R'),(30978,27,'Dane De La Rosa','RP','R','R'),(30981,8,'Corey Kluber','SP','R','R'),(30983,28,'Yoshinori Tateyama','RP','R','R'),(30985,17,'Scott Diamond','SP','L','L'),(30986,21,'Michael Martinez','3B','B','R'),(30989,4,'Pedro Beato','RP','R','R'),(30991,24,'George Kontos','RP','R','R'),(30993,12,'Eric Hosmer','1B','L','L'),(30995,12,'Tim Collins','RP','L','L'),(31000,23,'Brad Brach','RP','R','R'),(31003,27,'Chris Archer','SP','R','R'),(31006,10,'Andy Dirks','LF','L','L'),(31007,8,'Jason Kipnis','2B','L','R'),(31010,9,'Drew Pomeranz','SP','R','L'),(31015,26,'Matt Carpenter','1B','L','R'),(31018,25,'Blake Beavan','SP','R','R'),(31022,19,'Melky Mesa','RF','R','R'),(31024,5,'Miguel Socolovich','RP','R','R'),(31026,22,'Justin Wilson','RP','L','L'),(31027,1,'Paul Goldschmidt','1B','R','R'),(31032,27,'Stephen Vogt','LF','L','R'),(31037,16,'Jean Segura','SS','R','R'),(31038,14,'Tim Federowicz','C','R','R'),(31039,4,'Ryan Lavarnway','C','R','R'),(31047,29,'Henderson Alvarez','SP','R','R'),(31048,29,'Anthony Gose','RF','L','L'),(31049,29,'Adeiny Hechavarria','SS','R','R'),(31054,3,'Zach Britton','SP','L','L'),(31061,11,'Jordan Lyles','SP','R','R'),(31065,11,'J.D. Martinez','LF','R','R'),(31068,22,'Jeff Locke','RP','L','L'),(31069,22,'Kyle McPherson','RP','R','R'),(31071,21,'Jeremy Horst','RP','L','L'),(31075,28,'Wilmer Font','RP','R','R'),(31076,10,'Darin Downs','RP','R','L'),(31078,19,'Cody Eppley','RP','R','R'),(31079,15,'Tom Koehler','SP','R','R'),(31083,9,'Rex Brothers','RP','L','L'),(31084,9,'Charlie Blackmon','LF','L','L'),(31086,27,'Alex Cobb','SP','R','R'),(31088,4,'Chris Carpenter','RP','R','R'),(31089,12,'Everett Teaford','RP','L','L'),(31090,1,'Josh Collmenter','RP','R','R'),(31091,2,'Julio Teheran','SP','R','R'),(31093,2,'Randall Delgado','SP','R','R'),(31094,1,'Wade Miley','SP','L','L'),(31097,3,'Manny Machado','3B','R','R'),(31098,28,'Martin Perez','RP','L','L'),(31099,27,'Matt Moore','SP','L','L'),(31101,19,'Adam Warren','SP','R','R'),(31108,5,'Alberto Cabrera','RP','R','R'),(31115,12,'Louis Coleman','RP','R','R'),(31117,28,'Jurickson Profar','SS','B','R'),(31121,18,'Elvin Ramirez','RP','R','R'),(31124,19,'David Phelps','RP','R','R'),(31127,12,'Salvador Perez','C','R','R'),(31128,12,'Johnny Giavotella','2B','R','R'),(31131,10,'Brayan Villarreal','RP','R','R'),(31133,15,'Rob Brantly','C','L','R'),(31136,6,'Nate Jones','RP','R','R'),(31140,16,'Wily Peralta','RP','R','R'),(31144,23,'Anthony Bass','SP','R','R'),(31165,14,'Elian Herrera','3B','B','R'),(31169,16,'Jim Henderson','RP','L','R'),(31174,15,'Nate Eovaldi','SP','R','R'),(31213,26,'Ryan Jackson','SS','R','R'),(31214,18,'Matt Harvey','SP','R','R'),(31218,28,'Mike Olt','1B','R','R'),(31221,1,'Tyler Skaggs','SP','L','L'),(31286,30,'Eury Perez','CF','R','R'),(31313,1,'Patrick Corbin','SP','L','L'),(31331,7,'Henry Rodriguez','2B','B','R'),(31339,21,'Tyson Brummett','RP','R','R'),(31350,6,'Deunte Heath','RP','R','R'),(31372,14,'Alex Castellanos','LF','R','R'),(31376,7,'Didi Gregorius','SS','L','R'),(31409,9,'Andrew Brown','RF','R','R'),(31413,13,'Kole Calhoun','LF','L','L'),(31465,2,'Luis Avilan','RP','L','L'),(31470,21,'Darin Ruf','LF','R','R'),(31487,5,'Jaye Chapman','SP','R','R'),(31493,6,'Addison Reed','RP','L','R'),(31495,23,'Brad Boxberger','RP','R','R'),(31513,22,'Tony Watson','RP','L','L'),(31515,29,'Joel Carreno','RP','R','R'),(31517,25,'Tom Wilhelmsen','RP','R','R'),(31518,12,'Nate Adcock','RP','R','R'),(31532,20,'Ryan Cook','RP','R','R'),(31540,23,'Nick Vincent','RP','R','R'),(31549,12,'Will Smith','SP','R','L'),(31550,4,'Mauro Gomez','3B','R','R'),(31556,22,'Jared Hughes','RP','R','R'),(31587,25,'Carlos Peguero','RF','L','L'),(31588,28,'Leonys Martin','CF','L','R'),(31589,25,'Charlie Furbush','RP','L','L'),(31654,12,'Jake Odorizzi','SP','R','R'),(31662,11,'Jose Altuve','2B','R','R'),(31672,18,'Robert Carson','RP','L','L'),(31687,18,'Jeurys Familia','SP','R','R'),(31689,23,'Cory Burns','RP','R','R'),(31706,20,'Tommy Milone','SP','L','L'),(31728,2,'Andrelton Simmons','SS','R','R'),(31753,28,'Justin Grimm','SP','R','R'),(31755,17,'Liam Hendriks','SP','R','R'),(31760,16,'Jeff Bianchi','SS','R','R'),(31815,11,'Dallas Keuchel','SP','L','L'),(31816,10,'Drew Smyly','SP','L','L'),(31833,9,'Rafael Ortega','CF','L','R'),(31886,14,'Shawn Tolleson','RP','R','R'),(31887,16,'Tyler Thornburg','RP','R','R'),(31922,25,'Stephen Pryor','RP','R','R'),(31925,9,'Rob Scahill','SP','L','R'),(31937,17,'Tyler Robertson','RP','L','L'),(31945,26,'Trevor Rosenthal','RP','R','R'),(31961,10,'Bryan Holaday','C','R','R'),(31983,25,'Erasmo Ramirez','RP','R','R'),(31987,5,'Chris Rusin','SP','L','L'),(31992,26,'Joe Kelly','SP','R','R'),(31996,30,'Stephen Lombardozzi','2B','B','R'),(31998,17,'Chris Herrmann','C','L','R'),(32006,22,'Eric Fryer','C','R','R'),(32024,10,'Luis Marte','RP','R','R'),(32026,29,'Steve Delabar','RP','R','R'),(32027,29,'Chad Beck','RP','R','R'),(32028,11,'Xavier Cedeno','RP','L','L'),(32029,12,'Kelvin Herrera','RP','R','R'),(32030,25,'Lucas Luetge','RP','L','L'),(32037,5,'Jeff Beliveau','RP','L','L'),(32038,14,'Stephen Fife','SP','R','R'),(32039,14,'Josh Wall','RP','R','R'),(32041,11,'Chuckie Fick','RP','R','R'),(32047,25,'Munenori Kawasaki','SS','L','R'),(32048,3,'Wei-Yin Chen','SP','L','L'),(32051,28,'Robbie Ross','RP','L','L'),(32053,16,'Norichika Aoki','RF','L','R'),(32055,28,'Yu Darvish','SP','R','R'),(32068,1,'Adam Eaton','LF','L','L'),(32075,26,'Sam Freeman','RP','R','L'),(32079,5,'Lendy Castillo','RP','B','R'),(32080,20,'Yoenis Cespedes','LF','R','R'),(32083,7,'Pedro Villarreal','SP','R','R'),(32090,3,'L.J. Hoes','OF','R','R'),(32094,3,'Dylan Bundy','SP','B','R'),(32101,30,'Sandy Leon','C','B','R'),(32104,15,'A.J. Ramos','RP','R','R'),(32106,6,'Jose Quintana','SP','R','L'),(32108,29,'Yan Gomes','1B','R','R'),(32114,23,'Ali Solis','C','R','R'),(32116,23,'Miles Mikolas','RP','R','R'),(32118,11,'Rhiner Cruz','RP','R','R'),(32135,7,'Tony Cingrani','RP','L','L'),(32138,13,'Nick Maronde','SP','B','L'),(32144,9,'Josh Rutledge','SS','R','R'),(32178,21,'Jacob Diekman','RP','L','L'),(32179,1,'Jacob Elmore','SS','R','R'),(32188,8,'Cody Allen','RP','R','R'),(32198,18,'Josh Edgin','RP','L','L'),(32224,10,'Luke Putkonen','RP','R','R'),(32397,29,'Aaron Loup','RP','L','L'),(32469,25,'Carter Capps','RP','R','R'),(32557,7,'J.J. Hoover','RP','R','R'),(32559,20,'A.J. Griffin','SP','R','R'),(32563,20,'Dan Straily','SP','R','R'),(32564,11,'Mickey Storey','RP','R','R'),(32566,9,'William Harris','RP','R','R'),(32568,23,'Andrew Werner','P','L','L'),(32569,18,'Collin McHugh','SP','R','R'),(32578,21,'Tyler Cloyd','SP','R','R'),(32579,14,'Steven Rodriguez','RP','L','L');
/*!40000 ALTER TABLE `players` ENABLE KEYS */;
UNLOCK TABLES;

--
-- Table structure for table `teams`
--

DROP TABLE IF EXISTS `teams`;
/*!40101 SET @saved_cs_client     = @@character_set_client */;
/*!40101 SET character_set_client = utf8 */;
CREATE TABLE `teams` (
  `id` smallint(5) unsigned NOT NULL AUTO_INCREMENT,
  `abbreviation` varchar(3) DEFAULT NULL,
  `location` varchar(255) DEFAULT NULL,
  `name` varchar(255) DEFAULT NULL,
  PRIMARY KEY (`id`)
) ENGINE=InnoDB AUTO_INCREMENT=39 DEFAULT CHARSET=latin1;
/*!40101 SET character_set_client = @saved_cs_client */;

--
-- Dumping data for table `teams`
--

LOCK TABLES `teams` WRITE;
/*!40000 ALTER TABLE `teams` DISABLE KEYS */;
INSERT INTO `teams` VALUES (1,'ARI','Arizona','Diamondbacks'),(2,'ATL','Atlanta','Braves'),(3,'BAL','Baltimore','Orioles'),(4,'BOS','Boston','Red Sox'),(5,'CHC','Chicago','Cubs'),(6,'CHW','Chicago','White Sox'),(7,'CIN','Cincinnati','Reds'),(8,'CLE','Cleveland','Indians'),(9,'COL','Colorado','Rockies'),(10,'DET','Detroit','Tigers'),(11,'HOU','Houston','Astros'),(12,'KC','Kansas City','Royals'),(13,'LAA','Los Angeles','Angels'),(14,'LAD','Los Angeles','Dodgers'),(15,'MIA','Miami','Marlins'),(16,'MIL','Milwaukee','Brewers'),(17,'MIN','Minnesota','Twins'),(18,'NYM','New York','Mets'),(19,'NYY','New York','Yankees'),(20,'OAK','Oakland','Athletics'),(21,'PHI','Philadelphia','Phillies'),(22,'PIT','Pittsburgh','Pirates'),(23,'SD','San Diego','Padres'),(24,'SF','San Francisco','Giants'),(25,'SEA','Seattle','Mariners'),(26,'STL','St. Louis','Cardinals'),(27,'TB','Tampa Bay','Rays'),(28,'TEX','Texas','Rangers'),(29,'TOR','Toronto','Blue Jays'),(30,'WAS','Washington','Nationals'),(31,'AWC','','AL Wild Card'),(32,'NWC','','NL Wild Card'),(33,'AL1','','AL 1'),(34,'AL2','','AL 2'),(35,'NL1','','NL 1'),(36,'NL2','','NL 2'),(37,'ALC','','AL Champion'),(38,'NLC','','NL Champion');
/*!40000 ALTER TABLE `teams` ENABLE KEYS */;
UNLOCK TABLES;

--
-- Table structure for table `users`
--

DROP TABLE IF EXISTS `users`;
/*!40101 SET @saved_cs_client     = @@character_set_client */;
/*!40101 SET character_set_client = utf8 */;
CREATE TABLE `users` (
  `id` smallint(5) unsigned NOT NULL AUTO_INCREMENT,
  `username` varchar(255) NOT NULL,
  `password` char(128) NOT NULL,
  `first_name` varchar(255) DEFAULT NULL,
  `last_name` varchar(255) DEFAULT NULL,
  PRIMARY KEY (`id`),
  UNIQUE KEY `username` (`username`)
) ENGINE=InnoDB AUTO_INCREMENT=21 DEFAULT CHARSET=latin1;
/*!40101 SET character_set_client = @saved_cs_client */;

--
-- Dumping data for table `users`
--

LOCK TABLES `users` WRITE;
/*!40000 ALTER TABLE `users` DISABLE KEYS */;
INSERT INTO `users` VALUES (1,'jpnance','05f60ba25a20f67f442f4127e4d6c4dd','Patrick','Nance'),(2,'jeff','b5110e3991f63adf292e6e0ffee86b73','Jeff','Sneden'),(3,'afeldman','a7c8f01d8b2fedaa0505f15bded1da1c','Andrew','Feldman'),(4,'agarcia','71be61c58ee5b65b51ece8a448f8bd1d','Anthony','Garcia'),(5,'bludwiczak','96cbca5c489dd58c094b484a8dce5885','Brett','Ludwiczak (\'10)'),(6,'bpauly','6632ec288a80dda50b288cbb8e4e7c12','Brett','Pauly (\'09)'),(7,'callgood','fcc562e50ddbb89f8298222dce0211cc','Christian','Allgood'),(8,'dubilla','a77add86a698ea0861f9769f00a8a1a1','Dan','Ubilla'),(9,'dlipman','e0c270ec7f103fe4f0721bd99d88e570','Dave','Lipman'),(10,'dnims','2e626ca324ed130d0cb6cb8c0914dabe','David','Nims (\'11)'),(11,'jcarlson','6639886c17dce194cae493b81c123c45','Jamie','Carlson'),(12,'ksomandar','fd59edeb1d494377da563c3eb6b0ed6f','Keyon','Somandar'),(13,'lzimmermann','06161779d3c5ad67155e7e14cbe04941','Luke','Zimmermann'),(14,'mnaugle','3ebf9732c4d7e4e57f1b3a52ff7a0109','Mark','Naugle'),(15,'mmustain','c0b301211c1039f1d474826286ef381a','Mitch','Mustain'),(16,'nsloan','db4edd1df65be74b82fcf19e4d20bc62','Nathaniel','Sloan'),(17,'tgivens','04a152c84aeb1f4541018e4df581652e','Travis','Givens'),(18,'wrambo','5b57be7d1d1db6e1ed799d4df49db8aa','Wayne','Rambo'),(19,'jbeall','81130af8ba6631afa4d6f9ddfdd0595a','Joel','Beall (\'12)'),(20,'tzentmeyer','7d3303a4e8dcb9ed1e08f935a1f0a529','Tom','Zentmeyer');
/*!40000 ALTER TABLE `users` ENABLE KEYS */;
UNLOCK TABLES;

--
-- Final view structure for view `availabilities`
--

/*!50001 DROP TABLE IF EXISTS `availabilities`*/;
/*!50001 DROP VIEW IF EXISTS `availabilities`*/;
/*!50001 SET @saved_cs_client          = @@character_set_client */;
/*!50001 SET @saved_cs_results         = @@character_set_results */;
/*!50001 SET @saved_col_connection     = @@collation_connection */;
/*!50001 SET character_set_client      = latin1 */;
/*!50001 SET character_set_results     = latin1 */;
/*!50001 SET collation_connection      = latin1_swedish_ci */;
/*!50001 CREATE ALGORITHM=UNDEFINED */
/*!50013 DEFINER=`jpnance`@`localhost` SQL SECURITY DEFINER */
/*!50001 VIEW `availabilities` AS select `users`.`id` AS `user_id`,`players`.`team_id` AS `team_id`,`players`.`id` AS `player_id`,`games`.`id` AS `game_id` from ((`players` join `users`) left join (`picks` join `games` on((`picks`.`game_id` = `games`.`id`))) on(((`players`.`id` = `picks`.`player_id`) and (`users`.`id` = `picks`.`user_id`) and (`players`.`id` = `picks`.`player_id`)))) order by `users`.`id`,`players`.`id` */;
/*!50001 SET character_set_client      = @saved_cs_client */;
/*!50001 SET character_set_results     = @saved_cs_results */;
/*!50001 SET collation_connection      = @saved_col_connection */;
/*!40103 SET TIME_ZONE=@OLD_TIME_ZONE */;

/*!40101 SET SQL_MODE=@OLD_SQL_MODE */;
/*!40014 SET FOREIGN_KEY_CHECKS=@OLD_FOREIGN_KEY_CHECKS */;
/*!40014 SET UNIQUE_CHECKS=@OLD_UNIQUE_CHECKS */;
/*!40101 SET CHARACTER_SET_CLIENT=@OLD_CHARACTER_SET_CLIENT */;
/*!40101 SET CHARACTER_SET_RESULTS=@OLD_CHARACTER_SET_RESULTS */;
/*!40101 SET COLLATION_CONNECTION=@OLD_COLLATION_CONNECTION */;
/*!40111 SET SQL_NOTES=@OLD_SQL_NOTES */;

-- Dump completed on 2013-09-29 18:24:22
