-- MySQL dump 10.13  Distrib 5.5.37, for debian-linux-gnu (i686)
--
-- Host: localhost    Database: pickahit
-- ------------------------------------------------------
-- Server version	5.5.37-0+wheezy1

/*!40101 SET @OLD_CHARACTER_SET_CLIENT=@@CHARACTER_SET_CLIENT */;
/*!40101 SET @OLD_CHARACTER_SET_RESULTS=@@CHARACTER_SET_RESULTS */;
/*!40101 SET @OLD_COLLATION_CONNECTION=@@COLLATION_CONNECTION */;
/*!40101 SET NAMES utf8 */;
/*!40103 SET @OLD_TIME_ZONE=@@TIME_ZONE */;
/*!40103 SET TIME_ZONE='+00:00' */;
/*!40014 SET @OLD_UNIQUE_CHECKS=@@UNIQUE_CHECKS, UNIQUE_CHECKS=0 */;
/*!40014 SET @OLD_FOREIGN_KEY_CHECKS=@@FOREIGN_KEY_CHECKS, FOREIGN_KEY_CHECKS=0 */;
/*!40101 SET @OLD_SQL_MODE=@@SQL_MODE, SQL_MODE='NO_AUTO_VALUE_ON_ZERO' */;
/*!40111 SET @OLD_SQL_NOTES=@@SQL_NOTES, SQL_NOTES=0 */;

--
-- Table structure for table `appearances`
--

DROP TABLE IF EXISTS `appearances`;
/*!40101 SET @saved_cs_client     = @@character_set_client */;
/*!40101 SET character_set_client = utf8 */;
CREATE TABLE `appearances` (
  `id` smallint(5) unsigned NOT NULL AUTO_INCREMENT,
  `game_id` smallint(5) unsigned DEFAULT NULL,
  `player_id` mediumint(8) unsigned DEFAULT NULL,
  `hits` smallint(6) DEFAULT '0',
  PRIMARY KEY (`id`),
  KEY `game_id` (`game_id`),
  KEY `player_id` (`player_id`),
  CONSTRAINT `appearances_ibfk_1` FOREIGN KEY (`game_id`) REFERENCES `games` (`id`) ON UPDATE CASCADE,
  CONSTRAINT `appearances_ibfk_2` FOREIGN KEY (`player_id`) REFERENCES `players` (`id`) ON UPDATE CASCADE
) ENGINE=InnoDB AUTO_INCREMENT=976 DEFAULT CHARSET=latin1;
/*!40101 SET character_set_client = @saved_cs_client */;

--
-- Dumping data for table `appearances`
--

LOCK TABLES `appearances` WRITE;
/*!40000 ALTER TABLE `appearances` DISABLE KEYS */;
INSERT INTO `appearances` VALUES (1,1,6205,1),(2,1,5036,3),(3,1,28670,0),(4,1,5031,0),(5,1,28954,1),(6,1,30004,1),(7,1,30466,0),(8,1,28899,0),(9,1,30393,0),(10,1,30171,0),(11,1,28955,0),(12,1,6489,0),(13,1,32557,0),(14,1,30519,0),(15,1,28699,0),(16,1,28827,0),(17,1,29950,0),(18,1,30830,2),(19,1,29590,2),(20,1,28701,2),(21,1,5379,1),(22,1,5033,1),(23,1,29962,0),(24,1,6390,3),(25,1,5798,1),(26,1,6211,1),(27,1,29189,0),(28,1,31513,0),(29,1,4350,0),(30,2,5799,0),(31,2,31265,1),(32,2,31446,0),(33,2,6497,1),(34,2,28639,1),(35,2,28536,1),(36,2,30493,2),(37,2,28905,0),(38,2,6138,1),(39,2,28662,1),(40,2,4169,0),(41,2,28535,0),(42,2,5937,0),(43,2,31007,0),(44,2,30280,2),(45,2,30043,1),(46,2,6124,1),(47,2,28671,0),(48,2,32108,2),(49,2,30523,3),(50,18,30830,0),(51,18,29590,0),(52,18,28701,2),(53,18,5379,1),(54,18,5033,0),(55,18,29962,1),(56,18,6390,0),(57,18,5798,0),(58,18,29469,0),(59,18,30497,0),(60,18,4153,0),(61,18,30525,0),(62,18,30152,0),(63,18,30687,0),(64,18,31015,1),(65,18,3971,1),(66,18,5940,2),(67,18,31359,1),(68,18,5986,2),(69,18,29691,1),(70,18,29694,2),(71,18,30011,0),(72,18,30475,0),(73,18,5403,0),(74,18,32061,0),(75,18,31340,0),(76,18,31945,0),(77,13,5035,1),(78,13,5086,2),(79,13,6195,1),(80,13,5405,2),(81,13,32574,2),(82,13,4657,1),(83,13,6307,0),(84,13,29258,2),(85,13,28963,0),(86,13,6481,0),(88,13,29630,0),(89,13,29551,1),(90,13,28841,0),(91,13,30193,1),(92,13,32863,1),(93,13,6309,0),(94,13,29616,1),(95,13,31728,1),(96,13,29078,0),(97,13,30264,0),(98,13,5389,0),(99,13,5970,0),(100,13,29323,0),(101,13,32620,0),(102,13,29698,0),(103,13,5452,0),(104,13,31465,0),(105,19,30830,1),(106,19,29590,0),(107,19,28701,1),(108,19,5379,2),(109,19,5033,1),(110,19,29962,2),(111,19,6390,1),(112,19,30687,1),(113,19,31513,0),(114,19,29446,0),(115,19,4350,0),(116,19,32081,1),(117,19,29270,0),(118,19,5798,0),(119,19,31015,0),(120,19,3971,1),(121,19,5940,0),(122,19,31359,2),(123,19,5986,1),(124,19,29691,0),(125,19,29694,0),(126,19,30475,0),(127,19,30820,0),(128,19,32639,0),(129,19,30378,0),(130,19,4440,0),(131,19,30811,0),(132,19,32059,0),(133,19,30738,0),(134,19,32061,0),(135,19,28501,0),(136,8,30493,0),(137,8,28536,1),(138,8,31265,0),(139,8,28639,0),(140,8,5799,0),(141,8,6138,1),(142,8,6295,1),(143,8,29105,1),(144,8,29124,0),(145,8,28662,0),(146,8,6497,0),(147,8,29710,0),(148,8,28637,2),(149,8,5409,3),(150,8,6393,2),(151,8,3748,1),(152,8,28444,1),(153,8,5860,1),(154,8,28663,2),(155,8,6298,1),(156,8,31232,1),(157,14,5035,1),(158,14,5086,0),(159,14,6195,3),(160,14,5405,1),(161,14,32574,1),(162,14,4657,1),(163,14,6307,1),(164,14,29258,1),(165,14,30726,0),(166,14,5883,0),(167,14,4566,1),(168,14,29985,0),(169,14,32579,0),(170,14,29680,0),(171,14,6312,0),(173,14,6481,0),(174,14,30714,0),(175,14,29551,1),(176,14,28841,0),(177,14,30193,1),(178,14,32863,1),(179,14,5465,0),(180,14,6309,0),(181,14,5970,0),(182,14,29616,2),(183,14,31728,1),(184,14,29078,0),(185,14,30624,0),(186,14,5389,0),(187,14,31465,0),(188,14,29367,0),(189,14,5452,0),(190,14,29698,0),(191,14,30653,0),(192,3,29453,1),(193,3,3723,1),(194,3,5544,1),(195,3,5178,0),(196,3,5915,1),(197,3,5007,2),(198,3,30115,2),(199,3,5339,2),(200,3,31006,0),(201,3,5527,0),(202,3,28730,0),(203,3,30382,0),(204,3,5299,0),(205,3,29074,0),(206,3,29563,0),(207,3,28844,1),(208,3,32080,2),(209,3,30195,0),(210,3,31032,0),(211,3,6397,0),(212,3,29732,0),(213,3,28541,0),(214,4,29453,0),(215,4,3723,0),(216,4,5544,1),(217,4,5915,0),(218,4,5007,0),(219,4,30115,0),(220,4,5339,0),(221,4,28730,2),(222,4,30382,1),(223,4,5299,0),(224,4,29074,0),(225,4,29563,1),(226,4,28844,0),(227,4,32080,2),(228,4,28920,2),(229,4,30195,1),(230,4,31032,1),(231,4,29732,0),(232,4,28541,1),(233,9,5799,0),(234,9,29105,0),(235,9,29710,0),(236,9,31265,0),(237,9,6497,2),(238,9,28639,1),(239,9,28536,0),(240,9,30493,2),(241,9,6138,1),(242,9,28662,2),(243,9,4169,0),(244,9,29124,0),(245,9,28637,3),(246,9,5409,1),(247,9,6393,1),(248,9,3748,2),(249,9,28444,0),(250,9,5860,1),(251,9,31232,1),(252,9,6298,1),(253,9,5206,1),(254,20,31015,0),(255,20,3971,2),(256,20,5940,0),(257,20,5986,1),(258,20,29694,0),(259,20,31340,0),(260,20,32059,0),(261,20,31359,1),(262,20,29691,1),(263,20,30011,2),(264,20,31992,0),(265,20,32639,0),(266,20,30358,0),(267,20,30378,0),(268,20,30475,0),(269,20,30830,0),(270,20,29590,0),(271,20,28701,2),(272,20,5379,1),(273,20,30934,0),(274,20,4350,0),(275,20,5033,2),(276,20,29962,1),(277,20,6390,1),(278,20,5798,1),(279,20,29469,0),(280,20,31513,0),(281,20,29446,0),(282,20,29270,0),(283,20,6211,0),(284,20,30687,0),(285,15,29551,1),(286,15,28841,2),(287,15,30193,2),(288,15,32863,3),(289,15,6309,0),(290,15,29616,1),(291,15,31728,0),(292,15,29078,0),(293,15,31091,0),(294,15,32620,0),(295,15,5970,0),(296,15,5389,0),(297,15,29323,0),(298,15,31465,0),(299,15,32601,0),(300,15,5452,1),(301,15,5035,2),(302,15,5086,0),(303,15,6195,3),(304,15,32579,0),(305,15,29630,0),(306,15,5405,2),(307,15,32574,3),(308,15,4657,2),(309,15,6307,1),(310,15,29258,1),(311,15,32582,0),(312,15,4566,0),(313,15,5469,0),(314,15,6312,0),(315,15,29680,0),(316,15,6481,0),(317,15,4946,0),(318,5,5299,3),(319,5,29563,1),(320,5,29074,0),(321,5,28844,1),(322,5,6397,0),(323,5,32080,1),(324,5,28920,2),(325,5,30195,1),(326,5,31032,1),(327,5,30608,0),(328,5,29732,0),(329,5,29453,0),(330,5,3723,1),(331,5,5544,1),(332,5,5915,2),(333,5,5007,1),(334,5,5527,1),(335,5,30115,0),(336,5,5339,1),(337,5,30382,0),(338,21,31015,0),(339,21,3971,0),(340,21,5940,2),(341,21,31359,0),(342,21,5986,0),(343,21,29691,0),(344,21,29694,0),(345,21,31945,0),(346,21,30011,1),(347,21,32640,0),(348,21,31340,0),(349,21,30475,0),(350,21,30830,0),(351,21,29590,0),(352,21,28701,0),(353,21,5379,0),(354,21,5033,0),(355,21,29962,1),(356,21,6390,0),(357,21,30934,0),(358,21,5407,0),(359,21,5798,0),(360,21,28763,0),(361,21,31026,0),(362,21,29469,0),(363,21,29446,0),(364,21,29155,0),(365,21,30152,0),(366,21,30687,0),(367,16,29551,0),(368,16,28841,0),(369,16,30193,1),(370,16,32863,0),(371,16,29130,0),(372,16,6309,0),(373,16,29616,3),(374,16,31728,1),(375,16,29078,1),(376,16,29698,0),(377,16,4007,0),(378,16,29367,1),(379,16,31465,0),(380,16,28971,0),(381,16,5035,2),(382,16,5086,2),(383,16,6195,1),(384,16,5405,1),(385,16,32574,2),(386,16,4657,2),(387,16,6307,1),(388,16,29258,0),(389,16,28963,0),(390,16,29680,0),(391,16,6312,0),(392,16,4566,0),(394,16,6481,0),(395,16,29630,0),(396,10,28637,3),(397,10,5409,1),(398,10,6393,0),(399,10,3748,1),(400,10,30418,0),(401,10,29660,0),(402,10,28444,1),(403,10,30910,0),(404,10,5860,0),(405,10,28663,1),(406,10,6298,0),(407,10,31232,0),(408,10,31606,0),(409,10,5799,2),(410,10,29105,0),(411,10,28536,1),(412,10,28639,1),(413,10,31265,0),(414,10,28959,0),(415,10,29710,1),(416,10,6497,3),(417,10,28905,0),(418,10,30493,1),(419,10,29124,0),(420,10,28662,2),(421,10,4169,0),(422,10,6138,0),(423,10,5111,0),(424,6,5299,4),(425,6,29563,1),(426,6,29074,2),(427,6,28844,0),(428,6,32080,2),(429,6,28920,1),(430,6,30195,1),(431,6,31032,1),(432,6,29732,0),(433,6,28541,0),(434,6,29453,1),(435,6,3723,0),(436,6,5544,1),(437,6,5178,0),(438,6,5915,1),(439,6,5007,3),(440,6,30878,0),(441,6,5527,2),(442,6,31006,0),(443,6,30115,0),(444,6,5339,1),(445,6,30382,0),(446,11,28637,1),(447,11,5409,1),(448,11,6393,1),(449,11,3748,1),(450,11,28444,0),(451,11,30910,1),(452,11,28663,0),(453,11,5860,0),(454,11,5206,0),(455,11,6298,0),(456,11,31606,0),(457,11,31232,1),(458,11,5799,1),(459,11,4169,0),(460,11,31265,1),(461,11,6497,0),(462,11,28639,0),(463,11,28536,0),(464,11,30493,0),(465,11,6295,0),(466,11,6138,0),(467,11,28662,3),(468,11,29710,1),(469,11,29105,0),(470,11,29124,0),(471,22,30830,0),(472,22,29446,0),(473,22,4350,0),(474,22,29590,0),(475,22,28701,0),(476,22,5379,2),(477,22,5033,3),(478,22,29962,1),(479,22,6390,0),(480,22,5798,1),(481,22,29469,0),(482,22,32081,0),(483,22,28763,0),(484,22,31026,0),(485,22,30152,0),(486,22,31513,0),(487,22,30687,1),(488,22,31015,0),(489,22,3971,0),(490,22,5940,2),(491,22,31359,2),(492,22,5986,1),(493,22,29691,1),(494,22,29694,1),(495,22,30475,1),(496,22,30011,1),(497,22,5403,0),(498,7,29453,0),(499,7,3723,1),(500,7,5544,1),(501,7,30382,0),(502,7,5915,1),(503,7,5007,3),(504,7,5527,2),(505,7,5178,0),(506,7,30115,0),(507,7,5339,0),(508,7,28730,0),(509,7,5299,0),(510,7,29563,0),(511,7,29074,1),(512,7,32080,1),(513,7,28920,0),(514,7,28844,0),(515,7,28541,0),(516,7,30195,1),(517,7,31032,0),(518,30,5035,2),(519,30,5086,2),(520,30,6195,0),(521,30,5405,1),(522,30,30726,0),(523,30,4566,0),(524,30,32574,0),(525,30,4657,2),(526,30,6481,1),(527,30,29630,0),(528,30,29258,1),(529,30,5883,0),(530,30,6307,0),(532,30,29680,0),(533,30,4946,0),(534,30,6312,0),(535,30,29985,0),(536,30,30714,0),(537,30,31015,1),(538,30,3971,2),(539,30,5940,0),(540,30,31359,0),(541,30,5986,2),(542,30,29691,0),(543,30,29694,0),(544,30,30011,0),(545,30,31992,1),(546,30,4440,0),(547,30,32639,0),(548,30,31340,0),(549,30,30811,0),(550,30,31945,0),(551,30,32061,0),(552,30,30378,0),(553,30,30820,0),(554,30,30475,1),(555,23,29453,1),(556,23,3723,1),(557,23,5544,1),(558,23,28730,0),(559,23,5915,1),(560,23,5007,0),(561,23,5527,3),(562,23,5178,0),(563,23,5339,0),(564,23,30115,1),(565,23,30382,1),(566,23,28637,0),(567,23,5409,0),(568,23,6393,0),(569,23,3748,0),(570,23,28444,0),(571,23,30910,1),(572,23,30418,0),(573,23,6298,0),(574,23,31232,0),(575,23,29660,0),(576,23,31606,0),(577,23,5206,0),(578,23,28663,0),(579,31,5035,1),(580,31,5086,1),(581,31,5405,0),(582,31,32574,0),(583,31,4657,0),(584,31,6307,0),(585,31,6481,0),(586,31,29258,1),(587,31,4946,1),(588,31,28963,1),(589,31,4566,0),(590,31,29680,0),(591,31,6312,0),(592,31,31015,1),(593,31,3971,0),(594,31,5940,0),(595,31,5986,0),(596,31,29694,1),(597,31,30475,0),(598,31,31359,0),(599,31,29691,0),(600,31,30011,0),(601,31,32640,0),(602,31,32059,0),(603,31,4440,0),(604,31,31340,0),(605,31,30358,0),(606,31,31945,0),(607,24,29453,0),(608,24,3723,0),(609,24,5544,1),(610,24,5915,1),(611,24,5007,2),(612,24,5527,1),(613,24,30382,0),(614,24,30115,2),(615,24,5339,1),(616,24,28730,0),(617,24,28637,0),(618,24,5409,1),(619,24,6393,2),(620,24,3748,1),(621,24,29660,0),(622,24,28444,0),(623,24,5860,1),(624,24,28663,1),(625,24,6298,0),(626,24,31232,1),(627,32,31015,0),(628,32,3971,0),(629,32,5940,0),(630,32,5986,1),(631,32,29694,1),(632,32,30475,0),(633,32,31359,1),(634,32,29691,1),(635,32,30011,0),(636,32,32061,0),(637,32,5403,0),(638,32,30811,0),(639,32,32059,0),(640,32,32639,0),(641,32,4440,0),(642,32,5035,1),(643,32,5086,2),(644,32,6195,2),(645,32,29630,0),(646,32,5405,1),(647,32,6481,0),(648,32,32574,2),(649,32,4657,0),(650,32,29258,1),(651,32,32582,0),(653,32,4566,0),(654,32,4946,0),(655,25,28637,1),(656,25,5409,0),(657,25,6393,0),(658,25,3748,0),(659,25,28444,1),(660,25,28663,0),(661,25,5860,1),(662,25,6298,1),(663,25,31232,0),(664,25,29453,0),(665,25,3723,2),(666,25,5544,0),(667,25,5915,1),(668,25,5007,2),(669,25,30878,0),(670,25,5527,1),(671,25,30115,0),(672,25,5339,0),(673,25,31006,0),(674,25,30382,0),(675,25,28730,0),(676,33,31015,1),(677,33,3971,0),(678,33,5940,2),(679,33,31340,0),(680,33,30811,0),(681,33,31945,0),(682,33,31359,0),(683,33,5986,0),(684,33,29691,1),(685,33,29694,0),(686,33,30011,0),(687,33,30475,1),(688,33,30820,0),(689,33,32639,0),(690,33,30358,1),(691,33,5035,1),(692,33,5086,0),(693,33,6195,0),(694,33,6312,0),(695,33,29680,0),(696,33,4566,0),(697,33,5405,1),(698,33,6481,2),(699,33,32574,2),(700,33,4657,0),(701,33,29258,1),(702,33,6491,0),(703,33,6307,0),(704,33,29985,0),(705,33,4946,1),(706,33,28486,0),(707,26,28637,4),(708,26,5409,1),(709,26,6393,1),(710,26,3748,0),(711,26,28444,2),(712,26,30910,1),(713,26,5860,0),(714,26,28663,2),(715,26,6298,0),(716,26,31232,0),(717,26,29660,0),(718,26,31606,1),(719,26,3723,1),(720,26,5544,2),(721,26,5178,0),(722,26,5915,0),(723,26,5007,2),(724,26,5527,0),(725,26,28730,0),(726,26,30115,0),(727,26,5339,1),(728,26,29453,2),(729,26,30382,1),(730,34,31015,2),(731,34,3971,1),(732,34,5940,3),(733,34,31359,2),(734,34,5986,0),(735,34,29691,1),(736,34,29694,0),(737,34,30011,1),(738,34,31992,0),(739,34,4440,0),(740,34,28501,0),(741,34,32059,0),(742,34,30475,0),(743,34,30378,0),(744,34,30811,0),(745,34,5035,1),(746,34,5086,1),(747,34,6195,0),(748,34,4946,0),(749,34,5405,3),(750,34,6481,0),(751,34,32574,1),(752,34,4657,1),(753,34,29258,1),(754,34,5883,1),(755,34,4566,0),(757,34,29630,0),(758,27,28637,1),(759,27,5409,0),(760,27,6393,2),(761,27,3748,1),(762,27,28444,3),(763,27,5860,0),(764,27,6298,0),(765,27,31606,1),(766,27,31232,0),(767,27,5206,2),(768,27,3723,1),(769,27,5544,1),(770,27,5915,1),(771,27,5007,1),(772,27,5527,1),(773,27,28730,0),(774,27,5339,1),(775,27,30115,0),(776,27,6285,1),(777,27,29453,2),(778,27,30382,1),(779,35,5035,1),(780,35,5086,0),(781,35,5405,0),(782,35,6195,0),(783,35,6481,0),(784,35,32574,0),(785,35,4657,0),(786,35,29258,1),(787,35,28963,0),(788,35,29680,0),(789,35,6312,0),(790,35,6307,0),(791,35,29985,0),(792,35,28486,0),(793,35,4566,0),(794,35,31015,1),(795,35,3971,3),(796,35,29691,1),(797,35,5940,0),(798,35,5986,2),(799,35,29694,2),(800,35,31359,2),(801,35,30358,2),(802,35,30011,0),(803,35,32640,0),(804,35,32061,0),(805,35,31340,0),(806,35,31945,0),(807,28,3723,1),(808,28,5544,1),(809,28,5915,0),(810,28,5007,1),(811,28,5527,0),(812,28,28730,0),(813,28,30115,0),(814,28,5339,1),(815,28,29453,2),(816,28,30382,2),(817,28,28637,1),(818,28,5409,1),(819,28,6393,1),(820,28,3748,0),(821,28,28444,0),(822,28,28663,0),(823,28,5860,1),(824,28,6298,0),(825,28,31606,1),(826,37,31015,1),(827,37,3971,0),(828,37,29691,0),(829,37,5940,2),(830,37,30399,1),(831,37,5986,1),(832,37,29694,1),(833,37,31359,0),(834,37,30358,1),(835,37,30011,0),(836,37,28637,0),(837,37,5409,0),(838,37,6393,2),(839,37,3748,2),(840,37,28444,1),(841,37,5860,0),(842,37,30910,1),(843,37,31606,0),(844,37,6298,1),(845,37,5206,1),(846,38,31015,0),(847,38,3971,2),(848,38,5940,1),(849,38,31359,1),(850,38,5986,1),(851,38,30399,1),(852,38,29694,0),(853,38,30011,0),(854,38,29691,1),(855,38,30475,0),(856,38,28637,1),(857,38,5409,0),(858,38,6393,1),(859,38,3748,2),(860,38,28444,0),(861,38,5860,0),(862,38,28663,0),(863,38,6298,0),(864,38,30910,0),(865,38,31606,0),(866,39,28637,2),(867,39,5409,0),(868,39,6393,0),(869,39,3748,1),(870,39,30910,1),(871,39,31606,2),(872,39,28663,0),(873,39,6298,0),(874,39,31232,0),(875,39,5019,0),(876,39,29660,0),(877,39,30066,0),(878,39,5860,0),(879,39,6365,0),(880,39,30095,0),(881,39,32973,0),(882,39,30130,0),(883,39,31015,2),(884,39,3971,0),(885,39,5940,2),(886,39,31359,2),(887,39,5986,3),(888,39,29694,0),(889,39,30475,0),(890,39,31945,0),(891,39,30399,1),(892,39,29691,1),(893,39,30011,0),(894,39,31992,0),(895,39,4440,0),(896,39,32639,0),(897,39,30358,0),(898,39,32059,0),(899,39,31340,0),(900,39,32061,1),(901,40,28637,0),(902,40,30910,0),(903,40,6393,1),(904,40,3748,3),(905,40,30418,0),(906,40,5203,0),(907,40,30130,0),(908,40,5860,1),(909,40,31606,1),(910,40,6298,0),(911,40,5206,0),(912,40,28855,0),(913,40,29660,0),(914,40,30066,0),(915,40,6365,0),(916,40,30095,0),(917,40,28444,0),(918,40,31015,2),(919,40,3971,1),(920,40,5940,0),(921,40,31359,0),(922,40,5986,1),(923,40,29691,0),(924,40,29694,0),(925,40,30475,0),(926,40,30820,0),(927,40,32639,0),(928,40,4440,0),(929,40,30358,1),(930,40,32059,0),(931,40,30378,0),(932,40,30399,1),(933,40,32061,0),(934,41,28637,1),(935,41,6393,1),(936,41,3748,3),(937,41,30130,0),(938,41,5860,0),(939,41,30910,0),(940,41,31606,2),(941,41,6298,0),(942,41,5206,2),(943,41,28487,0),(944,41,28444,0),(945,41,31015,0),(946,41,30358,0),(947,41,29691,0),(948,41,5940,1),(949,41,3971,1),(950,41,5986,0),(951,41,30399,0),(952,41,29694,2),(953,41,30011,0),(954,41,5403,0),(955,41,31340,0),(956,41,31359,0),(957,41,31945,0),(958,42,31015,3),(959,42,3971,1),(960,42,5940,0),(961,42,30399,2),(962,42,5986,1),(963,42,31359,0),(964,42,29694,0),(965,42,29691,1),(966,42,30475,1),(967,42,28637,2),(968,42,6393,0),(969,42,3748,0),(970,42,28444,1),(971,42,5860,1),(972,42,5409,2),(973,42,31606,0),(974,42,6298,2),(975,42,5206,0);
/*!40000 ALTER TABLE `appearances` ENABLE KEYS */;
UNLOCK TABLES;

--
-- Temporary table structure for view `availabilities`
--

DROP TABLE IF EXISTS `availabilities`;
/*!50001 DROP VIEW IF EXISTS `availabilities`*/;
SET @saved_cs_client     = @@character_set_client;
SET character_set_client = utf8;
/*!50001 CREATE TABLE `availabilities` (
  `user_id` tinyint NOT NULL,
  `team_id` tinyint NOT NULL,
  `player_id` tinyint NOT NULL,
  `game_id` tinyint NOT NULL
) ENGINE=MyISAM */;
SET character_set_client = @saved_cs_client;

--
-- Table structure for table `games`
--

DROP TABLE IF EXISTS `games`;
/*!40101 SET @saved_cs_client     = @@character_set_client */;
/*!40101 SET character_set_client = utf8 */;
CREATE TABLE `games` (
  `id` smallint(5) unsigned NOT NULL AUTO_INCREMENT,
  `espn_id` int(10) unsigned DEFAULT NULL,
  `time` datetime DEFAULT NULL,
  `away_team_id` smallint(5) unsigned DEFAULT NULL,
  `home_team_id` smallint(5) unsigned DEFAULT NULL,
  `value` smallint(6) DEFAULT '1',
  `description` varchar(255) DEFAULT NULL,
  `final` smallint(6) DEFAULT '0',
  PRIMARY KEY (`id`),
  KEY `away_team_id` (`away_team_id`),
  KEY `home_team_id` (`home_team_id`),
  CONSTRAINT `games_ibfk_1` FOREIGN KEY (`away_team_id`) REFERENCES `teams` (`id`) ON UPDATE CASCADE,
  CONSTRAINT `games_ibfk_2` FOREIGN KEY (`home_team_id`) REFERENCES `teams` (`id`) ON UPDATE CASCADE
) ENGINE=InnoDB AUTO_INCREMENT=43 DEFAULT CHARSET=latin1;
/*!40101 SET character_set_client = @saved_cs_client */;

--
-- Dumping data for table `games`
--

LOCK TABLES `games` WRITE;
/*!40000 ALTER TABLE `games` DISABLE KEYS */;
INSERT INTO `games` VALUES (1,331001123,'2013-10-01 20:07:00',7,22,1,'NL Wild Card',1),(2,331002105,'2013-10-02 20:07:00',27,8,1,'AL Wild Card',1),(3,331004111,'2013-10-04 21:37:00',10,20,1,'ALDS Game 1',1),(4,331005111,'2013-10-05 21:07:00',10,20,1,'ALDS Game 2',1),(5,331007106,'2013-10-07 13:07:00',20,10,1,'ALDS Game 3',1),(6,331008106,'2013-10-08 17:07:00',20,10,1,'ALDS Game 4',1),(7,331010111,'2013-10-10 20:07:00',10,20,1,'ALDS Game 5',1),(8,331004102,'2013-10-04 15:07:00',27,4,1,'ALDS Game 1',1),(9,331005102,'2013-10-05 17:37:00',27,4,1,'ALDS Game 2',1),(10,331007130,'2013-10-07 18:07:00',4,27,1,'ALDS Game 3',1),(11,331008130,'2013-10-08 20:37:00',4,27,1,'ALDS Game 4',1),(13,331003115,'2013-10-03 20:37:00',14,2,1,'NLDS Game 1',1),(14,331004115,'2013-10-04 18:07:00',14,2,1,'NLDS Game 2',1),(15,331006119,'2013-10-06 20:07:00',2,14,1,'NLDS Game 3',1),(16,331007119,'2013-10-07 21:37:00',2,14,1,'NLDS Game 4',1),(18,331003124,'2013-10-03 17:07:00',22,26,1,'NLDS Game 1',1),(19,331004124,'2013-10-04 13:07:00',22,26,1,'NLDS Game 2',1),(20,331006123,'2013-10-06 16:37:00',26,22,1,'NLDS Game 3',1),(21,331007123,'2013-10-07 15:07:00',26,22,1,'NLDS Game 4',1),(22,331009124,'2013-10-09 20:07:00',22,26,1,'NLDS Game 5',1),(23,331012102,'2013-10-12 20:00:00',10,4,2,'ALCS Game 1',1),(24,331013102,'2013-10-13 20:00:00',10,4,2,'ALCS Game 2',1),(25,331015106,'2013-10-15 16:00:00',4,10,2,'ALCS Game 3',1),(26,331016106,'2013-10-16 20:00:00',4,10,2,'ALCS Game 4',1),(27,331017106,'2013-10-17 20:00:00',4,10,2,'ALCS Game 5',1),(28,331019102,'2013-10-19 20:00:00',10,4,2,'ALCS Game 6',1),(30,331011124,'2013-10-11 20:37:00',14,26,2,'NLCS Game 1',1),(31,331012124,'2013-10-12 16:07:00',14,26,2,'NLCS Game 2',1),(32,331014119,'2013-10-14 20:00:00',26,14,2,'NLCS Game 3',1),(33,331015119,'2013-10-15 20:00:00',26,14,2,'NLCS Game 4',1),(34,331016119,'2013-10-16 16:00:00',26,14,2,'NLCS Game 5',1),(35,331018124,'2013-10-18 20:30:00',14,26,2,'NLCS Game 6',1),(37,331023102,'2013-10-23 20:07:00',26,4,4,'WS Game 1',1),(38,331024102,'2013-10-24 20:07:00',26,4,4,'WS Game 2',1),(39,331026124,'2013-10-26 20:07:00',4,26,4,'WS Game 3',1),(40,331027124,'2013-10-27 20:15:00',4,26,4,'WS Game 4',1),(41,331028124,'2013-10-28 20:15:00',4,26,4,'WS Game 5',1),(42,331030102,'2013-10-30 20:07:00',26,4,4,'WS Game 6',1);
/*!40000 ALTER TABLE `games` ENABLE KEYS */;
UNLOCK TABLES;

--
-- Table structure for table `picks`
--

DROP TABLE IF EXISTS `picks`;
/*!40101 SET @saved_cs_client     = @@character_set_client */;
/*!40101 SET character_set_client = utf8 */;
CREATE TABLE `picks` (
  `id` smallint(5) unsigned NOT NULL AUTO_INCREMENT,
  `user_id` smallint(5) unsigned DEFAULT NULL,
  `game_id` smallint(5) unsigned DEFAULT NULL,
  `player_id` mediumint(8) unsigned DEFAULT NULL,
  PRIMARY KEY (`id`),
  KEY `user_id` (`user_id`),
  KEY `game_id` (`game_id`),
  KEY `player_id` (`player_id`),
  CONSTRAINT `picks_ibfk_1` FOREIGN KEY (`user_id`) REFERENCES `users` (`id`) ON UPDATE CASCADE,
  CONSTRAINT `picks_ibfk_2` FOREIGN KEY (`game_id`) REFERENCES `games` (`id`) ON UPDATE CASCADE,
  CONSTRAINT `picks_ibfk_3` FOREIGN KEY (`player_id`) REFERENCES `players` (`id`) ON UPDATE CASCADE
) ENGINE=InnoDB AUTO_INCREMENT=638 DEFAULT CHARSET=latin1;
/*!40101 SET character_set_client = @saved_cs_client */;

--
-- Dumping data for table `picks`
--

LOCK TABLES `picks` WRITE;
/*!40000 ALTER TABLE `picks` DISABLE KEYS */;
INSERT INTO `picks` VALUES (1,11,1,5033),(2,12,1,28701),(3,11,13,6307),(4,3,1,5033),(5,3,2,31007),(6,11,2,6497),(7,3,13,5035),(8,10,1,30466),(9,2,1,28670),(10,2,2,28639),(11,3,18,31015),(12,3,3,29074),(13,3,14,32863),(14,3,4,5299),(15,3,15,30193),(16,3,5,3723),(17,5,1,30004),(18,5,2,5937),(19,5,13,6309),(24,16,1,28701),(25,6,1,28763),(26,9,1,28701),(27,9,2,28639),(28,9,13,32574),(29,9,3,29563),(30,9,14,30193),(31,8,1,5031),(32,4,1,5033),(33,17,1,28670),(34,13,1,5033),(35,15,1,5031),(36,15,2,30493),(37,1,1,5031),(38,18,1,5036),(39,18,2,31265),(40,19,1,6205),(41,3,19,29962),(42,3,8,5409),(43,3,9,28444),(44,11,18,6390),(45,16,2,28639),(46,16,18,29590),(47,12,2,31007),(48,8,2,30523),(49,15,18,30830),(50,15,13,30193),(51,15,19,29962),(52,15,14,6309),(53,15,3,29563),(54,15,4,32080),(55,15,15,29616),(56,15,20,28701),(57,15,5,28920),(58,15,16,31728),(59,15,21,29691),(60,6,2,5937),(61,4,2,30043),(62,17,2,28536),(63,13,2,6124),(64,13,18,6390),(65,13,13,6307),(66,10,2,30280),(67,20,2,4169),(68,1,2,30043),(69,19,2,6497),(70,20,14,6462),(71,20,18,30687),(72,20,13,29258),(73,20,19,5033),(74,9,18,29590),(75,9,19,6390),(76,18,18,5798),(77,18,13,31728),(78,18,19,5033),(79,12,18,30830),(80,12,13,30193),(81,2,18,5986),(82,2,13,31728),(83,2,19,29691),(84,8,18,31015),(85,8,13,6307),(86,20,3,5299),(87,5,18,5798),(88,4,18,29590),(89,4,13,6307),(90,17,18,29694),(91,18,8,28662),(92,18,14,32863),(93,18,3,5527),(94,10,18,5379),(95,6,18,29590),(96,10,13,5405),(97,1,18,5379),(98,19,18,5033),(99,6,13,6307),(100,16,13,30193),(101,16,19,5379),(102,16,8,28536),(103,16,14,29616),(104,16,3,29563),(105,1,13,6307),(106,19,13,4566),(107,20,8,30493),(108,13,19,30830),(109,13,8,4169),(110,13,14,28841),(111,13,3,29732),(112,13,9,28662),(113,13,4,32080),(114,13,15,29616),(115,13,20,29962),(116,9,8,30493),(117,9,9,31265),(118,9,4,30195),(119,9,15,29616),(120,9,20,30830),(121,1,19,29590),(122,11,8,4169),(123,11,19,29691),(124,11,3,30115),(125,11,14,29258),(126,11,9,28662),(127,11,4,5299),(128,4,19,30830),(129,4,8,30493),(130,4,14,28841),(131,4,3,30195),(132,8,8,29124),(133,8,3,5299),(134,8,19,30830),(135,8,14,28841),(136,2,8,6497),(137,12,19,5033),(138,12,8,28637),(139,12,14,29616),(140,12,3,29074),(141,19,19,30830),(142,19,8,28536),(143,19,14,6195),(144,19,3,30115),(145,15,8,6138),(146,15,9,28639),(147,15,10,6497),(148,17,19,5379),(149,6,19,30830),(150,1,8,30493),(151,10,8,28444),(152,10,14,6309),(153,10,3,30382),(154,3,20,29590),(155,3,10,31265),(156,6,8,31265),(157,20,9,31265),(158,20,4,32080),(159,20,15,30193),(160,20,20,6390),(161,1,14,29551),(162,6,14,6309),(163,16,9,31265),(164,16,4,29453),(165,5,14,30193),(166,5,3,30035),(167,17,14,6309),(168,17,3,29563),(169,1,3,30195),(170,16,20,30830),(171,16,15,29551),(172,6,3,30195),(173,9,16,29551),(174,9,5,32080),(175,9,10,28536),(176,9,21,5986),(177,4,9,28536),(178,4,4,5299),(179,17,9,5409),(180,17,4,29254),(181,1,9,6497),(182,10,9,28536),(183,1,4,29074),(184,10,4,29074),(185,12,9,30493),(186,12,4,28844),(187,8,9,28662),(188,8,4,31006),(189,8,20,6390),(190,8,15,30193),(191,6,9,28536),(192,6,4,5299),(193,18,9,6497),(194,18,4,6397),(195,18,20,29691),(196,18,15,29616),(197,19,9,28639),(198,19,4,3723),(199,1,20,29694),(200,1,15,6462),(201,2,20,31015),(202,2,15,32863),(203,2,5,5299),(204,2,21,5940),(205,2,10,28536),(206,2,16,32574),(207,11,20,3971),(208,11,15,30193),(209,5,20,29694),(210,5,15,29551),(211,5,5,28541),(212,4,20,5940),(213,4,15,30193),(214,19,20,6390),(215,19,15,31728),(216,17,20,5986),(217,17,15,30193),(218,11,5,28920),(219,11,10,5799),(220,11,21,30399),(221,10,20,6390),(222,10,15,28841),(223,10,5,28920),(224,11,16,6309),(225,6,20,5798),(226,12,20,29590),(227,12,15,29551),(228,18,5,5299),(229,18,21,31359),(230,18,10,30493),(231,18,16,30193),(232,6,15,5035),(233,1,5,30115),(234,4,5,29453),(235,4,21,29691),(236,4,10,31265),(237,4,16,29551),(238,15,6,3723),(239,15,11,28536),(240,15,22,28763),(243,15,7,30195),(244,10,21,29694),(245,10,10,30493),(246,10,16,30193),(247,1,21,3971),(248,1,10,28536),(249,1,16,30193),(250,20,5,29563),(251,20,21,30830),(252,20,10,5799),(253,20,16,32863),(254,20,6,3723),(255,20,11,6497),(256,20,22,31359),(258,17,21,31015),(259,17,10,6138),(260,17,16,29551),(261,13,21,5940),(262,16,21,31015),(263,16,10,6497),(264,16,16,6309),(265,16,6,5007),(266,16,11,30493),(267,12,21,5379),(268,12,10,28639),(269,12,16,32863),(270,13,10,5799),(271,13,16,6309),(272,6,21,29694),(273,6,10,28639),(274,6,16,30193),(275,5,10,28639),(276,5,16,6462),(277,5,6,30195),(278,13,11,6497),(279,13,6,5007),(280,18,6,3723),(281,18,11,28639),(282,8,10,30910),(283,8,16,29551),(284,8,6,30115),(285,8,11,29105),(286,16,22,5033),(287,9,6,5544),(288,9,11,28662),(289,9,22,5798),(292,9,7,5915),(293,11,6,3723),(294,11,11,28536),(295,4,6,3723),(296,4,11,6497),(297,11,22,29590),(298,5,11,28536),(300,20,7,30115),(301,12,6,32080),(302,12,11,6497),(303,6,6,5007),(304,6,11,30493),(305,10,6,5339),(306,17,6,5299),(307,17,11,28639),(308,10,11,6497),(309,1,6,5007),(310,19,6,5339),(311,1,11,5409),(312,19,11,30493),(313,13,22,28701),(315,13,7,5299),(316,8,22,5986),(318,8,7,5007),(319,18,22,29590),(320,18,7,30382),(321,16,7,5527),(322,5,22,3971),(323,5,7,5299),(324,12,22,6390),(325,12,7,28541),(326,19,22,29962),(327,4,22,28701),(328,6,22,30399),(329,1,7,5915),(330,1,22,28701),(331,10,22,29962),(332,10,7,29453),(333,11,7,32080),(334,12,30,5940),(335,2,7,5527),(336,2,30,6195),(337,2,23,28637),(338,2,31,3971),(339,3,7,5527),(340,3,30,3971),(341,3,31,6195),(342,3,32,29258),(343,19,7,5007),(344,15,30,31015),(345,15,31,30011),(346,4,7,32080),(347,17,7,28844),(348,11,30,29694),(349,5,30,29691),(350,6,7,3723),(351,13,30,29691),(352,13,31,4657),(353,4,30,31015),(354,16,30,5035),(355,8,30,5035),(356,19,30,5035),(357,1,30,31359),(358,17,30,29258),(359,10,30,5940),(360,10,31,5035),(361,10,23,31232),(362,9,30,6195),(363,9,31,5405),(364,9,23,5007),(365,18,30,29258),(366,15,23,5007),(367,15,24,28637),(368,5,31,5986),(369,13,23,6298),(370,13,24,28663),(371,20,30,29691),(372,18,31,5086),(373,18,23,5007),(374,18,24,5409),(375,11,23,6298),(376,11,31,4657),(377,20,31,5035),(378,20,23,5339),(379,4,31,5035),(380,4,23,5007),(381,20,24,30910),(382,19,31,29258),(383,19,23,5527),(384,8,31,5086),(385,8,23,3723),(386,1,31,5035),(387,1,23,29453),(388,16,31,5405),(389,16,23,28637),(390,11,24,28663),(391,11,32,32574),(392,11,25,5007),(393,11,33,5405),(394,11,34,5035),(395,11,26,5409),(396,11,27,5527),(397,11,35,5086),(398,11,28,5544),(400,12,31,31015),(401,12,23,6393),(402,9,24,29453),(403,9,32,5035),(404,9,25,5339),(405,18,32,5035),(406,5,23,5527),(407,5,24,29453),(408,5,32,31015),(409,8,24,3748),(410,4,24,28637),(411,16,24,5409),(412,16,32,32574),(413,10,24,28637),(414,6,24,5527),(415,17,24,28444),(416,12,24,3748),(417,12,32,4657),(418,1,24,29660),(419,19,24,5409),(420,19,32,5405),(421,18,25,5860),(422,18,33,5940),(423,12,25,6298),(424,5,25,28637),(425,5,33,5940),(426,4,32,29694),(427,8,32,29694),(428,17,32,5405),(429,10,32,32574),(430,1,32,5405),(431,13,32,6481),(432,13,25,5527),(433,13,33,3971),(434,20,32,6481),(435,20,25,28663),(436,20,33,6195),(437,15,32,5035),(438,15,25,5527),(439,15,33,5986),(440,19,25,28663),(441,19,33,5086),(442,12,33,29694),(443,4,25,5527),(444,4,33,5086),(445,16,25,3723),(446,16,33,5986),(447,17,25,28663),(448,17,33,6481),(449,9,33,4566),(450,1,25,28637),(451,1,33,5986),(452,8,25,5915),(453,8,33,32574),(454,13,26,30910),(455,10,25,5007),(456,13,27,3748),(457,10,33,5086),(458,6,33,6195),(459,6,34,5986),(460,6,26,30910),(461,19,34,6481),(462,18,34,32574),(463,18,26,5915),(464,18,27,28637),(465,18,35,5405),(466,18,28,5544),(467,12,34,32574),(468,12,26,29453),(469,4,34,5405),(470,4,26,5409),(471,20,34,5405),(472,20,26,29453),(473,20,27,5007),(474,20,35,32574),(475,20,28,5544),(478,16,34,5086),(479,16,26,6298),(480,15,26,29453),(481,15,34,4657),(482,9,34,4657),(483,9,26,3723),(484,9,27,31006),(485,9,35,30726),(486,9,28,30115),(489,5,34,4657),(490,5,26,5915),(491,5,27,3723),(492,17,34,5035),(493,17,26,29453),(494,10,34,6195),(495,10,26,5915),(496,8,34,5405),(497,8,26,5527),(498,13,34,5405),(499,1,26,28444),(500,19,26,28637),(501,13,35,30011),(502,8,27,5544),(503,12,27,28444),(504,12,35,5035),(505,17,27,6393),(506,10,27,5527),(507,15,27,5409),(508,1,27,31606),(509,16,27,28444),(510,16,35,4657),(511,16,28,6393),(512,4,27,3748),(513,17,35,6195),(514,19,27,5915),(515,8,35,29258),(516,8,28,29453),(519,4,35,32574),(520,15,35,5405),(521,15,28,5915),(524,1,35,6481),(525,19,35,32574),(526,10,35,4657),(528,4,28,5544),(529,17,28,3723),(530,10,28,3723),(531,19,28,5544),(532,1,28,5544),(534,8,37,5940),(535,8,38,28637),(536,8,39,3971),(537,8,40,31359),(538,8,41,6393),(539,8,42,28444),(541,11,37,5940),(542,16,37,30399),(543,20,37,28637),(544,1,37,31015),(545,1,38,5940),(546,1,39,3748),(547,1,40,6298),(548,12,37,3971),(549,12,38,5986),(550,12,39,29691),(551,12,40,31359),(552,12,41,31606),(553,15,37,6393),(554,15,38,5940),(555,15,39,3971),(556,15,40,3748),(557,15,41,28444),(558,15,42,30399),(560,9,37,6393),(561,9,38,3748),(562,9,39,5940),(563,9,40,3971),(564,9,41,30399),(565,9,42,28637),(567,10,37,5986),(568,10,38,3748),(569,10,39,6393),(570,10,40,3971),(571,10,41,31015),(572,10,42,5409),(574,17,37,3748),(575,18,37,6393),(576,18,38,28444),(577,18,39,3971),(578,18,40,5986),(579,18,41,3748),(580,18,42,30399),(582,11,38,3748),(583,11,39,28637),(584,11,40,31015),(585,3,37,3748),(586,3,38,28637),(587,3,39,5940),(588,3,40,5986),(589,3,41,29694),(590,3,42,6393),(592,4,37,5986),(593,13,37,5986),(594,13,38,6393),(595,13,39,31015),(596,13,40,28637),(597,20,38,28444),(598,20,39,3748),(599,20,40,6393),(600,20,41,29694),(601,20,42,5986),(603,19,37,3748),(604,6,37,28444),(605,12,42,5409),(606,16,38,3748),(607,16,39,5940),(608,16,40,30910),(609,16,41,3971),(610,16,42,31359),(612,4,38,6393),(613,17,38,28637),(614,19,38,5940),(615,6,38,3748),(616,17,39,3971),(617,13,41,5409),(618,13,42,29694),(620,4,39,3971),(621,11,41,6393),(622,11,42,5986),(624,19,39,5986),(625,4,40,30910),(626,17,40,5940),(627,1,41,30399),(628,19,40,30399),(629,4,41,31359),(630,19,41,6393),(631,17,41,32061),(632,19,42,3971),(633,4,42,30399),(634,17,42,30399),(637,1,42,6393);
/*!40000 ALTER TABLE `picks` ENABLE KEYS */;
UNLOCK TABLES;

--
-- Table structure for table `players`
--

DROP TABLE IF EXISTS `players`;
/*!40101 SET @saved_cs_client     = @@character_set_client */;
/*!40101 SET character_set_client = utf8 */;
CREATE TABLE `players` (
  `id` mediumint(8) unsigned NOT NULL,
  `team_id` smallint(5) unsigned DEFAULT NULL,
  `name` varchar(255) DEFAULT NULL,
  `position` varchar(2) DEFAULT NULL,
  `bats` char(1) DEFAULT NULL,
  `throws` char(1) DEFAULT NULL,
  PRIMARY KEY (`id`),
  KEY `team_id` (`team_id`),
  CONSTRAINT `players_ibfk_1` FOREIGN KEY (`team_id`) REFERENCES `teams` (`id`) ON UPDATE CASCADE
) ENGINE=InnoDB DEFAULT CHARSET=latin1;
/*!40101 SET character_set_client = @saved_cs_client */;

--
-- Dumping data for table `players`
--

LOCK TABLES `players` WRITE;
/*!40000 ALTER TABLE `players` DISABLE KEYS */;
INSERT INTO `players` VALUES (2969,29,'Darren Oliver','RP','R','L'),(3115,19,'Alex Rodriguez','3B','R','R'),(3171,19,'Andy Pettitte','SP','L','L'),(3176,18,'LaTroy Hawkins','RP','R','R'),(3226,8,'Jason Giambi','DH','L','R'),(3240,19,'Mariano Rivera','RP','R','R'),(3489,27,'Jamey Wright','RP','R','R'),(3504,25,'Raul Ibanez','LF','L','R'),(3602,20,'Bartolo Colon','SP','R','R'),(3685,23,'Mark Kotsay','LF','L','L'),(3701,25,'Henry Blanco','C','R','R'),(3709,9,'Todd Helton','1B','L','L'),(3723,10,'Torii Hunter','RF','R','R'),(3747,6,'Paul Konerko','1B','R','R'),(3748,4,'David Ortiz','DH','L','L'),(3845,4,'Ryan Dempster','SP','R','R'),(3853,16,'Aramis Ramirez','3B','R','R'),(3878,28,'Adrian Beltre','3B','R','R'),(3888,15,'Placido Polanco','3B','R','R'),(3910,18,'Tim Byrdak','RP','L','L'),(3926,12,'Bruce Chen','RP','L','L'),(3933,29,'Mark DeRosa','2B','R','R'),(3948,28,'A.J. Pierzynski','C','L','R'),(3953,1,'Eric Chavez','3B','L','R'),(3966,14,'Jerry Hairston Jr.','3B','R','R'),(3971,26,'Carlos Beltran','RF','B','R'),(3973,21,'Roy Halladay','SP','R','R'),(3993,19,'Alfonso Soriano','LF','R','R'),(4007,2,'Freddy Garcia','SP','R','R'),(4044,28,'Joe Nathan','RP','R','R'),(4049,22,'Kyle Farnsworth','RP','R','R'),(4108,4,'John McDonald','SS','R','R'),(4118,28,'Lance Berkman','DH','B','L'),(4153,22,'A.J. Burnett','SP','R','R'),(4166,19,'Vernon Wells','LF','R','R'),(4169,27,'Jose Molina','C','R','R'),(4233,24,'Barry Zito','SP','L','L'),(4258,21,'Jimmy Rollins','SS','B','R'),(4262,30,'Jayson Werth','RF','R','R'),(4286,2,'Scott Downs','RP','L','L'),(4350,22,'Jason Grilli','RP','R','R'),(4416,7,'Bronson Arroyo','SP','R','R'),(4422,26,'Jake Westbrook','SP','R','R'),(4440,26,'Randy Choate','RP','L','L'),(4454,29,'Mark Buehrle','SP','L','L'),(4486,15,'Juan Pierre','LF','L','L'),(4514,24,'Ryan Vogelsong','SP','R','R'),(4566,14,'Michael Young','3B','R','R'),(4568,9,'Yorvit Torrealba','C','R','R'),(4570,19,'Ichiro Suzuki','RF','L','R'),(4575,9,'Roy Oswalt','SP','R','R'),(4588,10,'Joaquin Benoit','RP','R','R'),(4598,19,'Lyle Overbay','1B','L','L'),(4600,30,'Rafael Soriano','RP','R','R'),(4603,1,'Willie Bloomquist','2B','R','R'),(4604,9,'Michael Cuddyer','RF','R','R'),(4607,7,'Cesar Izturis','SS','B','R'),(4616,5,'Darnell McDonald','LF','R','R'),(4652,13,'Josh Hamilton','RF','L','L'),(4657,14,'Juan Uribe','3B','R','R'),(4695,29,'R.A. Dickey','SP','R','R'),(4727,25,'Endy Chavez','RF','L','L'),(4752,19,'Travis Hafner','DH','L','R'),(4755,18,'Scott Atchison','RP','R','R'),(4773,3,'Brian Roberts','2B','B','R'),(4789,16,'Kyle Lohse','SP','R','R'),(4808,6,'Adam Dunn','1B','L','R'),(4811,20,'Grant Balfour','RP','R','R'),(4946,14,'Nick Punto','SS','B','R'),(4951,7,'Corky Miller','C','R','R'),(5007,10,'Victor Martinez','DH','B','R'),(5019,4,'Jake Peavy','SP','R','R'),(5026,13,'Jerome Williams','SP','R','R'),(5031,7,'Brandon Phillips','2B','R','R'),(5033,22,'Marlon Byrd','RF','R','R'),(5035,14,'Carl Crawford','LF','L','L'),(5036,7,'Ryan Ludwick','LF','R','L'),(5061,24,'Jeremy Affeldt','RP','L','L'),(5086,14,'Mark Ellis','2B','R','R'),(5099,11,'Erik Bedard','SP','L','L'),(5109,29,'Ryan Langerhans','1B','L','L'),(5111,27,'Fernando Rodney','RP','R','R'),(5178,10,'Ramon Santiago','2B','B','R'),(5181,18,'Aaron Harang','SP','R','R'),(5192,25,'Oliver Perez','RP','L','L'),(5203,4,'John Lackey','SP','R','R'),(5206,4,'David Ross','C','R','R'),(5217,24,'Marco Scutaro','2B','R','R'),(5219,1,'Wil Nieves','C','R','R'),(5299,20,'Coco Crisp','CF','B','R'),(5314,18,'Pedro Feliciano','RP','L','L'),(5339,10,'Omar Infante','2B','R','R'),(5349,12,'Jamey Carroll','3B','R','R'),(5353,21,'Cliff Lee','SP','L','L'),(5357,3,'Francisco Rodriguez','RP','R','R'),(5370,12,'Jeremy Guthrie','SP','R','R'),(5371,28,'Jeff Baker','1B','R','R'),(5379,22,'Justin Morneau','1B','L','R'),(5383,21,'Chase Utley','2B','L','R'),(5385,15,'Koyie Hill','C','B','R'),(5388,24,'Javier Lopez','RP','L','L'),(5389,2,'Luis Ayala','RP','R','R'),(5401,30,'Scott Hairston','LF','R','R'),(5402,30,'Chad Tracy','1B','L','R'),(5403,26,'Adam Wainwright','SP','R','R'),(5405,14,'Adrian Gonzalez','1B','L','L'),(5407,22,'John Buck','C','R','R'),(5409,4,'Shane Victorino','RF','B','R'),(5411,29,'Jose Reyes','SS','B','R'),(5436,10,'Jeremy Bonderman','RP','R','R'),(5452,2,'Reed Johnson','RF','R','R'),(5465,2,'Gerald Laird','C','R','R'),(5469,14,'Chris Capuano','SP','L','L'),(5527,10,'Jhonny Peralta','SS','R','R'),(5544,10,'Miguel Cabrera','3B','R','R'),(5565,30,'Dan Haren','SP','R','R'),(5580,17,'Kevin Correia','SP','R','R'),(5640,1,'J.J. Putz','RP','R','R'),(5641,5,'Kevin Gregg','RP','R','R'),(5642,16,'Mike Gonzalez','RP','R','L'),(5644,28,'Neal Cotts','RP','L','L'),(5650,4,'Matt Thornton','RP','L','L'),(5794,25,'Humberto Quintero','C','R','R'),(5798,22,'Clint Barmes','SS','R','R'),(5799,27,'David DeJesus','LF','L','L'),(5829,9,'Matt Belisle','RP','R','R'),(5842,5,'Edwin Jackson','SP','R','R'),(5860,4,'Jonny Gomes','LF','R','R'),(5879,30,'Adam LaRoche','1B','L','L'),(5880,28,'Alex Rios','RF','R','R'),(5883,14,'Zack Greinke','SP','R','R'),(5902,5,'Dioner Navarro','C','B','R'),(5906,9,'Jorge De La Rosa','SP','L','L'),(5908,3,'J.J. Hardy','SS','R','R'),(5915,10,'Prince Fielder','1B','L','R'),(5917,8,'Scott Kazmir','SP','L','L'),(5919,29,'Dustin McGowan','RP','R','R'),(5921,15,'Jeff Mathis','C','R','R'),(5933,18,'David Aardsma','RP','R','R'),(5937,8,'Nick Swisher','1B','B','L'),(5938,28,'Jason Frasor','RP','R','R'),(5940,26,'Matt Holliday','LF','R','R'),(5963,18,'Frank Francisco','RP','R','R'),(5970,2,'B.J. Upton','CF','R','R'),(5986,26,'Yadier Molina','C','R','R'),(6018,28,'Travis Blackley','RP','L','L'),(6024,17,'Josh Willingham','LF','R','R'),(6034,15,'Chad Qualls','RP','R','R'),(6035,18,'David Wright','3B','R','R'),(6038,9,'Jeff Francis','SP','L','L'),(6060,24,'Santiago Casilla','RP','R','R'),(6065,27,'Freddy Guzman','CF','B','R'),(6070,3,'Chris Snyder','C','R','R'),(6076,6,'Jeff Keppinger','2B','R','R'),(6084,1,'Heath Bell','RP','R','R'),(6088,21,'Pete Orr','3B','L','R'),(6096,3,'Dan Johnson','DH','L','R'),(6099,15,'Greg Dobbs','1B','L','R'),(6102,8,'Jason Kubel','LF','L','R'),(6124,8,'Ryan Raburn','RF','R','R'),(6125,19,'Curtis Granderson','CF','L','R'),(6128,23,'Rene Rivera','C','R','R'),(6130,5,'Donnie Murphy','3B','R','R'),(6132,13,'Joe Blanton','SP','R','R'),(6135,14,'Brandon League','RP','R','R'),(6136,2,'Kameron Loe','RP','R','R'),(6138,27,'Delmon Young','DH','R','R'),(6175,23,'Huston Street','RP','R','R'),(6188,25,'Kendrys Morales','DH','B','R'),(6190,1,'Aaron Hill','2B','R','R'),(6191,1,'Brandon McCarthy','SP','R','R'),(6194,25,'Felix Hernandez','SP','R','R'),(6195,14,'Hanley Ramirez','SS','R','R'),(6197,28,'Ian Kinsler','2B','R','R'),(6200,8,'Kelly Shoppach','C','R','R'),(6202,24,'Matt Cain','SP','R','R'),(6204,19,'Robinson Cano','2B','L','R'),(6205,7,'Shin-Soo Choo','CF','L','L'),(6207,23,'Tim Stauffer','RP','R','R'),(6211,22,'Francisco Liriano','SP','L','L'),(6216,21,'Cole Hamels','SP','L','L'),(6218,16,'Yuniesky Betancourt','1B','R','R'),(6219,7,'Zach Duke','RP','L','L'),(6220,3,'Nate McLouth','LF','L','R'),(6229,27,'Luke Scott','DH','L','R'),(6242,28,'Nelson Cruz','RF','R','R'),(6254,23,'Ronny Cedeno','SS','R','R'),(6261,5,'Scott Baker','SP','R','R'),(6263,18,'Sean Henn','RP','R','L'),(6280,12,'Ervin Santana','SP','R','R'),(6285,10,'Brayan Pena','C','B','R'),(6287,27,'Joel Peralta','RP','R','R'),(6295,27,'Kelly Johnson','LF','L','R'),(6298,4,'Stephen Drew','SS','L','R'),(6300,3,'Michael Morse','RF','R','R'),(6304,17,'Ryan Doumit','C','B','R'),(6307,14,'Skip Schumaker','2B','L','R'),(6309,2,'Brian McCann','C','L','R'),(6311,13,'C.J. Wilson','SP','L','L'),(6312,14,'J.P. Howell','RP','L','L'),(6321,8,'Rich Hill','RP','L','L'),(6341,10,'Justin Verlander','SP','R','R'),(6352,13,'Jason Vargas','SP','L','L'),(6356,27,'Roberto Hernandez','SP','R','R'),(6365,4,'Craig Breslow','RP','L','L'),(6373,21,'Jonathan Papelbon','RP','R','R'),(6374,18,'Omar Quintanilla','SS','L','R'),(6383,25,'Joe Saunders','SP','L','L'),(6384,3,'Scott Feldman','SP','L','R'),(6389,30,'Ryan Zimmerman','3B','R','R'),(6390,22,'Russell Martin','C','R','R'),(6393,4,'Dustin Pedroia','2B','R','R'),(6396,12,'Billy Butler','DH','R','R'),(6397,20,'Daric Barton','1B','L','R'),(6398,2,'Paul Maholm','SP','L','L'),(6401,14,'Edinson Volquez','RP','R','R'),(6408,25,'Franklin Gutierrez','CF','R','R'),(6428,28,'Geovany Soto','C','R','R'),(6431,23,'Chris Denorfia','RF','R','R'),(6449,16,'Tom Gorzelanny','RP','L','L'),(6462,2,'Dan Uggla','2B','R','R'),(6463,3,'Jason Pridie','LF','L','R'),(6470,24,'Yusmeiro Petit','RP','R','R'),(6472,10,'Anibal Sanchez','SP','R','R'),(6475,22,'Felix Pie','LF','L','L'),(6478,3,'Nick Markakis','RF','L','L'),(6479,13,'Jered Weaver','SP','R','R'),(6480,3,'Jason Hammel','SP','R','R'),(6481,14,'Andre Ethier','CF','L','L'),(6482,17,'Glen Perkins','RP','L','L'),(6486,19,'Boone Logan','RP','R','L'),(6488,24,'Angel Pagan','CF','B','R'),(6489,7,'Sean Marshall','RP','L','L'),(6491,14,'Ricky Nolasco','SP','R','R'),(6497,27,'James Loney','1B','L','L'),(6500,14,'Peter Moylan','RP','R','R'),(6513,1,'Martin Prado','3B','R','R'),(6514,20,'Chris Young','CF','R','R'),(6522,13,'Erick Aybar','SS','B','R'),(6524,13,'Howie Kendrick','2B','R','R'),(6526,29,'Casey Janssen','RP','R','R'),(6528,21,'Kevin Frandsen','1B','R','R'),(28444,4,'Mike Napoli','1B','R','R'),(28447,21,'Carlos Ruiz','C','R','R'),(28466,5,'Carlos Villanueva','RP','R','R'),(28468,7,'Jack Hannahan','3B','L','R'),(28474,12,'James Shields','SP','R','R'),(28476,14,'Matt Kemp','CF','R','R'),(28479,21,'Zach Miner','RP','R','R'),(28486,14,'Carlos Marmol','RP','R','R'),(28487,4,'Jon Lester','SP','L','L'),(28489,20,'Pat Neshek','RP','B','R'),(28498,10,'Jose Veras','RP','R','R'),(28501,26,'Edward Mujica','RP','R','R'),(28507,17,'Mike Pelfrey','SP','R','R'),(28508,6,'John Danks','SP','L','L'),(28513,3,'Adam Jones','CF','R','R'),(28522,9,'Manny Corpas','RP','R','R'),(28525,8,'Matt Albers','RP','L','R'),(28528,28,'Matt Garza','SP','R','R'),(28531,3,'Jim Johnson','RP','R','R'),(28535,8,'Michael Bourn','CF','L','R'),(28536,27,'Ben Zobrist','2B','B','R'),(28541,20,'Alberto Callaspo','2B','B','R'),(28545,29,'Rajai Davis','LF','R','R'),(28561,13,'Chris Iannetta','C','R','R'),(28567,9,'Troy Tulowitzki','SS','R','R'),(28575,3,'Alexi Casilla','2B','B','R'),(28577,19,'Chris Stewart','C','R','R'),(28578,5,'Ryan Sweeney','CF','L','L'),(28579,29,'Adam Lind','1B','L','L'),(28582,28,'David Murphy','LF','L','L'),(28586,1,'Miguel Montero','C','L','R'),(28591,23,'Eric Stults','SP','L','L'),(28596,11,'Philip Humber','SP','R','R'),(28603,24,'Joaquin Arias','3B','R','R'),(28612,21,'Cesar Jimenez','RP','L','L'),(28625,8,'Ubaldo Jimenez','SP','R','R'),(28631,18,'Daisuke Matsuzaka','SP','R','R'),(28636,12,'Alex Gordon','LF','L','R'),(28637,4,'Jacoby Ellsbury','CF','L','L'),(28638,19,'Phil Hughes','SP','R','R'),(28639,27,'Evan Longoria','3B','R','R'),(28642,11,'Trevor Crowe','RF','B','R'),(28643,12,'Luke Hochevar','RP','R','R'),(28650,16,'Yovani Gallardo','SP','R','R'),(28658,9,'Carlos Gonzalez','LF','L','L'),(28661,24,'Gregor Blanco','CF','L','L'),(28662,27,'Yunel Escobar','SS','R','R'),(28663,4,'Jarrod Saltalamacchia','C','B','R'),(28665,12,'George Kottaras','C','L','R'),(28668,7,'Homer Bailey','SP','R','R'),(28670,7,'Joey Votto','1B','L','R'),(28671,8,'Asdrubal Cabrera','SS','B','R'),(28673,1,'Tony Sipp','RP','L','L'),(28675,4,'Franklin Morales','RP','L','L'),(28682,6,'Matt Lindstrom','RP','R','R'),(28686,3,'Troy Patton','RP','B','L'),(28687,24,'Hunter Pence','RF','R','R'),(28688,28,'Joakim Soria','RP','R','R'),(28694,30,'Tyler Clippard','RP','R','R'),(28695,30,'Ross Ohlendorf','RP','R','R'),(28699,7,'Alfredo Simon','RP','R','R'),(28701,22,'Andrew McCutchen','CF','R','R'),(28705,24,'Tim Lincecum','SP','L','R'),(28728,6,'Alejandro De Aza','CF','L','L'),(28729,8,'Joe Smith','RP','R','R'),(28730,10,'Don Kelly','LF','L','R'),(28733,17,'Jared Burton','RP','R','R'),(28762,16,'Carlos Gomez','CF','R','R'),(28763,22,'Garrett Jones','1B','L','L'),(28772,19,'Mark Reynolds','1B','R','R'),(28777,24,'Tony Abreu','2B','B','R'),(28782,19,'Mike Zagurski','RP','L','L'),(28789,19,'Brendan Ryan','SS','R','R'),(28802,20,'Kurt Suzuki','C','R','R'),(28807,8,'Clay Rapada','RP','R','L'),(28809,23,'Chase Headley','3B','B','R'),(28815,5,'Nate Schierholtz','RF','L','R'),(28817,29,'J.A. Happ','SP','L','L'),(28827,7,'Manny Parra','RP','L','L'),(28836,1,'Joe Thatcher','RP','L','L'),(28841,2,'Justin Upton','LF','R','R'),(28844,20,'Brandon Moss','1B','L','R'),(28847,19,'Joba Chamberlain','RP','R','R'),(28850,28,'Ross Wolf','RP','R','R'),(28855,4,'Clay Buchholz','SP','L','R'),(28857,13,'J.C. Gutierrez','RP','R','R'),(28864,23,'Ian Kennedy','SP','R','R'),(28866,26,'Rob Johnson','C','R','R'),(28877,12,'Emilio Bonifacio','2B','B','R'),(28886,3,'Steve Pearce','DH','R','R'),(28896,12,'Justin Maxwell','RF','R','R'),(28899,7,'Ryan Hanigan','C','R','R'),(28905,27,'Sam Fuld','LF','L','L'),(28906,12,'Luis Mendoza','SP','R','R'),(28915,20,'Jerry Blevins','RP','L','L'),(28920,20,'Seth Smith','DH','L','L'),(28922,15,'Justin Ruggiano','CF','R','R'),(28940,27,'Wesley Wright','RP','R','L'),(28950,19,'Hiroki Kuroda','SP','R','R'),(28952,6,'Alexei Ramirez','SS','R','R'),(28954,7,'Jay Bruce','RF','L','L'),(28955,7,'Johnny Cueto','SP','R','R'),(28957,12,'Wade Davis','SP','R','R'),(28958,27,'David Price','SP','L','L'),(28959,27,'Jake McGee','RP','L','L'),(28960,17,'Brian Duensing','RP','L','L'),(28962,30,'Gio Gonzalez','SP','R','L'),(28963,14,'Clayton Kershaw','SP','L','L'),(28968,8,'Carlos Carrasco','SP','R','R'),(28971,2,'Jordan Schafer','CF','L','L'),(28972,6,'David Purcey','RP','L','L'),(28975,7,'Greg Reynolds','SP','R','R'),(28976,10,'Max Scherzer','SP','R','R'),(28977,8,'Justin Masterson','SP','R','R'),(28985,7,'Xavier Paul','LF','L','R'),(29067,10,'Danny Worth','2B','R','R'),(29074,20,'Jed Lowrie','SS','B','R'),(29077,17,'Clete Thomas','CF','L','R'),(29078,2,'Elliot Johnson','2B','B','R'),(29081,3,'Darren O\'Day','RP','R','R'),(29084,6,'Ramon Troncoso','RP','R','R'),(29087,30,'Denard Span','CF','L','L'),(29090,16,'Burke Badenhop','RP','R','R'),(29105,27,'Sean Rodriguez','LF','R','R'),(29119,9,'Jonathan Herrera','SS','B','R'),(29124,27,'Matt Joyce','RF','L','R'),(29130,2,'Paul Janish','3B','R','R'),(29134,8,'Chris Perez','RP','R','R'),(29145,8,'Mike Aviles','SS','R','R'),(29147,1,'Brad Ziegler','RP','R','R'),(29152,9,'Mitchell Boggs','RP','R','R'),(29155,22,'Charlie Morton','SP','R','R'),(29159,17,'Doug Bernier','2B','R','R'),(29166,5,'Jeff Samardzija','SP','R','R'),(29168,24,'Sergio Romo','RP','R','R'),(29170,3,'Chris Davis','1B','L','R'),(29172,19,'David Robertson','RP','R','R'),(29173,21,'Roger Bernadina','CF','L','L'),(29174,19,'Brett Gardner','CF','L','L'),(29180,23,'Nick Hundley','C','R','R'),(29189,22,'Travis Snider','RF','L','L'),(29198,3,'Tommy Hunter','RP','R','R'),(29200,18,'Daniel Murphy','2B','L','R'),(29202,12,'Francisley Bueno','RP','L','L'),(29206,28,'Adam Rosales','SS','R','R'),(29207,12,'Chris Getz','2B','L','R'),(29209,3,'Chris Dickerson','DH','L','L'),(29210,1,'Cliff Pennington','SS','B','R'),(29212,24,'Pablo Sandoval','3B','B','R'),(29215,16,'Marco Estrada','SP','R','R'),(29219,18,'Jonathon Niese','SP','L','L'),(29220,20,'Jesse Chavez','RP','R','R'),(29224,23,'Will Venable','RF','L','L'),(29229,12,'Alcides Escobar','SS','R','R'),(29232,17,'Shairon Martis','SP','R','R'),(29235,10,'Phil Coke','RP','L','L'),(29236,24,'Jose Mijares','RP','L','L'),(29246,5,'Luis Valbuena','3B','L','R'),(29251,9,'Josh Outman','RP','L','L'),(29252,9,'Dexter Fowler','CF','B','R'),(29254,10,'Matt Tuiasosopo','LF','R','R'),(29258,14,'A.J. Ellis','C','R','R'),(29263,6,'Conor Gillaspie','3B','L','R'),(29268,17,'Josh Roenicke','RP','R','R'),(29270,22,'Gaby Sanchez','1B','R','R'),(29278,9,'Wilton Lopez','RP','R','R'),(29287,3,'Matt Wieters','C','B','R'),(29310,3,'Miguel Gonzalez','SP','R','R'),(29316,13,'Hank Conger','C','B','R'),(29322,13,'Mark Trumbo','1B','R','R'),(29323,2,'Jordan Walden','RP','R','R'),(29330,13,'Andrew Romine','SS','L','R'),(29347,18,'Carlos Torres','RP','R','R'),(29361,27,'Chris Gimenez','C','R','R'),(29367,2,'Jose Constanza','LF','L','L'),(29376,17,'Casey Fien','RP','R','R'),(29398,11,'Cody Clark','C','R','R'),(29412,11,'Carlos Corporan','C','B','R'),(29416,12,'Lorenzo Cain','CF','R','R'),(29427,9,'Jeff Manship','SP','R','R'),(29434,17,'Cole De Vries','SP','R','R'),(29436,14,'Drew Butera','C','R','R'),(29439,3,'Danny Valencia','DH','R','R'),(29441,17,'Trevor Plouffe','3B','R','R'),(29446,22,'Mark Melancon','RP','R','R'),(29453,10,'Austin Jackson','CF','R','R'),(29464,8,'Matt Carson','RF','R','R'),(29469,22,'Jose Tabata','RF','R','R'),(29470,19,'Austin Romine','C','R','R'),(29486,11,'Chris Carter','1B','R','R'),(29490,18,'Anthony Recker','C','R','R'),(29503,25,'Carlos Triunfel','2B','R','R'),(29505,25,'Michael Saunders','CF','L','R'),(29515,28,'Elvis Andrus','SS','R','R'),(29524,21,'Erik Kratz','C','R','R'),(29537,29,'J.P. Arencibia','C','R','R'),(29542,29,'Sergio Santos','RP','R','R'),(29551,2,'Jason Heyward','RF','L','L'),(29554,5,'J.C. Boscan','C','R','R'),(29563,20,'Josh Donaldson','3B','R','R'),(29564,5,'Welington Castillo','C','R','R'),(29567,5,'Darwin Barney','2B','R','R'),(29590,22,'Neil Walker','2B','B','R'),(29601,16,'Juan Francisco','1B','L','R'),(29607,18,'Justin Turner','3B','R','R'),(29611,8,'Drew Stubbs','RF','R','R'),(29616,2,'Chris Johnson','3B','R','R'),(29630,14,'Kenley Jansen','RP','B','R'),(29646,30,'Ian Desmond','SS','R','R'),(29660,4,'Mike Carp','LF','L','R'),(29661,18,'Ruben Tejada','SS','R','R'),(29665,29,'Mike Nickeas','C','R','R'),(29669,1,'Tuffy Gosewisch','C','R','R'),(29670,21,'Freddy Galvis','2B','B','R'),(29673,21,'Domonic Brown','LF','L','L'),(29677,21,'Joe Savery','RP','L','L'),(29680,14,'Ronald Belisario','RP','R','R'),(29683,17,'Alex Presley','LF','L','L'),(29691,26,'Jon Jay','CF','L','L'),(29694,26,'David Freese','3B','R','R'),(29697,6,'Bryan Anderson','C','L','R'),(29698,2,'David Carpenter','RP','R','R'),(29703,15,'Donovan Solano','2B','R','R'),(29706,11,'Matt Pagnozzi','C','R','R'),(29710,27,'Jose Lobaton','C','B','R'),(29723,18,'Mike Baxter','RF','L','R'),(29724,23,'Kyle Blanks','RF','R','R'),(29727,6,'Dylan Axelrod','SP','R','R'),(29732,20,'Eric Sogard','2B','L','R'),(29734,27,'Cesar Ramos','RP','L','L'),(29755,19,'Matt Daley','RP','R','R'),(29759,18,'Eric Young Jr.','LF','B','R'),(29763,5,'Pedro Strop','RP','R','R'),(29769,12,'Brett Hayes','C','R','R'),(29772,15,'Chris Coghlan','CF','L','R'),(29788,13,'John Hester','C','R','R'),(29806,20,'Jarrod Parker','SP','R','R'),(29807,1,'Gerardo Parra','RF','L','L'),(29817,23,'Dale Thayer','RP','R','R'),(29937,11,'Lucas Harrell','SP','B','R'),(29938,3,'Brian Matusz','RP','L','L'),(29949,24,'Madison Bumgarner','SP','R','L'),(29950,7,'Devin Mesoraco','C','R','R'),(29951,18,'Travis d\'Arnaud','C','R','R'),(29954,24,'Jean Machi','RP','R','R'),(29955,9,'Charlie Culberson','2B','R','R'),(29962,22,'Pedro Alvarez','3B','L','R'),(29963,11,'Matt Dominguez','3B','R','R'),(29965,29,'Kyle Drabek','SP','R','R'),(29966,10,'Rick Porcello','SP','R','R'),(29984,13,'Ernesto Frieri','RP','R','R'),(29985,14,'Chris Withrow','RP','R','R'),(29992,8,'Nick Hagadone','RP','L','L'),(29999,12,'Mike Moustakas','3B','L','R'),(30004,7,'Todd Frazier','3B','R','R'),(30008,29,'Esmil Rogers','RP','R','R'),(30011,26,'Pete Kozma','SS','R','R'),(30016,23,'Yonder Alonso','1B','L','R'),(30019,28,'Jim Adduci','CF','L','L'),(30025,29,'Ricky Romero','SP','R','L'),(30029,5,'Brian Bogusevic','LF','L','L'),(30032,15,'Ryan Webb','RP','R','R'),(30035,20,'Jemile Weeks','2B','B','R'),(30041,20,'Brett Anderson','RP','L','L'),(30042,21,'John Mayberry Jr.','RF','R','R'),(30043,8,'Michael Brantley','LF','L','L'),(30054,1,'Trevor Cahill','SP','R','R'),(30058,1,'David Hernandez','RP','R','R'),(30066,4,'Felix Doubront','SP','L','L'),(30067,16,'Alfredo Figaro','RP','R','R'),(30068,24,'Guillermo Moscoso','RP','R','R'),(30069,21,'Casper Wells','CF','R','R'),(30081,15,'Mike Dunn','RP','L','L'),(30082,29,'Todd Redmond','SP','R','R'),(30083,29,'Luis Perez','RP','L','L'),(30084,12,'Pedro Ciriaco','SS','R','R'),(30089,5,'Hector Rondon','RP','R','R'),(30095,4,'Junichi Tazawa','RP','R','R'),(30099,23,'Tyson Ross','RP','R','R'),(30103,6,'Dayan Viciedo','LF','R','R'),(30105,21,'Antonio Bastardo','RP','R','L'),(30108,23,'Jesus Guzman','1B','R','R'),(30112,24,'Buster Posey','C','R','R'),(30115,10,'Alex Avila','C','L','R'),(30117,6,'Gordon Beckham','2B','R','R'),(30119,7,'Derrick Robinson','LF','B','L'),(30124,4,'Brandon Snyder','1B','R','R'),(30127,19,'David Huff','RP','B','L'),(30130,4,'Koji Uehara','RP','R','R'),(30134,23,'Andrew Cashner','SP','R','R'),(30135,3,'Steve Clevenger','C','L','R'),(30139,18,'Dillon Gee','SP','R','R'),(30142,6,'Donnie Veal','RP','L','L'),(30145,5,'Jake Arrieta','SP','R','R'),(30147,9,'Jhoulys Chacin','SP','R','R'),(30148,28,'Derek Holland','SP','B','L'),(30149,28,'Neftali Feliz','SP','R','R'),(30152,22,'Vin Mazzaro','RP','R','R'),(30153,17,'Anthony Swarzak','RP','R','R'),(30156,13,'Chris Nelson','3B','R','R'),(30158,5,'Daniel Bard','RP','R','R'),(30163,22,'Kris Johnson','SP','L','L'),(30171,7,'Sam LeCure','RP','R','R'),(30173,30,'Wilson Ramos','C','R','R'),(30174,11,'Brett Wallace','1B','L','R'),(30175,25,'Justin Smoak','1B','B','L'),(30188,29,'Josh Thole','C','L','R'),(30189,13,'Ryan Brasier','RP','R','R'),(30191,13,'Tommy Hanson','SP','R','R'),(30193,2,'Freddie Freeman','1B','L','R'),(30195,20,'Josh Reddick','RF','L','R'),(30196,7,'Mat Latos','SP','R','R'),(30197,9,'Wilin Rosario','C','R','R'),(30209,30,'Jordan Zimmermann','SP','R','R'),(30212,27,'Tim Beckham','2B','R','R'),(30213,11,'Josh Fields','RP','R','R'),(30225,26,'Brock Peterson','1B','R','R'),(30228,17,'Chris Parmelee','RF','L','L'),(30231,18,'Greg Burke','RP','R','R'),(30247,16,'Logan Schafer','LF','L','L'),(30258,19,'Shawn Kelley','RP','R','R'),(30264,2,'Kris Medlen','SP','B','R'),(30267,28,'Craig Gentry','CF','R','R'),(30272,17,'Eduardo Escobar','SS','B','R'),(30276,23,'Luke Gregerson','RP','L','R'),(30280,8,'Carlos Santana','C','B','R'),(30283,20,'Sean Doolittle','RP','L','L'),(30285,3,'Chris Tillman','SP','R','R'),(30289,16,'Martin Maldonado','C','R','R'),(30290,19,'Eduardo Nunez','SS','R','R'),(30304,28,'Engel Beltre','CF','L','L'),(30307,24,'Nick Noonan','2B','L','R'),(30310,17,'Pedro Florimon','SS','B','R'),(30326,16,'Caleb Gindl','LF','L','L'),(30327,11,'Marwin Gonzalez','SS','B','R'),(30328,20,'Dan Otero','RP','R','R'),(30334,30,'Jhonatan Solano','C','R','R'),(30337,13,'Efren Navarro','1B','L','L'),(30339,20,'Andy Parrino','2B','B','R'),(30350,30,'Ryan Mattheus','RP','R','R'),(30358,26,'Shane Robinson','RF','R','R'),(30361,30,'Craig Stammen','RP','R','R'),(30366,8,'Marc Rzepczynski','RP','L','L'),(30369,3,'Bud Norris','SP','R','R'),(30370,10,'Doug Fister','SP','L','R'),(30372,25,'Dustin Ackley','2B','L','R'),(30373,30,'Stephen Strasburg','SP','R','R'),(30378,26,'John Axford','RP','R','R'),(30382,10,'Jose Iglesias','SS','R','R'),(30386,2,'Anthony Varvaro','RP','R','R'),(30389,24,'Brett Pill','1B','R','R'),(30390,12,'Irving Falu','2B','B','R'),(30391,3,'Steve Johnson','RP','R','R'),(30392,8,'Blake Wood','RP','R','R'),(30393,7,'Logan Ondrusek','RP','R','R'),(30399,26,'Allen Craig','1B','R','R'),(30400,19,'Ivan Nova','SP','R','R'),(30402,24,'Francisco Peguero','LF','R','R'),(30404,15,'Zach Phillips','RP','L','L'),(30407,9,'Edgmer Escalona','RP','R','R'),(30412,1,'Chaz Roe','RP','R','R'),(30417,30,'Fernando Abad','RP','L','L'),(30418,4,'Quintin Berry','LF','L','L'),(30429,11,'Max Stassi','C','R','R'),(30430,13,'Grant Green','2B','R','R'),(30433,21,'J.C. Ramirez','RP','R','R'),(30442,7,'Aroldis Chapman','RP','L','L'),(30445,28,'Robinson Chirinos','C','R','R'),(30448,23,'Chris Robinson','C','R','R'),(30449,6,'Jordan Danks','CF','L','R'),(30450,5,'Starlin Castro','SS','R','R'),(30451,21,'Mauricio Robles','SP','L','L'),(30452,28,'Mitch Moreland','1B','L','L'),(30454,28,'Tanner Scheppers','RP','R','R'),(30455,11,'Chia-Jen Lo','RP','R','R'),(30456,16,'Jonathan Lucroy','C','R','R'),(30461,12,'Jarrod Dyson','CF','L','R'),(30465,7,'Mike Leake','SP','R','R'),(30466,7,'Zack Cozart','SS','R','R'),(30469,24,'Brandon Crawford','SS','L','R'),(30470,24,'Roger Kieschnick','LF','L','R'),(30471,24,'Ehire Adrianza','SS','B','R'),(30475,26,'Daniel Descalso','SS','L','R'),(30485,13,'Collin Cowgill','LF','R','L'),(30493,27,'Desmond Jennings','CF','R','R'),(30494,10,'Al Alburquerque','RP','R','R'),(30495,12,'Aaron Crow','RP','R','R'),(30497,22,'Bryan Morris','RP','L','R'),(30502,25,'Hector Noesi','RP','R','R'),(30506,27,'Jeremy Hellickson','SP','R','R'),(30511,9,'Juan Nicasio','SP','R','R'),(30515,5,'Travis Wood','SP','R','L'),(30517,5,'Blake Parker','RP','R','R'),(30519,7,'Chris Heisey','LF','R','R'),(30523,8,'Lonnie Chisenhall','3B','L','R'),(30525,22,'Jeanmar Gomez','RP','R','R'),(30526,15,'Jacob Turner','SP','R','R'),(30528,12,'David Lough','RF','L','L'),(30534,30,'Drew Storen','RP','B','R'),(30536,15,'Logan Morrison','1B','L','L'),(30546,8,'Zach McAllister','SP','R','R'),(30549,28,'Alexi Ogando','SP','R','R'),(30555,15,'Dan Jennings','RP','L','L'),(30558,20,'Pedro Figueroa','RP','L','L'),(30561,24,'Johnny Monell','C','L','R'),(30562,23,'Alexi Amarista','CF','L','R'),(30564,9,'Tyler Chatwood','SP','R','R'),(30565,13,'Michael Kohn','RP','R','R'),(30567,24,'Hector Sanchez','C','B','R'),(30571,28,'Michael Kirkman','RP','L','L'),(30579,23,'Logan Forsythe','2B','R','R'),(30583,15,'Giancarlo Stanton','RF','R','R'),(30584,22,'Tony Sanchez','C','R','R'),(30588,23,'Tommy Layne','RP','L','L'),(30589,8,'Bryan Shaw','RP','B','R'),(30592,5,'James Russell','RP','L','L'),(30598,6,'Charlie Leesman','SP','L','L'),(30599,6,'Miguel Gonzalez','C','R','R'),(30600,6,'Josh Phegley','C','R','R'),(30605,9,'Jordan Pacheco','1B','R','R'),(30608,20,'Derek Norris','C','R','R'),(30611,25,'Danny Farquhar','RP','R','R'),(30612,29,'Chad Jenkins','SP','R','R'),(30614,3,'Josh Stinson','SP','R','R'),(30623,11,'Brandon Laird','3B','R','R'),(30624,2,'Mike Minor','SP','R','L'),(30627,18,'Wilmer Flores','3B','R','R'),(30629,30,'Corey Brown','LF','L','L'),(30635,30,'Tyler Moore','LF','R','R'),(30636,29,'Ryan Goins','2B','L','R'),(30644,29,'Brett Lawrie','3B','R','R'),(30648,15,'Chris Hatcher','RP','B','R'),(30650,26,'Fernando Salas','RP','R','R'),(30652,21,'B.J. Rosenberg','RP','R','R'),(30653,2,'Craig Kimbrel','RP','R','R'),(30661,25,'Nick Franklin','2B','B','R'),(30664,6,'Leury Garcia','2B','R','R'),(30675,29,'Moises Sierra','RF','R','R'),(30679,19,'David Adams','3B','R','R'),(30680,11,'Jimmy Paredes','RF','B','R'),(30687,22,'Jordy Mercer','SS','R','R'),(30690,10,'Evan Reed','RP','R','R'),(30699,1,'A.J. Pollock','CF','R','R'),(30714,14,'Scott Van Slyke','LF','R','R'),(30717,5,'Logan Watkins','2B','L','R'),(30718,5,'Junior Lake','CF','R','R'),(30721,20,'Nate Freiman','1B','R','R'),(30726,14,'Dee Gordon','SS','L','R'),(30728,3,'Ryan Flaherty','2B','L','R'),(30729,6,'Avisail Garcia','RF','R','R'),(30732,11,'Brandon Barnes','CF','R','R'),(30738,26,'Shelby Miller','SP','R','R'),(30741,13,'J.B. Shuck','LF','L','L'),(30744,6,'Hector Santiago','SP','R','L'),(30758,9,'Ryan Wheeler','3B','L','R'),(30765,9,'DJ LeMahieu','2B','R','R'),(30771,21,'Ethan Martin','RP','R','R'),(30775,11,'Marc Krauss','LF','L','R'),(30782,5,'Anthony Rizzo','1B','L','L'),(30785,13,'Tommy Field','2B','R','R'),(30807,17,'Darin Mastroianni','CF','R','R'),(30811,26,'Adron Chambers','LF','L','L'),(30818,15,'Ed Lucas','3B','R','R'),(30819,25,'Kyle Seager','3B','L','R'),(30820,26,'Lance Lynn','SP','R','R'),(30830,22,'Starling Marte','LF','R','R'),(30836,13,'Mike Trout','CF','R','R'),(30841,4,'Brock Holt','3B','L','R'),(30846,1,'Tony Campana','CF','L','L'),(30850,7,'Neftali Soto','1B','R','R'),(30862,1,'Chris Owings','SS','R','R'),(30878,10,'Hernan Perez','2B','R','R'),(30886,21,'Michael Stutes','RP','R','R'),(30892,13,'Garrett Richards','RP','R','R'),(30901,24,'Brandon Belt','1B','L','L'),(30910,4,'Daniel Nava','RF','B','L'),(30934,22,'Josh Harrison','3B','R','R'),(30936,26,'Tony Cruz','C','R','R'),(30944,8,'Josh Tomlin','SP','R','R'),(30945,12,'Greg Holland','RP','R','R'),(30948,6,'Chris Sale','SP','L','L'),(30951,30,'Bryce Harper','LF','L','R'),(30953,18,'Lucas Duda','LF','L','R'),(30954,29,'Jeremy Jeffress','RP','R','R'),(30958,13,'Robert Coello','RP','R','R'),(30959,16,'Brandon Kintzler','RP','R','R'),(30961,24,'Sandy Rosario','RP','R','R'),(30963,15,'Steve Cishek','RP','R','R'),(30964,8,'Vinnie Pestano','RP','R','R'),(30965,25,'Hisashi Iwakuma','SP','R','R'),(30968,18,'Zach Lutz','3B','R','R'),(30969,27,'Brandon Gomes','RP','R','R'),(30970,20,'Evan Scribner','RP','R','R'),(30976,21,'Justin De Fratus','RP','B','R'),(30978,13,'Dane De La Rosa','RP','R','R'),(30979,15,'Arquimedes Caminero','RP','R','R'),(30980,27,'Josh Lueke','RP','R','R'),(30981,8,'Corey Kluber','SP','R','R'),(30985,17,'Scott Diamond','SP','L','L'),(30986,21,'Michael Martinez','CF','B','R'),(30991,24,'George Kontos','RP','R','R'),(30993,12,'Eric Hosmer','1B','L','L'),(30995,12,'Tim Collins','RP','L','L'),(30997,12,'Chris Dwyer','RP','R','L'),(31000,23,'Brad Brach','RP','R','R'),(31003,27,'Chris Archer','SP','R','R'),(31006,10,'Andy Dirks','LF','L','L'),(31007,8,'Jason Kipnis','2B','L','R'),(31009,17,'Brian Dozier','2B','R','R'),(31010,9,'Drew Pomeranz','SP','R','L'),(31015,26,'Matt Carpenter','2B','L','R'),(31026,22,'Justin Wilson','RP','L','L'),(31027,1,'Paul Goldschmidt','1B','R','R'),(31028,22,'Andrew Lambo','RF','L','L'),(31030,12,'Donnie Joseph','RP','L','L'),(31032,20,'Stephen Vogt','C','L','R'),(31037,16,'Jean Segura','SS','R','R'),(31038,14,'Tim Federowicz','C','R','R'),(31039,4,'Ryan Lavarnway','C','R','R'),(31042,7,'Billy Hamilton','CF','B','R'),(31043,25,'Chance Ruffin','RP','R','R'),(31047,15,'Henderson Alvarez','SP','R','R'),(31048,29,'Anthony Gose','CF','L','L'),(31049,15,'Adeiny Hechavarria','SS','R','R'),(31051,4,'Rubby De La Rosa','RP','R','R'),(31054,3,'Zach Britton','SP','L','L'),(31059,11,'Jorge De Leon','RP','R','R'),(31061,11,'Jordan Lyles','SP','R','R'),(31065,11,'J.D. Martinez','LF','R','R'),(31068,22,'Jeff Locke','SP','L','L'),(31076,10,'Darin Downs','RP','R','L'),(31077,15,'Brad Hand','RP','L','L'),(31079,15,'Tom Koehler','SP','R','R'),(31083,9,'Rex Brothers','RP','L','L'),(31084,9,'Charlie Blackmon','RF','L','L'),(31086,27,'Alex Cobb','SP','R','R'),(31090,1,'Josh Collmenter','RP','R','R'),(31091,2,'Julio Teheran','SP','R','R'),(31093,1,'Randall Delgado','SP','R','R'),(31094,1,'Wade Miley','SP','L','L'),(31096,11,'Jarred Cosart','SP','R','R'),(31098,28,'Martin Perez','SP','L','L'),(31099,27,'Matt Moore','SP','L','L'),(31101,19,'Adam Warren','RP','R','R'),(31107,19,'Cesar Cabral','RP','L','L'),(31108,5,'Alberto Cabrera','RP','R','R'),(31110,25,'Yoervis Medina','RP','R','R'),(31111,22,'Stolmy Pimentel','RP','R','R'),(31113,11,'Brett Oberholtzer','SP','L','L'),(31115,12,'Louis Coleman','RP','R','R'),(31117,28,'Jurickson Profar','2B','B','R'),(31119,4,'Allen Webster','SP','R','R'),(31122,19,'Dellin Betances','RP','R','R'),(31124,19,'David Phelps','SP','R','R'),(31125,27,'Alex Torres','RP','L','L'),(31127,12,'Salvador Perez','C','R','R'),(31128,12,'Johnny Giavotella','2B','R','R'),(31130,21,'Cesar Hernandez','CF','B','R'),(31131,4,'Brayan Villarreal','RP','R','R'),(31133,15,'Rob Brantly','C','L','R'),(31136,6,'Nate Jones','RP','R','R'),(31140,16,'Wily Peralta','SP','R','R'),(31144,23,'Anthony Bass','RP','R','R'),(31145,1,'Matt Davidson','3B','R','R'),(31157,16,'Sean Halton','1B','R','R'),(31169,16,'Jim Henderson','RP','L','R'),(31174,15,'Nate Eovaldi','SP','R','R'),(31175,16,'Scooter Gennett','2B','L','R'),(31185,16,'Donovan Hand','RP','R','R'),(31187,10,'Nick Castellanos','LF','R','R'),(31193,18,'Matt den Dekker','CF','L','L'),(31195,15,'Jake Marisnick','CF','R','R'),(31199,30,'Zach Walters','SS','B','R'),(31213,26,'Ryan Jackson','SS','R','R'),(31224,2,'Joey Terdoslavich','LF','B','R'),(31232,4,'Will Middlebrooks','3B','R','R'),(31249,29,'Neil Wagner','RP','R','R'),(31257,4,'Drake Britton','RP','L','L'),(31261,9,'Nolan Arenado','3B','R','R'),(31262,17,'Oswaldo Arcia','LF','L','R'),(31265,27,'Wil Myers','RF','R','R'),(31267,18,'Zack Wheeler','SP','L','R'),(31280,23,'Reymond Fuentes','CF','L','L'),(31283,15,'Christian Yelich','LF','L','R'),(31286,30,'Eury Perez','CF','R','R'),(31297,18,'Josh Satin','1B','R','R'),(31313,1,'Patrick Corbin','SP','L','L'),(31331,7,'Henry Rodriguez','2B','B','R'),(31340,26,'Carlos Martinez','RP','R','R'),(31359,26,'Matt Adams','1B','L','R'),(31372,14,'Alex Castellanos','LF','R','R'),(31376,1,'Didi Gregorius','SS','L','R'),(31385,11,'Robbie Grossman','LF','B','L'),(31391,7,'Nick Christiani','RP','R','R'),(31402,23,'Jedd Gyorko','2B','R','R'),(31409,18,'Andrew Brown','RF','R','R'),(31410,18,'Juan Lagares','CF','R','R'),(31413,13,'Kole Calhoun','RF','L','L'),(31440,28,'Joe Ortiz','RP','L','L'),(31443,18,'Juan Centeno','C','L','R'),(31446,27,'Kevin Kiermaier','RF','L','R'),(31465,2,'Luis Avilan','RP','L','L'),(31469,19,'Zoilo Almonte','LF','B','R'),(31470,21,'Darin Ruf','1B','R','R'),(31474,25,'Abraham Almonte','CF','B','R'),(31477,19,'J.R. Murphy','C','B','R'),(31478,16,'Khris Davis','LF','R','R'),(31493,6,'Addison Reed','RP','L','R'),(31495,23,'Brad Boxberger','RP','R','R'),(31513,22,'Tony Watson','RP','L','L'),(31517,25,'Tom Wilhelmsen','RP','R','R'),(31532,20,'Ryan Cook','RP','R','R'),(31540,23,'Nick Vincent','RP','R','R'),(31549,12,'Will Smith','RP','R','L'),(31556,22,'Jared Hughes','RP','R','R'),(31565,23,'Colt Hynes','RP','L','L'),(31588,28,'Leonys Martin','CF','L','R'),(31589,25,'Charlie Furbush','RP','L','L'),(31591,11,'Brad Peacock','SP','R','R'),(31593,30,'Tanner Roark','RP','R','R'),(31599,30,'Erik Davis','RP','R','R'),(31601,5,'Zac Rosscup','RP','L','L'),(31606,4,'Xander Bogaerts','SS','R','R'),(31609,11,'Paul Clemens','RP','R','R'),(31654,27,'Jake Odorizzi','SP','R','R'),(31662,11,'Jose Altuve','2B','R','R'),(31672,18,'Robert Carson','RP','L','L'),(31684,9,'Corey Dickerson','LF','L','R'),(31687,18,'Jeurys Familia','RP','R','R'),(31689,28,'Cory Burns','RP','R','R'),(31691,11,'Kevin Chapman','RP','L','L'),(31692,3,'Mike Belfiore','RP','R','L'),(31703,30,'Jeff Kobernus','LF','R','R'),(31706,20,'Tommy Milone','SP','L','L'),(31718,9,'Chad Bettis','SP','R','R'),(31728,2,'Andrelton Simmons','SS','R','R'),(31733,6,'Daniel Webb','RP','R','R'),(31745,15,'Sam Dyson','SP','R','R'),(31753,5,'Justin Grimm','SP','R','R'),(31755,17,'Liam Hendriks','SP','R','R'),(31758,2,'Christian Bethancourt','C','R','R'),(31760,16,'Jeff Bianchi','3B','R','R'),(31764,18,'Vic Black','RP','R','R'),(31767,11,'Joshua Zeid','RP','R','R'),(31788,24,'Jake Dunning','RP','R','R'),(31791,23,'Robbie Erlin','SP','R','L'),(31799,8,'Preston Guilmet','RP','R','R'),(31811,21,'Cameron Rupp','C','R','R'),(31815,11,'Dallas Keuchel','SP','L','L'),(31816,10,'Drew Smyly','RP','L','L'),(31839,16,'Johnny Hellweg','SP','R','R'),(31840,24,'Heath Hembree','RP','R','R'),(31842,6,'Jake Petricka','RP','R','R'),(31851,17,'Josmil Pinto','C','R','R'),(31864,25,'Taijuan Walker','SP','R','R'),(31871,24,'Michael Kickham','SP','L','L'),(31876,12,'Yordano Ventura','SP','R','R'),(31883,30,'Ian Krol','RP','L','L'),(31887,16,'Tyler Thornburg','RP','R','R'),(31899,19,'Brett Marshall','RP','R','R'),(31925,9,'Rob Scahill','RP','L','R'),(31935,6,'Andre Rienzo','SP','R','R'),(31942,27,'Enny Romero','SP','L','L'),(31943,10,'Bruce Rondon','RP','R','R'),(31945,26,'Trevor Rosenthal','RP','R','R'),(31959,20,'Michael Choice','CF','R','R'),(31961,10,'Bryan Holaday','C','R','R'),(31970,13,'Luis Jimenez','3B','R','R'),(31973,11,'Jonathan Villar','SS','B','R'),(31980,25,'James Paxton','SP','L','L'),(31983,25,'Erasmo Ramirez','SP','R','R'),(31984,13,'Cory Rasmus','RP','R','R'),(31987,5,'Chris Rusin','SP','L','L'),(31988,3,'Jonathan Schoop','SS','R','R'),(31992,26,'Joe Kelly','RP','R','R'),(31993,26,'Audry Perez','C','R','R'),(31996,30,'Stephen Lombardozzi','2B','B','R'),(31998,17,'Chris Herrmann','C','L','R'),(32005,5,'Brooks Raley','SP','L','L'),(32006,17,'Eric Fryer','C','R','R'),(32011,24,'Juan Perez','LF','R','R'),(32026,29,'Steve Delabar','RP','R','R'),(32028,30,'Xavier Cedeno','RP','L','L'),(32029,12,'Kelvin Herrera','RP','R','R'),(32030,25,'Lucas Luetge','RP','L','L'),(32037,27,'Jeff Beliveau','RP','L','L'),(32038,14,'Stephen Fife','SP','R','R'),(32040,17,'Pedro Hernandez','SP','L','L'),(32047,29,'Munenori Kawasaki','SS','L','R'),(32048,3,'Wei-Yin Chen','SP','L','L'),(32051,28,'Robbie Ross','RP','L','L'),(32052,8,'Chen-Chang Lee','RP','R','R'),(32053,16,'Norichika Aoki','RF','L','R'),(32055,28,'Yu Darvish','SP','R','R'),(32058,13,'Matt Shoemaker','SP','R','R'),(32059,26,'Kevin Siegrist','RP','L','L'),(32061,26,'Kolten Wong','2B','L','R'),(32068,1,'Adam Eaton','LF','L','L'),(32075,26,'Sam Freeman','RP','R','L'),(32080,20,'Yoenis Cespedes','LF','R','R'),(32081,22,'Gerrit Cole','SP','R','R'),(32082,20,'Sonny Gray','SP','R','R'),(32090,11,'L.J. Hoes','RF','R','R'),(32095,8,'Danny Salazar','SP','R','R'),(32098,30,'Anthony Rendon','2B','R','R'),(32099,10,'Jose Alvarez','SP','L','L'),(32101,30,'Sandy Leon','C','B','R'),(32104,15,'A.J. Ramos','RP','R','R'),(32106,6,'Jose Quintana','SP','R','L'),(32108,8,'Yan Gomes','C','R','R'),(32118,11,'Rhiner Cruz','RP','R','R'),(32135,7,'Tony Cingrani','SP','L','L'),(32144,9,'Josh Rutledge','2B','R','R'),(32146,6,'Marcus Semien','SS','R','R'),(32176,6,'Erik Johnson','SP','R','R'),(32178,21,'Jacob Diekman','RP','L','L'),(32179,11,'Jake Elmore','SS','R','R'),(32188,8,'Cody Allen','RP','R','R'),(32190,18,'Wilfredo Tovar','SS','R','R'),(32206,25,'Brad Miller','SS','L','R'),(32224,10,'Luke Putkonen','RP','R','R'),(32309,19,'Preston Claiborne','RP','R','R'),(32362,4,'Jackie Bradley Jr.','LF','L','R'),(32384,14,'Nick Buss','CF','L','R'),(32397,29,'Aaron Loup','RP','L','L'),(32424,16,'Rob Wooten','RP','R','R'),(32440,17,'Caleb Thielbar','RP','R','L'),(32469,25,'Carter Capps','RP','R','R'),(32557,7,'J.J. Hoover','RP','R','R'),(32559,20,'A.J. Griffin','SP','R','R'),(32563,20,'Dan Straily','SP','R','R'),(32566,1,'Will Harris','RP','R','R'),(32567,15,'Jose Fernandez','SP','R','R'),(32569,9,'Collin McHugh','SP','R','R'),(32574,14,'Yasiel Puig','RF','R','R'),(32576,1,'Matt Langwell','RP','R','R'),(32578,21,'Tyler Cloyd','SP','R','R'),(32579,14,'Paco Rodriguez','RP','L','L'),(32582,14,'Hyun-Jin Ryu','SP','R','L'),(32587,4,'Steven Wright','RP','R','R'),(32588,7,'Curtis Partch','RP','R','R'),(32594,17,'Michael Tonkin','RP','R','R'),(32595,25,'Brandon Maurer','SP','R','R'),(32597,16,'Michael Blazek','RP','R','R'),(32601,2,'David Hale','SP','R','R'),(32620,2,'Alex Wood','RP','R','L'),(32637,21,'Cody Asche','3B','L','R'),(32639,26,'Seth Maness','RP','R','R'),(32640,26,'Michael Wacha','SP','R','R'),(32641,26,'Tyler Lyons','SP','B','L'),(32657,25,'Mike Zunino','C','R','R'),(32667,3,'Kevin Gausman','RP','L','R'),(32671,15,'Brian Flynn','SP','L','L'),(32678,17,'Chris Colabello','1B','R','R'),(32680,3,'T.J. McFarland','RP','L','L'),(32700,28,'Nick Tepesch','SP','R','R'),(32701,1,'Eury De La Rosa','RP','L','L'),(32725,13,'Buddy Boshers','RP','L','L'),(32738,16,'Jimmy Nelson','SP','R','R'),(32754,17,'Andrew Albers','SP','R','L'),(32774,14,'Onelki Garcia','SP','L','L'),(32801,8,'Jose Ramirez','2B','B','R'),(32859,29,'Kevin Pillar','LF','R','R'),(32863,2,'Evan Gattis','C','R','R'),(32882,23,'Tommy Medica','C','R','R'),(32973,4,'Brandon Workman','RP','R','R'),(33040,11,'David Martinez','RP','R','R'),(33072,17,'Ryan Pressly','RP','R','R'),(33073,25,'Bobby LaFromboise','RP','L','L'),(33076,18,'Gonzalez Germen','RP','R','R'),(33083,23,'Burch Smith','SP','R','R'),(33086,22,'Brandon Cumpton','SP','R','R'),(33089,21,'Luis Garcia','RP','R','R'),(33090,3,'Henry Urrutia','DH','L','R'),(33094,5,'Chang-Yong Lim','RP','R','R');
/*!40000 ALTER TABLE `players` ENABLE KEYS */;
UNLOCK TABLES;

--
-- Table structure for table `teams`
--

DROP TABLE IF EXISTS `teams`;
/*!40101 SET @saved_cs_client     = @@character_set_client */;
/*!40101 SET character_set_client = utf8 */;
CREATE TABLE `teams` (
  `id` smallint(5) unsigned NOT NULL AUTO_INCREMENT,
  `abbreviation` varchar(3) DEFAULT NULL,
  `location` varchar(255) DEFAULT NULL,
  `name` varchar(255) DEFAULT NULL,
  PRIMARY KEY (`id`)
) ENGINE=InnoDB AUTO_INCREMENT=39 DEFAULT CHARSET=latin1;
/*!40101 SET character_set_client = @saved_cs_client */;

--
-- Dumping data for table `teams`
--

LOCK TABLES `teams` WRITE;
/*!40000 ALTER TABLE `teams` DISABLE KEYS */;
INSERT INTO `teams` VALUES (1,'ARI','Arizona','Diamondbacks'),(2,'ATL','Atlanta','Braves'),(3,'BAL','Baltimore','Orioles'),(4,'BOS','Boston','Red Sox'),(5,'CHC','Chicago','Cubs'),(6,'CHW','Chicago','White Sox'),(7,'CIN','Cincinnati','Reds'),(8,'CLE','Cleveland','Indians'),(9,'COL','Colorado','Rockies'),(10,'DET','Detroit','Tigers'),(11,'HOU','Houston','Astros'),(12,'KC','Kansas City','Royals'),(13,'LAA','Los Angeles','Angels'),(14,'LAD','Los Angeles','Dodgers'),(15,'MIA','Miami','Marlins'),(16,'MIL','Milwaukee','Brewers'),(17,'MIN','Minnesota','Twins'),(18,'NYM','New York','Mets'),(19,'NYY','New York','Yankees'),(20,'OAK','Oakland','Athletics'),(21,'PHI','Philadelphia','Phillies'),(22,'PIT','Pittsburgh','Pirates'),(23,'SD','San Diego','Padres'),(24,'SF','San Francisco','Giants'),(25,'SEA','Seattle','Mariners'),(26,'STL','St. Louis','Cardinals'),(27,'TB','Tampa Bay','Rays'),(28,'TEX','Texas','Rangers'),(29,'TOR','Toronto','Blue Jays'),(30,'WAS','Washington','Nationals'),(31,'AWC','','AL Wild Card'),(32,'NWC','','NL Wild Card'),(33,'AL1','','AL 1'),(34,'AL2','','AL 2'),(35,'NL1','','NL 1'),(36,'NL2','','NL 2'),(37,'ALC','','AL Champion'),(38,'NLC','','NL Champion');
/*!40000 ALTER TABLE `teams` ENABLE KEYS */;
UNLOCK TABLES;

--
-- Table structure for table `users`
--

DROP TABLE IF EXISTS `users`;
/*!40101 SET @saved_cs_client     = @@character_set_client */;
/*!40101 SET character_set_client = utf8 */;
CREATE TABLE `users` (
  `id` smallint(5) unsigned NOT NULL AUTO_INCREMENT,
  `username` varchar(255) NOT NULL,
  `password` char(128) NOT NULL,
  `first_name` varchar(255) DEFAULT NULL,
  `last_name` varchar(255) DEFAULT NULL,
  PRIMARY KEY (`id`),
  UNIQUE KEY `username` (`username`)
) ENGINE=InnoDB AUTO_INCREMENT=21 DEFAULT CHARSET=latin1;
/*!40101 SET character_set_client = @saved_cs_client */;

--
-- Dumping data for table `users`
--

LOCK TABLES `users` WRITE;
/*!40000 ALTER TABLE `users` DISABLE KEYS */;
INSERT INTO `users` VALUES (1,'jpnance','4ba66ccad2153792b6a7cc6759927e30','Patrick','Nance'),(2,'jeff','b5110e3991f63adf292e6e0ffee86b73','Jeff','Sneden'),(3,'afeldman','a7c8f01d8b2fedaa0505f15bded1da1c','Andrew','Feldman'),(4,'bludwiczak','96cbca5c489dd58c094b484a8dce5885','Brett','Ludwiczak (\'10)'),(5,'callgood','fcc562e50ddbb89f8298222dce0211cc','Christian','Allgood'),(6,'dubilla','a77add86a698ea0861f9769f00a8a1a1','Dan','Ubilla'),(8,'dnims','2e626ca324ed130d0cb6cb8c0914dabe','David','Nims (\'11)'),(9,'nsloan','db4edd1df65be74b82fcf19e4d20bc62','Nathaniel','Sloan'),(10,'dschexnayder','e121ce3ff0db8b17d00933fb7f9ac46f','David','Schexnayder'),(11,'jlevison','a0233d7010187e44f6f31a7d7522ab0d','James','Levison'),(12,'mmustain','c0b301211c1039f1d474826286ef381a','Mitch','Mustain'),(13,'rkelley','76a0411e1f4a8fe369316091e8fefe20','Ryan','Kelley'),(15,'mlawrence','8997285e0d9f88259c3f5567955a811e','Matt','Lawrence'),(16,'jbeall','81130af8ba6631afa4d6f9ddfdd0595a','Joel','Beall (\'12)'),(17,'wrambo','5b57be7d1d1db6e1ed799d4df49db8aa','Wayne','Rambo'),(18,'bpauly','6632ec288a80dda50b288cbb8e4e7c12','Brett','Pauly (\'09)'),(19,'agarcia','71be61c58ee5b65b51ece8a448f8bd1d','Anthony','Garcia (\'13)'),(20,'jcarlson','6639886c17dce194cae493b81c123c45','Jamie','Carlson');
/*!40000 ALTER TABLE `users` ENABLE KEYS */;
UNLOCK TABLES;

--
-- Final view structure for view `availabilities`
--

/*!50001 DROP TABLE IF EXISTS `availabilities`*/;
/*!50001 DROP VIEW IF EXISTS `availabilities`*/;
/*!50001 SET @saved_cs_client          = @@character_set_client */;
/*!50001 SET @saved_cs_results         = @@character_set_results */;
/*!50001 SET @saved_col_connection     = @@collation_connection */;
/*!50001 SET character_set_client      = latin1 */;
/*!50001 SET character_set_results     = latin1 */;
/*!50001 SET collation_connection      = latin1_swedish_ci */;
/*!50001 CREATE ALGORITHM=UNDEFINED */
/*!50013 DEFINER=`jpnance`@`localhost` SQL SECURITY DEFINER */
/*!50001 VIEW `availabilities` AS select `users`.`id` AS `user_id`,`players`.`team_id` AS `team_id`,`players`.`id` AS `player_id`,`games`.`id` AS `game_id` from ((`players` join `users`) left join (`picks` join `games` on((`picks`.`game_id` = `games`.`id`))) on(((`players`.`id` = `picks`.`player_id`) and (`users`.`id` = `picks`.`user_id`) and (`players`.`id` = `picks`.`player_id`)))) order by `users`.`id`,`players`.`id` */;
/*!50001 SET character_set_client      = @saved_cs_client */;
/*!50001 SET character_set_results     = @saved_cs_results */;
/*!50001 SET collation_connection      = @saved_col_connection */;
/*!40103 SET TIME_ZONE=@OLD_TIME_ZONE */;

/*!40101 SET SQL_MODE=@OLD_SQL_MODE */;
/*!40014 SET FOREIGN_KEY_CHECKS=@OLD_FOREIGN_KEY_CHECKS */;
/*!40014 SET UNIQUE_CHECKS=@OLD_UNIQUE_CHECKS */;
/*!40101 SET CHARACTER_SET_CLIENT=@OLD_CHARACTER_SET_CLIENT */;
/*!40101 SET CHARACTER_SET_RESULTS=@OLD_CHARACTER_SET_RESULTS */;
/*!40101 SET COLLATION_CONNECTION=@OLD_COLLATION_CONNECTION */;
/*!40111 SET SQL_NOTES=@OLD_SQL_NOTES */;

-- Dump completed on 2014-09-26 13:10:56
