-- MySQL dump 10.13  Distrib 5.5.52, for debian-linux-gnu (i686)
--
-- Host: localhost    Database: pickahit
-- ------------------------------------------------------
-- Server version	5.5.52-0+deb7u1

/*!40101 SET @OLD_CHARACTER_SET_CLIENT=@@CHARACTER_SET_CLIENT */;
/*!40101 SET @OLD_CHARACTER_SET_RESULTS=@@CHARACTER_SET_RESULTS */;
/*!40101 SET @OLD_COLLATION_CONNECTION=@@COLLATION_CONNECTION */;
/*!40101 SET NAMES utf8 */;
/*!40103 SET @OLD_TIME_ZONE=@@TIME_ZONE */;
/*!40103 SET TIME_ZONE='+00:00' */;
/*!40014 SET @OLD_UNIQUE_CHECKS=@@UNIQUE_CHECKS, UNIQUE_CHECKS=0 */;
/*!40014 SET @OLD_FOREIGN_KEY_CHECKS=@@FOREIGN_KEY_CHECKS, FOREIGN_KEY_CHECKS=0 */;
/*!40101 SET @OLD_SQL_MODE=@@SQL_MODE, SQL_MODE='NO_AUTO_VALUE_ON_ZERO' */;
/*!40111 SET @OLD_SQL_NOTES=@@SQL_NOTES, SQL_NOTES=0 */;

--
-- Table structure for table `appearances`
--

DROP TABLE IF EXISTS `appearances`;
/*!40101 SET @saved_cs_client     = @@character_set_client */;
/*!40101 SET character_set_client = utf8 */;
CREATE TABLE `appearances` (
  `id` smallint(5) unsigned NOT NULL AUTO_INCREMENT,
  `game_id` smallint(5) unsigned DEFAULT NULL,
  `player_id` mediumint(8) unsigned DEFAULT NULL,
  `hits` smallint(6) DEFAULT '0',
  PRIMARY KEY (`id`),
  KEY `game_id` (`game_id`),
  KEY `player_id` (`player_id`),
  CONSTRAINT `appearances_ibfk_1` FOREIGN KEY (`game_id`) REFERENCES `games` (`id`) ON UPDATE CASCADE,
  CONSTRAINT `appearances_ibfk_2` FOREIGN KEY (`player_id`) REFERENCES `players` (`id`) ON UPDATE CASCADE
) ENGINE=InnoDB AUTO_INCREMENT=1845 DEFAULT CHARSET=latin1;
/*!40101 SET character_set_client = @saved_cs_client */;

--
-- Dumping data for table `appearances`
--

LOCK TABLES `appearances` WRITE;
/*!40000 ALTER TABLE `appearances` DISABLE KEYS */;
INSERT INTO `appearances` VALUES (840,1,31662,1),(841,1,32078,1),(842,1,32653,0),(843,1,28973,1),(844,1,32863,0),(845,1,28762,1),(846,1,29074,0),(847,1,31195,0),(848,1,29246,1),(849,1,29486,0),(850,1,31973,0),(851,1,30327,0),(852,1,30178,0),(853,1,29174,0),(854,1,6514,0),(855,1,28637,0),(856,1,3971,1),(857,1,3115,0),(858,1,6309,0),(859,1,28809,0),(860,1,32695,1),(861,1,33411,0),(862,1,31376,1),(863,2,29252,3),(864,2,33712,2),(865,2,6431,0),(866,2,33172,0),(867,2,30782,0),(868,2,32217,0),(869,2,29453,0),(870,2,30450,0),(871,2,28586,1),(872,2,32656,1),(873,2,30145,0),(874,2,32950,0),(875,2,30934,0),(876,2,28701,1),(877,2,30830,0),(878,2,29273,1),(879,2,29590,0),(880,2,30687,0),(881,2,3853,0),(882,2,29105,0),(883,2,29962,0),(884,2,32081,0),(885,2,30105,0),(886,2,29189,1),(887,2,31513,0),(888,2,28688,0),(889,2,6300,1),(890,2,29446,0),(891,8,31360,2),(892,8,29611,0),(893,8,6205,0),(894,8,3878,1),(895,8,32839,0),(896,8,5915,0),(897,8,28444,0),(898,8,30452,0),(899,8,4652,0),(900,8,29224,0),(901,8,29515,0),(902,8,32170,1),(903,8,30445,1),(904,8,29976,1),(905,8,29563,0),(906,8,29008,0),(907,8,29210,0),(908,8,5890,1),(909,8,32210,0),(910,8,5904,2),(911,8,28567,0),(912,8,30175,0),(913,8,6390,1),(914,8,30636,0),(915,8,32859,1),(916,3,31662,3),(917,3,32078,2),(918,3,32653,1),(919,3,28973,1),(920,3,32863,1),(921,3,28762,0),(922,3,29246,0),(923,3,29486,1),(924,3,30327,0),(925,3,30178,0),(926,3,31195,2),(927,3,29229,0),(928,3,28536,2),(929,3,29416,1),(930,3,30993,0),(931,3,6188,2),(932,3,29999,0),(933,3,31127,0),(934,3,28636,1),(935,3,5880,0),(936,9,31360,3),(937,9,29611,0),(938,9,6205,1),(939,9,5915,1),(940,9,29224,1),(941,9,30452,0),(942,9,28444,1),(943,9,29515,1),(944,9,4652,0),(945,9,32170,1),(946,9,29361,1),(947,9,32839,1),(948,9,29976,2),(949,9,29563,1),(950,9,5890,1),(951,9,5904,0),(952,9,28567,0),(953,9,32678,2),(954,9,32210,0),(955,9,30175,0),(956,9,6390,1),(957,9,32859,1),(958,9,30636,0),(959,4,31662,0),(960,4,32078,1),(961,4,32653,1),(962,4,28973,2),(963,4,32863,1),(964,4,29246,1),(965,4,29486,1),(966,4,30178,0),(967,4,29074,0),(968,4,31195,1),(969,4,33066,0),(970,4,28762,0),(971,4,29229,2),(972,4,28536,2),(973,4,29416,1),(974,4,30993,1),(975,4,6188,1),(976,4,29999,0),(977,4,31127,2),(978,4,28636,1),(979,4,30461,0),(980,4,5880,1),(981,4,29357,0),(982,13,6125,2),(983,13,6035,1),(984,13,32080,0),(985,13,29200,1),(986,13,29951,0),(987,13,30953,1),(988,13,31687,0),(989,13,4604,0),(990,13,31410,0),(991,13,29661,0),(992,13,32796,0),(993,13,28694,0),(994,13,6295,0),(995,13,5035,0),(996,13,6524,2),(997,13,32691,1),(998,13,5405,1),(999,13,29607,2),(1000,13,6481,0),(1001,13,29258,1),(1002,13,4258,0),(1003,13,31392,0),(1004,13,28963,0),(1005,13,30694,0),(1006,13,5383,0),(1007,13,6287,0),(1008,13,30648,0),(1009,18,29252,0),(1010,18,33712,2),(1011,18,33172,0),(1012,18,30782,0),(1013,18,30450,0),(1014,18,29772,0),(1015,18,32656,1),(1016,18,5206,0),(1017,18,6431,0),(1018,18,28487,0),(1019,18,29763,0),(1020,18,32558,0),(1021,18,31015,0),(1022,18,32842,2),(1023,18,5940,1),(1024,18,31945,0),(1025,18,29551,1),(1026,18,5527,0),(1027,18,31399,0),(1028,18,28772,0),(1029,18,5986,0),(1030,18,32061,1),(1031,18,5203,0),(1032,18,32059,0),(1033,18,31208,1),(1034,19,29252,2),(1035,19,32558,2),(1036,19,6431,0),(1037,19,33172,0),(1038,19,30782,0),(1039,19,30450,2),(1040,19,29453,0),(1041,19,28586,0),(1042,19,33173,0),(1043,19,30515,0),(1044,19,33712,0),(1045,19,30054,0),(1046,19,30089,0),(1047,19,32656,0),(1048,19,31015,1),(1049,19,32842,1),(1050,19,5940,0),(1051,19,29551,1),(1052,19,5527,0),(1053,19,28844,0),(1054,19,28772,0),(1055,19,5986,1),(1056,19,32061,1),(1057,19,29185,0),(1058,19,30820,0),(1059,19,29691,0),(1060,19,28466,0),(1061,19,31399,1),(1062,19,32639,0),(1063,19,5403,0),(1064,19,32211,0),(1065,19,6370,0),(1120,14,6125,2),(1121,14,6035,0),(1122,14,29200,1),(1123,14,32080,1),(1124,14,30953,0),(1125,14,29951,0),(1126,14,33711,1),(1127,14,29661,0),(1128,14,30627,0),(1129,14,31730,0),(1130,14,3602,0),(1131,14,31493,0),(1132,14,29219,0),(1133,14,32666,0),(1134,14,6295,0),(1135,14,6524,1),(1136,14,32691,0),(1137,14,5405,1),(1138,14,29607,2),(1139,14,6481,1),(1140,14,28922,0),(1141,14,29630,0),(1142,14,5035,0),(1143,14,32574,0),(1144,14,30950,0),(1145,14,31358,1),(1146,14,5883,0),(1147,14,5383,1),(1148,14,30648,0),(1149,14,31392,0),(1150,5,29229,2),(1151,5,28536,1),(1152,5,29416,1),(1153,5,30993,0),(1154,5,6188,1),(1155,5,29999,1),(1156,5,31127,0),(1157,5,28636,1),(1158,5,5880,0),(1159,5,31662,0),(1160,5,32078,1),(1161,5,32653,1),(1162,5,28973,1),(1163,5,32863,0),(1164,5,28762,1),(1165,5,29246,0),(1166,5,30327,0),(1167,5,29074,0),(1168,5,29486,3),(1169,5,30178,1),(1170,10,29976,1),(1171,10,29563,2),(1172,10,5890,1),(1173,10,5904,0),(1174,10,32678,0),(1175,10,30175,0),(1176,10,28567,2),(1177,10,5902,1),(1178,10,32859,2),(1179,10,30636,0),(1180,10,31360,1),(1181,10,6205,0),(1182,10,5915,0),(1183,10,30452,0),(1184,10,29515,1),(1185,10,4652,2),(1186,10,32170,0),(1187,10,30445,0),(1188,10,32839,1),(1189,6,29229,1),(1190,6,28536,1),(1191,6,29416,1),(1192,6,30993,2),(1193,6,6188,0),(1194,6,30461,0),(1195,6,29999,1),(1196,6,31127,1),(1197,6,33632,0),(1198,6,29436,0),(1199,6,28636,0),(1200,6,5880,1),(1201,6,29357,0),(1202,6,31662,0),(1203,6,32078,0),(1204,6,32653,4),(1205,6,28973,2),(1206,6,32863,1),(1207,6,31195,0),(1208,6,33066,0),(1209,6,28762,2),(1210,6,29246,0),(1211,6,29486,0),(1212,6,30327,0),(1213,6,30178,0),(1214,6,29074,0),(1215,6,29316,0),(1216,11,29976,2),(1217,11,29563,1),(1218,11,5890,1),(1219,11,5904,2),(1220,11,32678,2),(1221,11,30175,0),(1222,11,28567,0),(1223,11,6390,1),(1224,11,32859,3),(1225,11,30636,0),(1226,11,31360,0),(1227,11,6205,3),(1228,11,3878,2),(1229,11,5915,1),(1230,11,30452,0),(1231,11,29515,2),(1232,11,4652,0),(1233,11,28444,0),(1234,11,29224,0),(1235,11,29611,0),(1236,11,32170,1),(1237,11,30445,2),(1238,20,31015,1),(1239,20,32842,2),(1240,20,5940,1),(1241,20,29551,2),(1242,20,5527,1),(1243,20,31208,0),(1244,20,5403,0),(1245,20,32211,0),(1246,20,6370,0),(1247,20,5986,0),(1248,20,28844,0),(1249,20,30936,0),(1250,20,32061,0),(1251,20,32640,0),(1252,20,32059,0),(1253,20,32639,0),(1254,20,31399,1),(1255,20,29252,1),(1256,20,32558,2),(1257,20,30054,0),(1258,20,30515,0),(1259,20,29453,0),(1260,20,33172,2),(1261,20,30782,1),(1262,20,30450,2),(1263,20,33712,1),(1264,20,29763,0),(1265,20,6431,0),(1266,20,32656,1),(1267,20,32127,2),(1268,20,28586,0),(1269,20,30145,0),(1270,20,29195,0),(1271,20,29772,1),(1272,20,30089,0),(1273,15,6524,2),(1274,15,4258,1),(1275,15,5405,2),(1276,15,29607,2),(1277,15,6312,0),(1278,15,31465,0),(1279,15,28922,0),(1280,15,6481,2),(1281,15,5035,1),(1282,15,30950,1),(1283,15,31358,1),(1284,15,30041,0),(1285,15,31392,0),(1286,15,32620,0),(1287,15,32574,0),(1288,15,32888,0),(1289,15,30694,0),(1290,15,32691,1),(1291,15,6125,2),(1292,15,6035,0),(1293,15,29200,1),(1294,15,32080,3),(1295,15,30953,1),(1296,15,29951,3),(1297,15,30627,2),(1298,15,31410,1),(1299,15,31214,0),(1300,15,4604,0),(1301,15,3602,0),(1302,15,33711,0),(1303,15,31493,0),(1304,15,31744,0),(1305,15,31687,0),(1306,16,31358,2),(1307,16,31392,0),(1308,16,6524,1),(1309,16,5405,1),(1310,16,29607,1),(1311,16,30648,0),(1312,16,29630,0),(1313,16,32691,0),(1314,16,32574,0),(1315,16,29258,1),(1316,16,28922,0),(1317,16,6481,0),(1318,16,28963,1),(1319,16,4258,0),(1320,16,6125,0),(1321,16,6035,0),(1322,16,29200,1),(1323,16,32080,1),(1324,16,29951,0),(1325,16,30953,0),(1326,16,30627,0),(1327,16,31410,1),(1328,16,33711,0),(1329,16,33106,0),(1330,16,4604,0),(1331,16,3602,0),(1332,16,28694,0),(1333,16,6295,0),(1334,16,31687,0),(1335,21,31015,2),(1336,21,32842,1),(1337,21,5940,0),(1338,21,29551,1),(1339,21,5527,1),(1340,21,31399,0),(1341,21,32211,0),(1342,21,31945,0),(1343,21,32061,0),(1344,21,30936,1),(1345,21,5203,1),(1346,21,31208,0),(1347,21,5403,0),(1348,21,28844,1),(1349,21,32059,0),(1350,21,6370,0),(1351,21,28772,0),(1352,21,29252,0),(1353,21,32558,0),(1354,21,29763,0),(1355,21,30089,0),(1356,21,33172,1),(1357,21,30782,2),(1358,21,30450,0),(1359,21,33712,2),(1360,21,29453,0),(1361,21,28586,0),(1362,21,6480,1),(1363,21,31753,0),(1364,21,30515,0),(1365,21,30054,0),(1366,21,5111,0),(1367,21,29195,0),(1368,21,32217,0),(1369,21,6431,0),(1370,21,32127,2),(1371,12,31360,1),(1372,12,29611,0),(1373,12,29224,0),(1374,12,6205,1),(1375,12,5915,1),(1376,12,3878,1),(1377,12,30452,0),(1378,12,4652,1),(1379,12,29515,0),(1380,12,32170,2),(1381,12,29361,1),(1382,12,28444,0),(1383,12,29976,1),(1384,12,29563,0),(1385,12,5890,2),(1386,12,5904,2),(1387,12,32678,2),(1388,12,30175,0),(1389,12,28567,0),(1390,12,6390,0),(1391,12,32210,0),(1392,12,5902,0),(1393,12,32859,0),(1394,12,30636,0),(1395,7,31662,0),(1396,7,32078,0),(1397,7,32653,0),(1398,7,28973,0),(1399,7,28762,0),(1400,7,32863,1),(1401,7,29246,1),(1402,7,29486,0),(1403,7,30178,0),(1404,7,33066,0),(1405,7,29229,1),(1406,7,28536,0),(1407,7,29416,1),(1408,7,30993,1),(1409,7,6188,1),(1410,7,29999,0),(1411,7,31127,1),(1412,7,28636,1),(1413,7,5880,2),(1414,7,29357,0),(1415,17,6125,1),(1416,17,6035,0),(1417,17,29200,3),(1418,17,32080,0),(1419,17,30953,0),(1420,17,29951,0),(1421,17,33711,0),(1422,17,31410,1),(1423,17,30627,1),(1424,17,32796,0),(1425,17,6295,1),(1426,17,31730,0),(1427,17,31687,0),(1428,17,6524,0),(1429,17,32691,1),(1430,17,5405,1),(1431,17,29607,3),(1432,17,6481,1),(1433,17,30950,0),(1434,17,5035,0),(1435,17,31358,0),(1436,17,4258,0),(1437,17,29630,0),(1438,17,31392,0),(1439,17,5383,0),(1440,17,5883,0),(1441,17,31465,0),(1442,17,30648,0),(1443,17,29258,0),(1444,23,29976,0),(1445,23,29563,1),(1446,23,5890,0),(1447,23,5904,0),(1448,23,30175,0),(1449,23,32678,1),(1450,23,28567,0),(1451,23,5902,0),(1452,23,32859,0),(1453,23,30636,1),(1454,23,29229,2),(1455,23,28536,1),(1456,23,29416,1),(1457,23,30993,1),(1458,23,6188,1),(1459,23,29999,0),(1460,23,31127,1),(1461,23,28636,1),(1462,23,5880,0),(1463,23,29357,0),(1464,24,29976,0),(1465,24,29563,1),(1466,24,5890,0),(1467,24,5904,2),(1468,24,32678,2),(1469,24,28567,2),(1470,24,6390,0),(1471,24,32859,2),(1472,24,30636,1),(1473,24,29210,0),(1474,24,29229,1),(1475,24,28536,1),(1476,24,29416,1),(1477,24,30993,1),(1478,24,6188,0),(1479,24,29999,2),(1480,24,31127,0),(1481,24,28636,1),(1482,24,5880,1),(1483,24,29357,0),(1484,30,29252,0),(1485,30,33712,1),(1486,30,33172,0),(1487,30,30782,0),(1488,30,30450,1),(1489,30,32558,1),(1490,30,32127,1),(1491,30,28586,1),(1492,30,5206,0),(1493,30,32217,0),(1494,30,28487,0),(1495,30,31753,0),(1496,30,29772,0),(1497,30,29195,0),(1498,30,30054,0),(1499,30,6125,1),(1500,30,6035,0),(1501,30,29200,1),(1502,30,32080,0),(1503,30,29951,2),(1504,30,4604,1),(1505,30,30953,0),(1506,30,30627,1),(1507,30,31410,2),(1508,30,31214,0),(1509,30,31687,0),(1510,31,29252,2),(1511,31,33712,0),(1512,31,33172,2),(1513,31,30782,1),(1514,31,30450,0),(1515,31,29772,0),(1516,31,28586,0),(1517,31,32127,0),(1518,31,30515,0),(1519,31,6431,0),(1520,31,29195,0),(1521,31,29763,0),(1522,31,30145,0),(1523,31,32217,0),(1524,31,6125,1),(1525,31,6035,1),(1526,31,29200,2),(1527,31,32080,1),(1528,31,30953,0),(1529,31,29951,0),(1530,31,33711,0),(1531,31,28694,0),(1532,31,31687,0),(1533,31,30627,0),(1534,31,31730,0),(1535,31,29219,0),(1536,31,31493,0),(1537,31,31410,0),(1538,25,29229,4),(1539,25,28536,3),(1540,25,29416,1),(1541,25,30993,2),(1542,25,6188,3),(1543,25,29999,1),(1544,25,31127,0),(1545,25,28636,1),(1546,25,5880,0),(1547,25,29976,1),(1548,25,29563,2),(1549,25,5890,1),(1550,25,5904,2),(1551,25,32678,0),(1552,25,30175,0),(1553,25,28567,2),(1554,25,29210,0),(1555,25,6390,0),(1556,25,32859,1),(1557,25,30636,2),(1558,26,29229,2),(1559,26,28536,2),(1560,26,29416,2),(1561,26,30461,0),(1562,26,30993,1),(1563,26,6188,1),(1564,26,29999,0),(1565,26,31127,1),(1566,26,29436,0),(1567,26,28636,1),(1568,26,5880,3),(1569,26,29357,2),(1570,26,29976,2),(1571,26,29563,1),(1572,26,5890,1),(1573,26,5904,0),(1574,26,32678,0),(1575,26,28567,1),(1576,26,32210,1),(1577,26,6390,0),(1578,26,29008,0),(1579,26,32859,0),(1580,26,30636,1),(1581,32,6125,0),(1582,32,6035,3),(1583,32,29200,2),(1584,32,32080,3),(1585,32,30953,1),(1586,32,29951,1),(1587,32,33711,0),(1588,32,28694,0),(1589,32,31687,0),(1590,32,30627,1),(1591,32,32796,0),(1592,32,6295,0),(1593,32,31410,0),(1594,32,29252,1),(1595,32,33712,1),(1596,32,33172,0),(1597,32,30782,1),(1598,32,30450,1),(1599,32,32558,1),(1600,32,28586,0),(1601,32,33173,0),(1602,32,29772,0),(1603,32,29195,0),(1604,32,30054,0),(1605,32,30515,0),(1606,32,31753,0),(1607,32,32217,0),(1608,32,32127,0),(1609,32,29763,0),(1610,32,6431,0),(1611,32,30089,0),(1612,27,29229,1),(1613,27,28536,0),(1614,27,29416,0),(1615,27,30993,0),(1616,27,6188,0),(1617,27,29999,0),(1618,27,31127,1),(1619,27,28636,1),(1620,27,5880,1),(1621,27,29976,0),(1622,27,29563,1),(1623,27,5890,2),(1624,27,5904,0),(1625,27,32678,1),(1626,27,30175,0),(1627,27,28567,2),(1628,27,5902,0),(1629,27,32859,2),(1630,27,30636,0),(1631,33,6125,1),(1632,33,6035,0),(1633,33,29200,4),(1634,33,32080,0),(1635,33,31410,0),(1636,33,30953,3),(1637,33,29951,1),(1638,33,33711,0),(1639,33,3602,0),(1640,33,6295,0),(1641,33,31493,0),(1642,33,28694,0),(1643,33,4604,0),(1644,33,31687,0),(1645,33,30627,2),(1646,33,33106,0),(1647,33,30218,0),(1648,33,29252,1),(1649,33,32558,3),(1650,33,33172,1),(1651,33,30782,1),(1652,33,30450,0),(1653,33,33712,0),(1654,33,32127,0),(1655,33,5111,0),(1656,33,30089,0),(1657,33,29772,0),(1658,33,6480,0),(1659,33,30515,0),(1660,33,29195,0),(1661,33,29453,0),(1662,33,30054,0),(1663,33,29763,0),(1664,33,32217,0),(1665,33,5206,0),(1666,33,28586,0),(1667,28,29976,2),(1668,28,29563,0),(1669,28,5890,2),(1670,28,5904,1),(1671,28,32678,1),(1672,28,28567,0),(1673,28,6390,1),(1674,28,32210,0),(1675,28,32859,0),(1676,28,30636,0),(1677,28,5902,0),(1678,28,29229,1),(1679,28,28536,1),(1680,28,29416,1),(1681,28,30993,1),(1682,28,6188,1),(1683,28,33632,0),(1684,28,29999,2),(1685,28,31127,0),(1686,28,28636,0),(1687,28,5880,2),(1688,28,29357,0),(1689,37,6125,1),(1690,37,6035,2),(1691,37,29200,2),(1692,37,32080,1),(1693,37,30953,2),(1694,37,29951,1),(1695,37,33711,0),(1696,37,31410,2),(1697,37,30627,0),(1698,37,6295,0),(1699,37,4604,0),(1700,37,30218,0),(1701,37,29229,1),(1702,37,28536,3),(1703,37,29416,1),(1704,37,30993,0),(1705,37,6188,0),(1706,37,30461,0),(1707,37,29999,2),(1708,37,31127,2),(1709,37,28636,1),(1710,37,5880,0),(1711,37,29357,1),(1712,38,6125,0),(1713,38,6035,0),(1714,38,29200,0),(1715,38,32080,0),(1716,38,30953,2),(1717,38,29951,0),(1718,38,33711,0),(1719,38,30627,0),(1720,38,31410,0),(1721,38,29229,2),(1722,38,28536,0),(1723,38,29416,0),(1724,38,30993,2),(1725,38,6188,1),(1726,38,29999,2),(1727,38,31127,1),(1728,38,28636,1),(1729,38,5880,1),(1730,38,29357,0),(1746,39,29229,1),(1747,39,28536,1),(1748,39,29416,1),(1749,39,30993,0),(1750,39,29999,1),(1751,39,31127,1),(1752,39,28636,1),(1753,39,5880,1),(1754,39,32029,0),(1755,39,5382,0),(1756,39,30264,0),(1757,39,6188,0),(1758,39,31876,0),(1759,39,31114,0),(1760,39,32821,0),(1761,39,28643,0),(1762,39,28675,0),(1763,39,29357,0),(1764,39,6125,2),(1765,39,6035,2),(1766,39,29200,0),(1767,39,32080,1),(1768,39,30953,1),(1769,39,29951,2),(1770,39,33711,1),(1771,39,31410,1),(1772,39,30627,0),(1773,39,31730,1),(1774,39,4657,1),(1775,39,31493,0),(1776,39,30218,0),(1777,39,28694,0),(1778,39,31687,0),(1779,40,29229,1),(1780,40,28536,1),(1781,40,29416,1),(1782,40,30993,0),(1783,40,29999,1),(1784,40,31127,3),(1785,40,28636,1),(1786,40,5880,0),(1787,40,29357,0),(1788,40,6073,0),(1789,40,6188,1),(1790,40,31114,0),(1791,40,28643,0),(1792,40,30461,0),(1793,40,5382,0),(1794,40,28957,0),(1795,40,6125,1),(1796,40,6035,0),(1797,40,29200,1),(1798,40,32080,1),(1799,40,30953,0),(1800,40,29951,0),(1801,40,33711,2),(1802,40,28694,0),(1803,40,31687,0),(1804,40,30218,0),(1805,40,30627,1),(1806,40,33106,0),(1807,40,29219,0),(1808,40,3602,0),(1809,40,31493,0),(1810,40,31410,0),(1811,40,6295,0),(1812,40,32666,0),(1813,41,29229,1),(1814,41,28536,1),(1815,41,29416,2),(1816,41,30993,2),(1817,41,29999,1),(1818,41,31127,1),(1819,41,30461,0),(1820,41,29436,0),(1821,41,28636,0),(1822,41,5880,0),(1823,41,32029,0),(1824,41,6188,0),(1825,41,28643,0),(1826,41,31116,1),(1827,41,28957,0),(1828,41,6401,1),(1829,41,29357,0),(1830,41,6125,1),(1831,41,6035,1),(1832,41,29200,0),(1833,41,32080,0),(1834,41,31410,0),(1835,41,30953,0),(1836,41,29951,0),(1837,41,33711,2),(1838,41,30627,0),(1839,41,31214,0),(1840,41,31687,0),(1841,41,6295,0),(1842,41,29219,0),(1843,41,31493,0),(1844,41,3602,0);
/*!40000 ALTER TABLE `appearances` ENABLE KEYS */;
UNLOCK TABLES;

--
-- Temporary table structure for view `availabilities`
--

DROP TABLE IF EXISTS `availabilities`;
/*!50001 DROP VIEW IF EXISTS `availabilities`*/;
SET @saved_cs_client     = @@character_set_client;
SET character_set_client = utf8;
/*!50001 CREATE TABLE `availabilities` (
  `user_id` tinyint NOT NULL,
  `team_id` tinyint NOT NULL,
  `player_id` tinyint NOT NULL,
  `game_id` tinyint NOT NULL
) ENGINE=MyISAM */;
SET character_set_client = @saved_cs_client;

--
-- Table structure for table `games`
--

DROP TABLE IF EXISTS `games`;
/*!40101 SET @saved_cs_client     = @@character_set_client */;
/*!40101 SET character_set_client = utf8 */;
CREATE TABLE `games` (
  `id` smallint(5) unsigned NOT NULL AUTO_INCREMENT,
  `espn_id` int(10) unsigned DEFAULT NULL,
  `time` datetime DEFAULT NULL,
  `away_team_id` smallint(5) unsigned DEFAULT NULL,
  `home_team_id` smallint(5) unsigned DEFAULT NULL,
  `value` smallint(6) DEFAULT '1',
  `description` varchar(255) DEFAULT NULL,
  `final` smallint(6) DEFAULT '0',
  PRIMARY KEY (`id`),
  KEY `away_team_id` (`away_team_id`),
  KEY `home_team_id` (`home_team_id`),
  CONSTRAINT `games_ibfk_1` FOREIGN KEY (`away_team_id`) REFERENCES `teams` (`id`) ON UPDATE CASCADE,
  CONSTRAINT `games_ibfk_2` FOREIGN KEY (`home_team_id`) REFERENCES `teams` (`id`) ON UPDATE CASCADE
) ENGINE=InnoDB AUTO_INCREMENT=42 DEFAULT CHARSET=latin1;
/*!40101 SET character_set_client = @saved_cs_client */;

--
-- Dumping data for table `games`
--

LOCK TABLES `games` WRITE;
/*!40000 ALTER TABLE `games` DISABLE KEYS */;
INSERT INTO `games` VALUES (1,351006110,'2015-10-06 20:00:00',11,19,1,'AL Wild Card',1),(2,351007123,'2015-10-07 20:08:00',5,22,1,'NL Wild Card',1),(3,351008107,'2015-10-08 19:37:00',11,12,1,'ALDS Game 1',1),(4,351009107,'2015-10-09 15:45:00',11,12,1,'ALDS Game 2',1),(5,351011118,'2015-10-11 16:10:00',12,11,1,'ALDS Game 3',1),(6,351012118,'2015-10-12 13:07:00',12,11,1,'ALDS Game 4',1),(7,351014107,'2015-10-14 20:07:00',11,12,1,'ALDS Game 5',1),(8,351008114,'2015-10-08 15:37:00',28,29,1,'ALDS Game 1',1),(9,351009114,'2015-10-09 12:45:00',28,29,1,'ALDS Game 2',1),(10,351011113,'2015-10-11 20:10:00',29,28,1,'ALDS Game 3',1),(11,351012113,'2015-10-12 16:07:00',29,28,1,'ALDS Game 4',1),(12,351014114,'2015-10-14 16:07:00',28,29,1,'ALDS Game 5',1),(13,351009119,'2015-10-09 21:45:00',18,14,1,'NLDS Game 1',1),(14,351010119,'2015-10-10 21:07:00',18,14,1,'NLDS Game 2',1),(15,351012121,'2015-10-12 20:37:00',14,18,1,'NLDS Game 3',1),(16,351013121,'2015-10-13 20:07:00',14,18,1,'NLDS Game 4',1),(17,351015119,'2015-10-15 20:07:00',18,14,1,'NLDS Game 5',1),(18,351009124,'2015-10-09 18:45:00',5,26,1,'NLDS Game 1',1),(19,351010124,'2015-10-10 17:37:00',5,26,1,'NLDS Game 2',1),(20,351012116,'2015-10-12 18:07:00',26,5,1,'NLDS Game 3',1),(21,351013116,'2015-10-13 16:37:00',26,5,1,'NLDS Game 4',1),(23,351016107,'2015-10-16 20:07:00',29,12,2,'ALCS Game 1',1),(24,351017107,'2015-10-17 16:07:00',29,12,2,'ALCS Game 2',1),(25,351019114,'2015-10-19 20:07:00',12,29,2,'ALCS Game 3',1),(26,351020114,'2015-10-20 16:07:00',12,29,2,'ALCS Game 4',1),(27,351021114,'2015-10-21 16:07:00',12,29,2,'ALCS Game 5',1),(28,351023107,'2015-10-23 20:07:00',29,12,2,'ALCS Game 6',1),(30,351017121,'2015-10-17 20:07:00',5,18,2,'NLCS Game 1',1),(31,351018121,'2015-10-18 20:07:00',5,18,2,'NLCS Game 2',1),(32,351020116,'2015-10-20 20:07:00',18,5,2,'NLCS Game 3',1),(33,351021116,'2015-10-21 20:07:00',18,5,2,'NLCS Game 4',1),(37,351027107,'2015-10-27 20:07:00',18,12,4,'WS Game 1',1),(38,351028107,'2015-10-28 20:07:00',18,12,4,'WS Game 2',1),(39,351030121,'2015-10-30 20:07:00',12,18,4,'WS Game 3',1),(40,351031121,'2015-10-31 20:07:00',12,18,4,'WS Game 4',1),(41,351101121,'2015-11-01 20:15:00',12,18,4,'WS Game 5',1);
/*!40000 ALTER TABLE `games` ENABLE KEYS */;
UNLOCK TABLES;

--
-- Table structure for table `picks`
--

DROP TABLE IF EXISTS `picks`;
/*!40101 SET @saved_cs_client     = @@character_set_client */;
/*!40101 SET character_set_client = utf8 */;
CREATE TABLE `picks` (
  `id` smallint(5) unsigned NOT NULL AUTO_INCREMENT,
  `user_id` smallint(5) unsigned DEFAULT NULL,
  `game_id` smallint(5) unsigned DEFAULT NULL,
  `player_id` mediumint(8) unsigned DEFAULT NULL,
  PRIMARY KEY (`id`),
  KEY `user_id` (`user_id`),
  KEY `game_id` (`game_id`),
  KEY `player_id` (`player_id`),
  CONSTRAINT `picks_ibfk_1` FOREIGN KEY (`user_id`) REFERENCES `users` (`id`) ON UPDATE CASCADE,
  CONSTRAINT `picks_ibfk_2` FOREIGN KEY (`game_id`) REFERENCES `games` (`id`) ON UPDATE CASCADE,
  CONSTRAINT `picks_ibfk_3` FOREIGN KEY (`player_id`) REFERENCES `players` (`id`) ON UPDATE CASCADE
) ENGINE=InnoDB AUTO_INCREMENT=1295 DEFAULT CHARSET=latin1;
/*!40101 SET character_set_client = @saved_cs_client */;

--
-- Dumping data for table `picks`
--

LOCK TABLES `picks` WRITE;
/*!40000 ALTER TABLE `picks` DISABLE KEYS */;
INSERT INTO `picks` VALUES (515,21,1,32078),(516,21,2,30782),(517,21,8,29515),(518,15,1,32653),(519,21,13,5405),(520,15,2,28701),(521,27,1,31662),(522,27,2,28701),(523,1,1,3971),(524,32,1,3971),(525,26,1,29174),(526,28,1,3115),(527,28,2,28701),(528,28,8,29563),(529,28,3,28973),(530,28,4,29416),(531,28,9,32859),(532,28,13,6125),(533,28,18,5986),(534,28,14,5035),(535,28,19,29252),(536,28,5,5860),(537,28,10,5904),(538,28,6,29229),(539,28,11,32210),(540,28,15,6524),(541,28,20,33712),(542,28,16,5405),(543,28,21,31015),(544,28,7,32653),(545,28,12,31360),(546,28,17,6035),(548,34,1,6514),(549,34,2,30830),(550,9,1,3971),(551,9,2,30782),(552,18,1,33411),(553,18,2,30687),(554,4,1,3971),(555,33,1,29174),(556,33,2,28701),(557,8,1,28637),(558,8,2,29590),(559,3,1,3971),(560,3,2,32950),(561,3,8,6205),(562,3,9,30636),(563,3,13,29200),(564,3,14,31392),(565,31,1,3971),(566,30,1,31662),(567,35,1,32653),(568,30,2,30782),(569,36,1,32653),(570,29,1,3971),(571,23,1,32653),(572,25,1,32653),(573,25,2,28701),(574,10,1,6514),(575,4,2,30782),(576,36,2,33172),(577,30,8,29515),(578,30,3,30178),(579,3,3,28973),(580,3,4,29999),(581,1,2,29590),(582,29,2,29273),(583,31,2,32950),(584,6,2,30782),(585,26,2,28701),(586,19,2,33172),(587,18,8,32170),(588,18,3,32078),(589,18,13,30953),(590,15,8,29515),(591,15,3,28536),(592,21,3,28536),(593,21,9,5904),(594,21,4,6188),(595,21,5,29416),(596,21,10,30452),(597,21,14,30627),(598,21,15,6125),(599,21,18,31015),(600,15,9,4652),(601,15,18,5940),(602,15,13,29200),(603,15,4,28973),(604,29,8,5904),(605,4,8,29515),(606,4,3,28536),(607,33,8,31360),(608,33,3,31662),(609,29,3,28973),(610,10,8,32170),(611,10,3,28973),(612,36,8,29976),(613,1,8,31360),(614,27,8,5915),(615,1,3,28536),(616,27,3,28636),(617,35,8,28444),(618,35,3,28973),(619,19,8,6205),(620,19,3,5339),(621,26,8,28444),(622,9,8,6205),(623,9,3,31662),(624,9,9,5915),(625,9,4,30327),(626,9,18,29772),(627,9,13,30627),(628,34,8,32859),(629,34,3,31195),(630,34,9,30452),(631,34,4,32653),(632,34,18,29772),(633,34,13,30627),(634,31,3,32653),(635,25,3,28973),(636,25,9,6205),(637,25,4,29416),(638,26,3,32653),(639,6,3,32863),(640,8,3,29999),(641,8,9,30636),(642,31,9,5904),(643,26,9,5904),(644,27,9,29515),(645,18,9,29976),(646,18,4,5880),(647,18,18,29252),(648,29,9,6205),(649,4,9,28567),(650,4,4,30993),(651,4,18,29551),(652,4,13,29661),(653,8,4,29229),(654,8,18,30450),(655,8,13,30627),(656,33,4,32078),(657,33,9,29563),(658,33,18,30782),(659,33,13,6125),(660,33,19,5940),(661,33,14,32691),(662,33,5,29416),(663,33,10,6205),(664,36,9,32859),(665,31,4,30993),(666,31,18,5527),(667,31,13,29200),(668,35,9,29515),(669,35,4,29999),(670,35,18,29252),(671,35,13,6524),(672,30,9,30452),(673,30,4,29229),(674,30,18,5940),(675,30,13,6035),(676,1,9,29563),(677,10,9,32678),(678,10,4,28636),(679,10,18,32061),(680,10,13,29951),(681,25,18,29453),(682,25,13,5405),(683,25,19,33172),(684,25,14,6481),(685,25,5,28636),(686,25,10,29563),(687,25,6,28536),(688,25,11,28567),(689,32,9,32170),(690,32,4,28536),(691,32,18,5527),(692,32,13,5383),(693,32,19,29453),(694,32,14,6035),(695,23,9,30636),(696,26,4,28636),(697,29,4,28536),(698,1,4,29416),(699,1,18,32656),(700,1,13,6125),(701,6,4,29999),(702,6,18,5986),(703,6,13,29200),(704,23,4,31127),(705,36,18,32217),(706,36,4,29229),(707,27,4,5880),(708,29,18,30782),(709,29,13,32080),(710,26,18,5986),(711,23,18,32656),(712,27,18,5986),(713,18,5,32653),(714,18,10,5890),(715,34,19,32842),(716,26,13,4604),(717,34,14,29607),(718,36,13,5405),(719,27,13,6125),(720,23,13,29258),(721,18,19,33712),(722,1,19,29252),(723,1,14,32691),(724,18,14,6481),(725,15,19,33712),(726,15,14,29607),(727,15,5,31195),(728,15,10,29976),(729,4,19,31015),(730,4,14,29607),(731,35,19,32061),(732,35,14,6125),(733,6,19,30450),(734,6,14,29607),(735,10,19,32656),(736,10,14,30950),(737,26,19,30782),(738,26,14,32691),(739,31,19,33172),(740,31,14,32691),(741,36,19,5940),(742,36,14,6035),(743,29,19,33712),(744,9,19,33172),(745,9,14,32080),(746,9,5,28762),(747,9,10,5890),(748,30,19,30450),(749,30,14,30950),(750,27,19,29453),(751,27,14,30953),(752,23,19,28586),(753,8,19,29252),(754,8,14,30953),(755,8,5,32078),(756,8,10,29563),(757,8,6,30993),(758,8,11,28567),(759,8,15,6035),(760,8,20,5527),(761,8,16,6524),(762,8,21,31015),(763,8,7,28636),(764,8,12,5890),(765,8,17,6125),(767,23,14,30950),(768,18,20,30450),(769,21,6,29229),(770,21,11,28567),(771,21,20,32061),(772,27,5,29246),(773,27,10,6390),(774,18,15,29607),(775,1,5,28762),(776,1,10,28567),(777,29,10,28567),(778,29,5,31662),(779,4,5,28973),(780,4,10,29563),(781,32,5,28973),(782,32,10,29563),(783,30,5,31195),(784,30,10,5904),(785,31,10,29563),(786,31,5,28536),(787,23,5,5880),(788,23,10,32859),(789,34,10,29563),(790,34,5,30993),(791,36,5,29416),(792,36,10,6205),(793,6,5,28762),(794,6,10,29563),(795,26,5,31127),(796,26,10,29563),(797,35,10,5890),(798,35,6,28762),(799,10,10,32859),(800,18,6,28536),(801,6,20,29772),(802,31,6,29416),(803,31,11,28567),(804,31,20,29252),(805,31,15,6035),(806,18,11,29563),(807,1,6,6188),(808,21,21,29551),(809,21,16,32691),(810,33,6,6188),(811,4,6,29416),(812,4,11,5904),(813,33,11,28567),(814,33,20,32842),(815,33,15,5405),(816,4,20,29252),(817,4,15,6125),(818,30,6,29999),(819,30,11,32678),(820,30,20,29772),(821,30,15,30627),(822,36,6,28762),(823,36,11,32678),(824,36,20,29252),(825,23,6,28636),(826,23,11,32170),(827,23,20,32061),(828,23,15,31358),(829,15,6,6188),(830,15,11,32170),(831,15,20,29551),(832,15,15,6125),(833,15,21,32558),(834,15,16,6524),(835,32,6,28636),(836,32,11,32678),(837,32,20,29252),(838,32,15,29951),(839,32,21,32061),(840,32,16,6524),(841,35,11,29563),(842,35,20,30782),(843,35,15,6035),(844,26,6,30993),(845,26,15,29607),(846,26,11,5890),(847,26,20,5527),(848,27,6,31127),(849,34,6,28536),(850,34,11,28567),(851,34,20,29551),(852,34,15,6035),(853,25,20,30782),(854,25,15,32691),(855,25,21,30450),(856,25,16,31358),(857,1,11,5904),(858,10,11,6390),(859,10,20,32842),(860,10,15,6125),(861,6,11,5904),(862,27,11,32678),(863,1,20,29551),(864,15,12,3878),(865,15,7,28762),(866,29,20,5986),(867,29,15,6125),(868,21,7,28973),(869,21,12,5890),(870,27,15,29951),(871,6,15,30953),(872,9,15,30953),(873,9,21,32558),(874,9,16,29759),(875,9,7,30993),(876,9,12,31588),(877,9,17,6125),(879,18,21,32842),(880,31,21,31015),(881,31,16,5405),(882,35,21,31015),(883,35,16,5405),(884,30,21,29551),(885,30,16,29607),(886,30,7,32078),(887,30,12,31360),(888,18,16,6524),(889,18,7,28973),(890,18,12,31360),(891,4,21,5940),(892,4,16,5405),(893,26,21,5940),(894,26,16,5405),(895,33,21,31015),(896,33,16,4258),(897,36,21,29551),(898,10,21,5527),(899,10,16,6481),(900,36,16,29607),(901,1,21,31015),(902,1,16,6524),(903,6,21,29551),(904,34,21,31015),(905,34,16,31358),(906,23,21,30936),(907,23,16,31392),(908,27,21,5527),(909,6,16,5405),(910,25,12,29515),(911,29,16,6524),(912,27,16,32691),(913,18,17,29200),(914,15,17,5405),(915,31,12,6205),(916,4,12,6205),(917,21,17,29200),(918,4,7,32653),(919,33,17,29200),(920,33,12,3878),(921,33,7,28973),(922,30,17,6481),(923,31,7,28973),(924,10,12,30452),(925,10,7,6188),(926,25,7,31662),(927,25,17,32080),(928,6,12,29515),(929,6,7,28536),(930,34,7,29416),(931,34,12,31360),(932,26,12,31360),(933,36,12,29563),(934,36,7,31662),(935,1,12,30452),(936,1,7,32078),(937,27,12,31360),(938,29,12,31360),(939,29,7,32653),(940,26,7,28762),(941,23,7,32078),(942,32,7,32078),(943,32,17,32691),(944,27,7,32863),(945,3,17,5405),(946,4,17,29200),(947,1,17,32080),(948,15,23,32859),(949,15,24,30175),(950,15,25,5890),(951,30,23,6390),(952,31,17,6481),(953,34,17,6481),(954,21,23,5880),(955,21,24,29976),(956,21,30,30953),(957,21,25,32859),(958,21,31,33172),(959,23,17,5405),(960,36,17,32691),(961,9,23,29999),(962,9,24,29416),(963,9,30,33712),(964,9,31,32127),(965,9,25,6188),(966,9,26,5860),(967,9,32,30450),(968,9,27,5904),(969,9,33,6431),(971,9,28,29563),(975,18,23,31127),(976,18,24,6188),(977,10,17,30953),(978,29,17,6035),(979,27,17,32080),(980,25,23,5904),(981,6,17,6125),(982,26,17,6035),(983,31,23,29976),(984,33,23,29229),(985,33,24,29976),(986,33,30,33712),(987,4,23,29229),(988,33,31,33172),(989,28,23,28536),(990,30,30,31410),(991,26,23,29999),(992,15,30,30450),(993,15,31,29252),(994,8,23,6188),(995,8,24,28536),(996,10,23,31127),(997,1,23,29229),(998,34,23,5880),(999,36,23,29999),(1000,18,30,30627),(1001,18,31,29951),(1002,25,24,5890),(1003,25,30,5206),(1004,25,31,32558),(1005,25,32,33712),(1006,30,24,31127),(1007,6,23,5880),(1008,29,23,6390),(1009,27,23,29229),(1010,28,24,5890),(1011,28,30,30782),(1012,28,31,32558),(1013,28,32,33172),(1014,28,33,32127),(1015,28,25,29976),(1016,28,26,32678),(1017,28,27,28567),(1018,31,24,32678),(1019,31,30,30450),(1020,26,24,30636),(1021,26,30,29252),(1022,4,24,29976),(1023,4,30,32558),(1024,10,24,28567),(1025,10,30,6035),(1026,23,24,29999),(1027,23,30,31410),(1028,6,24,28567),(1029,6,30,4604),(1030,34,24,30636),(1031,29,24,29229),(1032,29,30,5206),(1033,34,30,32558),(1034,36,24,28636),(1035,36,30,29200),(1036,27,24,29999),(1037,1,24,29976),(1038,8,30,32656),(1039,8,31,32558),(1040,8,25,32859),(1041,8,26,29976),(1042,8,32,30782),(1043,8,27,31127),(1044,8,33,33172),(1046,8,28,5339),(1050,15,26,29229),(1051,15,32,30953),(1052,31,31,33712),(1053,18,25,5904),(1054,18,26,32859),(1055,18,27,32678),(1056,4,31,30450),(1057,30,31,32558),(1058,30,25,29976),(1059,1,31,32558),(1060,29,31,30627),(1061,29,25,5890),(1062,25,25,6390),(1063,25,26,30993),(1064,25,27,5880),(1065,25,33,32127),(1066,21,32,29252),(1067,21,26,29563),(1068,23,31,30627),(1069,34,31,33172),(1070,6,31,32127),(1071,36,31,30450),(1072,26,31,33712),(1073,27,31,33711),(1074,31,25,32859),(1075,18,32,33172),(1076,18,33,32558),(1078,34,25,5904),(1079,33,25,5904),(1080,33,26,5890),(1081,33,32,32558),(1082,4,25,6188),(1083,30,32,30953),(1084,15,27,5904),(1085,15,33,32127),(1086,35,25,28567),(1087,36,25,28567),(1088,1,25,30636),(1089,27,25,28567),(1090,23,25,6188),(1091,23,26,30993),(1092,26,25,29229),(1093,6,25,32859),(1094,4,26,32678),(1095,4,32,30953),(1096,30,26,28636),(1097,36,26,31127),(1098,6,26,32678),(1099,1,26,5880),(1100,1,32,30782),(1101,26,26,29416),(1102,26,32,33172),(1103,10,26,5904),(1104,10,32,29200),(1105,10,27,30461),(1106,10,33,32080),(1110,10,28,29999),(1112,31,26,28636),(1113,31,32,28586),(1114,27,26,30636),(1115,23,32,33711),(1116,34,26,5890),(1117,34,32,33712),(1118,27,32,32558),(1119,36,32,33712),(1120,6,32,33172),(1121,21,27,32678),(1122,21,33,28586),(1123,29,32,29252),(1124,29,27,29563),(1125,1,27,5890),(1128,28,28,30636),(1131,31,27,5890),(1132,15,28,28567),(1134,31,33,30782),(1135,30,33,29252),(1136,30,27,29563),(1137,4,27,5890),(1138,4,33,33172),(1139,33,33,29252),(1140,33,27,30636),(1141,36,27,28536),(1142,1,33,33172),(1144,25,28,5902),(1146,34,27,29976),(1147,34,33,30782),(1148,6,27,5890),(1149,26,27,28536),(1150,26,33,29951),(1151,35,27,5904),(1152,35,33,33172),(1153,29,33,33172),(1154,23,33,6125),(1155,27,33,29252),(1156,36,33,6125),(1157,6,33,29252),(1159,21,28,30636),(1161,18,28,28636),(1163,28,37,29200),(1164,28,38,29951),(1165,28,39,30953),(1166,28,40,30627),(1167,28,41,32080),(1168,29,28,6188),(1169,1,28,32678),(1170,35,28,32859),(1171,31,28,5880),(1172,6,28,29976),(1173,30,28,29416),(1175,26,28,28567),(1176,4,28,32859),(1177,33,28,5880),(1179,21,37,6035),(1180,27,28,29976),(1182,34,28,32678),(1183,23,28,28567),(1184,18,37,29229),(1185,18,38,29416),(1186,18,39,6125),(1187,18,40,32080),(1188,21,38,29951),(1189,21,39,30993),(1190,21,40,31127),(1191,21,41,29999),(1194,10,37,30993),(1195,10,38,5880),(1196,10,39,28536),(1197,10,40,29229),(1198,10,41,29416),(1201,26,37,30627),(1202,26,38,6125),(1203,26,39,30953),(1204,26,40,29200),(1205,26,41,33711),(1208,29,37,29200),(1209,29,38,29999),(1212,8,37,29416),(1213,8,38,29200),(1214,8,39,32080),(1215,8,40,29951),(1216,8,41,33711),(1219,33,37,28536),(1220,33,38,6035),(1221,15,37,6035),(1222,15,38,29416),(1223,15,39,28636),(1224,15,40,32080),(1225,15,41,30993),(1228,30,37,29200),(1229,30,38,6188),(1230,30,39,32080),(1231,30,40,28536),(1232,30,41,6125),(1235,1,37,30993),(1236,4,37,32080),(1237,9,37,29200),(1238,9,38,6035),(1239,9,39,28636),(1240,9,40,28536),(1241,9,41,33632),(1244,31,37,6125),(1245,34,37,6125),(1246,36,37,30627),(1247,23,37,32080),(1248,25,37,6125),(1249,25,38,29200),(1250,25,39,6035),(1251,25,40,30953),(1252,6,37,30993),(1253,6,38,6188),(1254,6,39,6035),(1255,6,40,32080),(1256,6,41,29229),(1259,4,38,29951),(1260,31,38,29951),(1261,1,38,30627),(1262,23,38,29416),(1263,34,38,6188),(1264,29,39,29951),(1265,29,40,30953),(1266,29,41,30993),(1267,33,39,32080),(1268,33,40,30993),(1269,33,41,30953),(1270,31,39,30953),(1271,3,39,6035),(1272,3,40,6125),(1273,3,41,30953),(1276,4,39,28636),(1277,34,39,32080),(1278,1,39,6035),(1279,18,41,6035),(1281,4,40,6035),(1282,1,40,28636),(1283,34,40,29200),(1284,31,40,32080),(1286,23,40,28536),(1287,25,41,29229),(1290,4,41,29999),(1291,1,41,29200),(1292,23,41,29229),(1293,31,41,29999),(1294,34,41,29999);
/*!40000 ALTER TABLE `picks` ENABLE KEYS */;
UNLOCK TABLES;

--
-- Table structure for table `players`
--

DROP TABLE IF EXISTS `players`;
/*!40101 SET @saved_cs_client     = @@character_set_client */;
/*!40101 SET character_set_client = utf8 */;
CREATE TABLE `players` (
  `id` mediumint(8) unsigned NOT NULL,
  `team_id` smallint(5) unsigned DEFAULT NULL,
  `name` varchar(255) DEFAULT NULL,
  `position` varchar(2) DEFAULT NULL,
  `bats` char(1) DEFAULT NULL,
  `throws` char(1) DEFAULT NULL,
  PRIMARY KEY (`id`),
  KEY `team_id` (`team_id`),
  CONSTRAINT `players_ibfk_1` FOREIGN KEY (`team_id`) REFERENCES `teams` (`id`) ON UPDATE CASCADE
) ENGINE=InnoDB DEFAULT CHARSET=latin1;
/*!40101 SET character_set_client = @saved_cs_client */;

--
-- Dumping data for table `players`
--

LOCK TABLES `players` WRITE;
/*!40000 ALTER TABLE `players` DISABLE KEYS */;
INSERT INTO `players` VALUES (2931,1,'Enrique Burgos','RP','R','R'),(3115,19,'Alex Rodriguez','DH','R','R'),(3176,29,'LaTroy Hawkins','RP','R','R'),(3602,18,'Bartolo Colon','SP','R','R'),(3723,17,'Torii Hunter','RF','R','R'),(3748,4,'David Ortiz','DH','L','L'),(3853,22,'Aramis Ramirez','3B','R','R'),(3878,28,'Adrian Beltre','3B','R','R'),(3948,2,'A.J. Pierzynski','C','L','R'),(3971,19,'Carlos Beltran','RF','B','R'),(4084,24,'Tim Hudson','SP','R','R'),(4087,10,'Randy Wolf','SP','L','L'),(4153,22,'A.J. Burnett','SP','R','R'),(4233,20,'Barry Zito','SP','L','L'),(4258,14,'Jimmy Rollins','SS','B','R'),(4262,30,'Jayson Werth','LF','R','R'),(4440,26,'Randy Choate','RP','L','L'),(4454,29,'Mark Buehrle','SP','L','L'),(4514,24,'Ryan Vogelsong','SP','R','R'),(4553,19,'CC Sabathia','SP','L','L'),(4570,15,'Ichiro Suzuki','RF','L','R'),(4574,13,'Albert Pujols','1B','R','R'),(4588,23,'Joaquin Benoit','RP','R','R'),(4604,18,'Michael Cuddyer','LF','R','R'),(4632,25,'Joe Beimel','RP','L','L'),(4652,28,'Josh Hamilton','LF','L','L'),(4657,18,'Juan Uribe','3B','R','R'),(4695,29,'R.A. Dickey','SP','R','R'),(4789,16,'Kyle Lohse','SP','R','R'),(5007,10,'Victor Martinez','DH','B','R'),(5019,24,'Jake Peavy','SP','R','R'),(5026,21,'Jerome Williams','SP','R','R'),(5031,7,'Brandon Phillips','2B','R','R'),(5033,24,'Marlon Byrd','RF','R','R'),(5035,14,'Carl Crawford','LF','L','L'),(5061,24,'Jeremy Affeldt','RP','L','L'),(5067,28,'Colby Lewis','SP','R','R'),(5111,5,'Fernando Rodney','RP','R','R'),(5181,21,'Aaron Harang','SP','R','R'),(5192,11,'Oliver Perez','RP','L','L'),(5203,26,'John Lackey','SP','R','R'),(5206,5,'David Ross','C','R','R'),(5299,20,'Coco Crisp','LF','B','R'),(5339,12,'Omar Infante','2B','R','R'),(5357,16,'Francisco Rodriguez','RP','R','R'),(5370,12,'Jeremy Guthrie','SP','R','R'),(5378,17,'Joe Mauer','1B','L','R'),(5379,9,'Justin Morneau','1B','L','R'),(5382,12,'Ryan Madson','RP','L','R'),(5383,14,'Chase Utley','2B','L','R'),(5388,24,'Javier Lopez','RP','L','L'),(5403,26,'Adam Wainwright','SP','R','R'),(5405,14,'Adrian Gonzalez','1B','L','L'),(5409,13,'Shane Victorino','LF','R','R'),(5411,9,'Jose Reyes','SS','B','R'),(5452,30,'Reed Johnson','LF','R','R'),(5469,19,'Chris Capuano','RP','L','L'),(5502,21,'Adam Loewen','RP','L','L'),(5527,26,'Jhonny Peralta','SS','R','R'),(5544,10,'Miguel Cabrera','1B','R','R'),(5565,5,'Dan Haren','SP','R','R'),(5644,17,'Neal Cotts','RP','L','L'),(5650,30,'Matt Thornton','RP','L','L'),(5798,23,'Clint Barmes','SS','R','R'),(5799,13,'David DeJesus','LF','L','L'),(5829,26,'Matt Belisle','RP','R','R'),(5842,2,'Edwin Jackson','RP','R','R'),(5860,12,'Jonny Gomes','LF','R','R'),(5879,6,'Adam LaRoche','DH','L','L'),(5880,12,'Alex Rios','RF','R','R'),(5882,27,'Grady Sizemore','LF','L','L'),(5883,14,'Zack Greinke','SP','R','R'),(5890,29,'Jose Bautista','RF','R','R'),(5902,29,'Dioner Navarro','C','B','R'),(5904,29,'Edwin Encarnacion','DH','R','R'),(5906,9,'Jorge De La Rosa','SP','L','L'),(5908,3,'J.J. Hardy','SS','R','R'),(5915,28,'Prince Fielder','DH','L','R'),(5917,11,'Scott Kazmir','SP','L','L'),(5921,15,'Jeff Mathis','C','R','R'),(5922,8,'Gavin Floyd','SP','R','R'),(5937,2,'Nick Swisher','LF','B','L'),(5940,26,'Matt Holliday','LF','R','R'),(5943,21,'Andres Blanco','3B','B','R'),(5970,23,'Melvin Upton Jr.','CF','R','R'),(5986,26,'Yadier Molina','C','R','R'),(6034,11,'Chad Qualls','RP','R','R'),(6035,18,'David Wright','3B','R','R'),(6038,29,'Jeff Francis','RP','L','L'),(6060,24,'Santiago Casilla','RP','R','R'),(6073,12,'Chris Young','SP','R','R'),(6097,21,'Ryan Howard','1B','L','L'),(6118,25,'Logan Kensing','RP','R','R'),(6124,8,'Ryan Raburn','DH','R','R'),(6125,18,'Curtis Granderson','RF','L','R'),(6128,27,'Rene Rivera','C','R','R'),(6132,22,'Joe Blanton','RP','R','R'),(6175,13,'Huston Street','RP','R','R'),(6188,12,'Kendrys Morales','DH','B','R'),(6190,1,'Aaron Hill','2B','R','R'),(6194,25,'Felix Hernandez','SP','R','R'),(6197,10,'Ian Kinsler','2B','R','R'),(6202,24,'Matt Cain','SP','R','R'),(6204,25,'Robinson Cano','2B','L','R'),(6205,28,'Shin-Soo Choo','RF','L','L'),(6207,18,'Tim Stauffer','RP','R','R'),(6211,22,'Francisco Liriano','SP','L','L'),(6215,15,'Chris Narveson','RP','L','L'),(6216,28,'Cole Hamels','SP','L','L'),(6219,6,'Zach Duke','RP','L','L'),(6242,25,'Nelson Cruz','RF','R','R'),(6280,17,'Ervin Santana','SP','R','R'),(6285,7,'Brayan Pena','C','B','R'),(6287,14,'Joel Peralta','RP','R','R'),(6295,18,'Kelly Johnson','2B','L','R'),(6298,19,'Stephen Drew','2B','L','R'),(6300,22,'Michael Morse','1B','R','R'),(6307,7,'Skip Schumaker','LF','L','R'),(6309,19,'Brian McCann','C','L','R'),(6312,14,'J.P. Howell','RP','L','L'),(6316,17,'Blaine Boyer','RP','R','R'),(6321,4,'Rich Hill','SP','L','L'),(6341,10,'Justin Verlander','SP','R','R'),(6345,21,'Jeff Francoeur','RF','R','R'),(6347,6,'Melky Cabrera','LF','B','L'),(6365,4,'Craig Breslow','RP','L','L'),(6370,26,'Jonathan Broxton','RP','R','R'),(6389,30,'Ryan Zimmerman','1B','R','R'),(6390,29,'Russell Martin','C','R','R'),(6393,4,'Dustin Pedroia','2B','R','R'),(6396,20,'Billy Butler','DH','R','R'),(6401,12,'Edinson Volquez','SP','R','R'),(6408,25,'Franklin Gutierrez','LF','R','R'),(6428,6,'Geovany Soto','C','R','R'),(6429,10,'Josh Wilson','3B','R','R'),(6431,5,'Chris Denorfia','LF','R','R'),(6449,10,'Tom Gorzelanny','RP','L','L'),(6455,2,'Cameron Maybin','CF','R','R'),(6462,30,'Dan Uggla','2B','R','R'),(6463,20,'Jason Pridie','CF','L','R'),(6470,24,'Yusmeiro Petit','RP','R','R'),(6478,2,'Nick Markakis','RF','L','L'),(6479,13,'Jered Weaver','SP','R','R'),(6480,5,'Jason Hammel','SP','R','R'),(6481,14,'Andre Ethier','RF','L','L'),(6482,17,'Glen Perkins','RP','L','L'),(6486,9,'Boone Logan','RP','R','L'),(6488,24,'Angel Pagan','CF','B','R'),(6491,17,'Ricky Nolasco','SP','R','R'),(6497,27,'James Loney','1B','L','L'),(6500,2,'Peter Moylan','RP','R','R'),(6509,22,'Travis Ishikawa','1B','L','L'),(6513,15,'Martin Prado','3B','R','R'),(6514,19,'Chris Young','RF','R','R'),(6522,13,'Erick Aybar','SS','B','R'),(6524,14,'Howie Kendrick','2B','R','R'),(6526,30,'Casey Janssen','RP','R','R'),(6528,24,'Kevin Frandsen','2B','R','R'),(28444,28,'Mike Napoli','1B','R','R'),(28447,21,'Carlos Ruiz','C','R','R'),(28466,26,'Carlos Villanueva','RP','R','R'),(28474,23,'James Shields','SP','R','R'),(28476,23,'Matt Kemp','RF','R','R'),(28487,5,'Jon Lester','SP','L','L'),(28489,11,'Pat Neshek','RP','B','R'),(28501,20,'Edward Mujica','RP','R','R'),(28507,17,'Mike Pelfrey','SP','R','R'),(28508,6,'John Danks','SP','L','L'),(28511,29,'Mark Lowe','RP','L','R'),(28513,3,'Adam Jones','CF','R','R'),(28525,6,'Matt Albers','RP','L','R'),(28528,16,'Matt Garza','SP','R','R'),(28531,14,'Jim Johnson','RP','R','R'),(28535,2,'Michael Bourn','LF','L','R'),(28536,12,'Ben Zobrist','2B','B','R'),(28545,10,'Rajai Davis','CF','R','R'),(28549,18,'Eric O\'Flaherty','RP','L','L'),(28561,13,'Chris Iannetta','C','R','R'),(28563,19,'Andrew Miller','RP','L','L'),(28567,29,'Troy Tulowitzki','SS','R','R'),(28577,22,'Chris Stewart','C','R','R'),(28579,16,'Adam Lind','1B','L','L'),(28582,13,'David Murphy','LF','L','L'),(28586,5,'Miguel Montero','C','L','R'),(28612,16,'Cesar Jimenez','RP','L','L'),(28625,3,'Ubaldo Jimenez','SP','R','R'),(28636,12,'Alex Gordon','LF','L','R'),(28637,19,'Jacoby Ellsbury','CF','L','L'),(28638,17,'Phil Hughes','SP','R','R'),(28639,27,'Evan Longoria','3B','R','R'),(28643,12,'Luke Hochevar','RP','R','R'),(28650,28,'Yovani Gallardo','SP','R','R'),(28658,9,'Carlos Gonzalez','RF','L','L'),(28661,24,'Gregor Blanco','CF','L','L'),(28662,30,'Yunel Escobar','3B','R','R'),(28663,1,'Jarrod Saltalamacchia','C','B','R'),(28670,7,'Joey Votto','1B','L','R'),(28671,27,'Asdrubal Cabrera','SS','B','R'),(28673,11,'Tony Sipp','RP','L','L'),(28675,12,'Franklin Morales','RP','L','L'),(28688,22,'Joakim Soria','RP','R','R'),(28694,18,'Tyler Clippard','RP','R','R'),(28695,28,'Ross Ohlendorf','RP','R','R'),(28699,10,'Alfredo Simon','SP','R','R'),(28701,22,'Andrew McCutchen','CF','R','R'),(28721,16,'Ryan Braun','RF','R','R'),(28728,24,'Alejandro De Aza','LF','L','L'),(28729,13,'Joe Smith','RP','R','R'),(28762,11,'Carlos Gomez','CF','R','R'),(28772,26,'Mark Reynolds','1B','R','R'),(28789,19,'Brendan Ryan','2B','R','R'),(28802,17,'Kurt Suzuki','C','R','R'),(28804,9,'Kyle Kendrick','SP','R','R'),(28809,19,'Chase Headley','3B','B','R'),(28817,22,'J.A. Happ','SP','L','L'),(28820,13,'Jo-Jo Reyes','RP','L','L'),(28827,7,'Manny Parra','RP','L','L'),(28836,11,'Joe Thatcher','RP','L','L'),(28841,23,'Justin Upton','LF','R','R'),(28844,26,'Brandon Moss','1B','L','R'),(28847,12,'Joba Chamberlain','RP','R','R'),(28864,23,'Ian Kennedy','SP','R','R'),(28886,3,'Steve Pearce','LF','R','R'),(28895,2,'Ross Detwiler','RP','R','L'),(28899,4,'Ryan Hanigan','C','R','R'),(28905,20,'Sam Fuld','LF','L','L'),(28920,25,'Seth Smith','LF','L','L'),(28922,14,'Justin Ruggiano','CF','R','R'),(28940,13,'Wesley Wright','RP','R','L'),(28952,6,'Alexei Ramirez','SS','R','R'),(28954,7,'Jay Bruce','RF','L','L'),(28955,12,'Johnny Cueto','SP','R','R'),(28957,12,'Wade Davis','RP','R','R'),(28958,29,'David Price','SP','L','L'),(28959,27,'Jake McGee','RP','L','L'),(28960,17,'Brian Duensing','RP','L','L'),(28962,30,'Gio Gonzalez','SP','R','L'),(28963,14,'Clayton Kershaw','SP','L','L'),(28967,7,'Collin Balester','RP','R','R'),(28968,8,'Carlos Carrasco','SP','R','R'),(28973,11,'Colby Rasmus','LF','L','L'),(28974,3,'Nolan Reimold','LF','R','R'),(28976,30,'Max Scherzer','SP','R','R'),(29008,29,'Ezequiel Carrera','LF','L','L'),(29074,11,'Jed Lowrie','3B','B','R'),(29081,3,'Darren O\'Day','RP','R','R'),(29090,7,'Burke Badenhop','RP','R','R'),(29105,22,'Sean Rodriguez','1B','R','R'),(29115,28,'Bobby Wilson','C','R','R'),(29119,5,'Jonathan Herrera','2B','B','R'),(29124,13,'Matt Joyce','LF','L','R'),(29130,3,'Paul Janish','SS','R','R'),(29145,8,'Mike Aviles','LF','R','R'),(29147,1,'Brad Ziegler','RP','R','R'),(29155,22,'Charlie Morton','SP','R','R'),(29166,6,'Jeff Samardzija','SP','R','R'),(29168,24,'Sergio Romo','RP','R','R'),(29170,3,'Chris Davis','1B','L','R'),(29172,6,'David Robertson','RP','R','R'),(29174,19,'Brett Gardner','LF','L','L'),(29185,26,'Jaime Garcia','SP','L','L'),(29189,22,'Travis Snider','LF','L','L'),(29195,5,'Clayton Richard','RP','L','L'),(29198,5,'Tommy Hunter','RP','R','R'),(29200,18,'Daniel Murphy','2B','L','R'),(29210,29,'Cliff Pennington','2B','B','R'),(29212,4,'Pablo Sandoval','3B','L','R'),(29215,29,'Marco Estrada','SP','R','R'),(29219,18,'Jonathon Niese','SP','L','L'),(29224,28,'Will Venable','LF','L','L'),(29227,18,'Bobby Parnell','RP','R','R'),(29229,12,'Alcides Escobar','SS','R','R'),(29245,15,'Casey McGehee','1B','R','R'),(29246,11,'Luis Valbuena','3B','L','R'),(29252,5,'Dexter Fowler','CF','B','R'),(29255,27,'John Jaso','DH','L','R'),(29258,14,'A.J. Ellis','C','R','R'),(29262,7,'Jason Bourgeois','CF','R','R'),(29265,17,'Kevin Jepsen','RP','R','R'),(29273,22,'Francisco Cervelli','C','R','R'),(29287,3,'Matt Wieters','C','B','R'),(29310,3,'Miguel Gonzalez','SP','R','R'),(29316,11,'Hank Conger','C','B','R'),(29318,26,'Peter Bourjos','CF','R','R'),(29322,25,'Mark Trumbo','RF','R','R'),(29326,20,'Fernando Rodriguez','RP','R','R'),(29330,10,'Andrew Romine','3B','B','R'),(29347,18,'Carlos Torres','RP','R','R'),(29357,12,'Paulo Orlando','RF','R','R'),(29361,28,'Chris Gimenez','C','R','R'),(29376,17,'Casey Fien','RP','R','R'),(29378,7,'Brennan Boesch','RF','L','L'),(29409,15,'Cole Gillespie','CF','R','R'),(29412,28,'Carlos Corporan','C','B','R'),(29416,12,'Lorenzo Cain','CF','R','R'),(29427,8,'Jeff Manship','RP','R','R'),(29436,12,'Drew Butera','C','R','R'),(29439,20,'Danny Valencia','3B','R','R'),(29441,17,'Trevor Plouffe','3B','R','R'),(29446,22,'Mark Melancon','RP','R','R'),(29448,25,'Jesus Montero','1B','R','R'),(29453,5,'Austin Jackson','RF','R','R'),(29470,19,'Austin Romine','C','R','R'),(29478,20,'Arnold Leon','RP','R','R'),(29486,11,'Chris Carter','1B','R','R'),(29490,18,'Anthony Recker','C','R','R'),(29491,8,'Adam Moore','C','R','R'),(29515,28,'Elvis Andrus','SS','R','R'),(29524,21,'Erik Kratz','C','R','R'),(29537,27,'J.P. Arencibia','C','R','R'),(29551,26,'Jason Heyward','RF','L','L'),(29563,29,'Josh Donaldson','3B','R','R'),(29564,1,'Welington Castillo','C','R','R'),(29567,29,'Darwin Barney','SS','R','R'),(29590,22,'Neil Walker','2B','B','R'),(29607,14,'Justin Turner','3B','R','R'),(29611,28,'Drew Stubbs','CF','R','R'),(29616,8,'Chris Johnson','3B','R','R'),(29630,14,'Kenley Jansen','RP','B','R'),(29646,30,'Ian Desmond','SS','R','R'),(29661,18,'Ruben Tejada','SS','R','R'),(29670,21,'Freddy Galvis','SS','B','R'),(29673,21,'Domonic Brown','RF','L','L'),(29691,26,'Jon Jay','CF','L','L'),(29694,13,'David Freese','3B','R','R'),(29697,20,'Bryan Anderson','C','L','R'),(29703,15,'Donovan Solano','3B','R','R'),(29710,30,'Jose Lobaton','C','B','R'),(29732,20,'Eric Sogard','2B','L','R'),(29734,13,'Cesar Ramos','RP','L','L'),(29745,24,'Jackson Williams','C','R','R'),(29759,18,'Eric Young Jr.','CF','B','R'),(29763,5,'Pedro Strop','RP','R','R'),(29772,5,'Chris Coghlan','LF','L','R'),(29789,26,'Ed Easley','C','R','R'),(29794,9,'Brooks Brown','RP','L','R'),(29807,3,'Gerardo Parra','RF','L','L'),(29839,7,'Jumbo Diaz','RP','R','R'),(29938,3,'Brian Matusz','RP','L','L'),(29942,5,'Neil Ramirez','RP','R','R'),(29949,24,'Madison Bumgarner','SP','R','L'),(29951,18,'Travis d\'Arnaud','C','R','R'),(29954,4,'Jean Machi','RP','R','R'),(29962,22,'Pedro Alvarez','1B','L','R'),(29966,4,'Rick Porcello','SP','R','R'),(29976,29,'Ben Revere','LF','L','R'),(29999,12,'Mike Moustakas','3B','L','R'),(30004,7,'Todd Frazier','3B','R','R'),(30011,26,'Pete Kozma','SS','R','R'),(30020,7,'Ivan De Jesus','2B','R','R'),(30029,21,'Brian Bogusevic','RF','L','L'),(30032,8,'Ryan Webb','RP','R','R'),(30040,23,'Marcos Mateo','RP','R','R'),(30041,14,'Brett Anderson','SP','L','L'),(30043,8,'Michael Brantley','LF','L','L'),(30054,5,'Trevor Cahill','RP','R','R'),(30058,1,'David Hernandez','RP','R','R'),(30066,20,'Felix Doubront','SP','L','L'),(30081,15,'Mike Dunn','RP','L','L'),(30084,2,'Pedro Ciriaco','3B','R','R'),(30089,5,'Hector Rondon','RP','R','R'),(30095,4,'Junichi Tazawa','RP','R','R'),(30096,19,'Andrew Bailey','RP','R','R'),(30099,23,'Tyson Ross','SP','R','R'),(30105,22,'Antonio Bastardo','RP','L','L'),(30112,24,'Buster Posey','C','R','R'),(30115,10,'Alex Avila','C','L','R'),(30117,6,'Gordon Beckham','3B','R','R'),(30134,23,'Andrew Cashner','SP','R','R'),(30135,3,'Steve Clevenger','C','L','R'),(30145,5,'Jake Arrieta','SP','R','R'),(30147,1,'Jhoulys Chacin','RP','R','R'),(30148,28,'Derek Holland','SP','B','L'),(30149,10,'Neftali Feliz','RP','R','R'),(30157,6,'Tyler Flowers','C','R','R'),(30171,7,'Sam LeCure','RP','R','R'),(30173,30,'Wilson Ramos','C','R','R'),(30174,23,'Brett Wallace','1B','L','R'),(30175,29,'Justin Smoak','1B','B','L'),(30178,11,'Jason Castro','C','L','R'),(30188,29,'Josh Thole','C','L','R'),(30193,2,'Freddie Freeman','1B','L','R'),(30195,20,'Josh Reddick','RF','L','R'),(30196,13,'Mat Latos','SP','R','R'),(30197,9,'Wilin Rosario','1B','R','R'),(30209,30,'Jordan Zimmermann','SP','R','R'),(30211,16,'Nevin Ashley','C','R','R'),(30212,27,'Tim Beckham','2B','R','R'),(30213,11,'Josh Fields','RP','R','R'),(30218,18,'Kirk Nieuwenhuis','LF','L','R'),(30237,13,'Carlos Perez','C','R','R'),(30247,16,'Logan Schafer','CF','L','L'),(30258,23,'Shawn Kelley','RP','R','R'),(30264,12,'Kris Medlen','RP','B','R'),(30267,20,'Craig Gentry','LF','R','R'),(30272,17,'Eduardo Escobar','SS','B','R'),(30276,11,'Luke Gregerson','RP','L','R'),(30280,8,'Carlos Santana','1B','B','R'),(30283,20,'Sean Doolittle','RP','L','L'),(30285,3,'Chris Tillman','SP','R','R'),(30289,16,'Martin Maldonado','C','R','R'),(30290,17,'Eduardo Nunez','SS','R','R'),(30296,29,'Brett Cecil','RP','R','L'),(30307,24,'Nick Noonan','2B','L','R'),(30310,22,'Pedro Florimon','SS','B','R'),(30327,11,'Marwin Gonzalez','1B','B','R'),(30328,20,'Dan Otero','RP','R','R'),(30337,13,'Efren Navarro','1B','L','L'),(30350,7,'Ryan Mattheus','RP','R','R'),(30358,17,'Shane Robinson','LF','R','R'),(30366,23,'Marc Rzepczynski','RP','L','L'),(30369,23,'Bud Norris','RP','R','R'),(30370,30,'Doug Fister','SP','L','R'),(30372,19,'Dustin Ackley','LF','L','R'),(30373,30,'Stephen Strasburg','SP','R','R'),(30376,1,'Daniel Hudson','RP','R','R'),(30378,9,'John Axford','RP','R','R'),(30382,10,'Jose Iglesias','SS','R','R'),(30391,3,'Steve Johnson','SP','R','R'),(30399,4,'Allen Craig','RF','R','R'),(30400,19,'Ivan Nova','SP','R','R'),(30412,3,'Chaz Roe','RP','R','R'),(30417,20,'Fernando Abad','RP','L','L'),(30418,5,'Quintin Berry','CF','L','L'),(30419,9,'Yohan Flande','SP','L','L'),(30429,11,'Max Stassi','C','R','R'),(30433,25,'JC Ramirez','RP','R','R'),(30442,7,'Aroldis Chapman','RP','L','L'),(30445,28,'Robinson Chirinos','C','R','R'),(30450,5,'Starlin Castro','SS','R','R'),(30452,28,'Mitch Moreland','1B','L','L'),(30454,28,'Tanner Scheppers','RP','R','R'),(30456,16,'Jonathan Lucroy','C','R','R'),(30461,12,'Jarrod Dyson','CF','L','R'),(30464,3,'Caleb Joseph','C','R','R'),(30465,24,'Mike Leake','SP','R','R'),(30469,24,'Brandon Crawford','SS','L','R'),(30471,24,'Ehire Adrianza','2B','B','R'),(30475,9,'Daniel Descalso','SS','L','R'),(30483,6,'Zach Putnam','RP','R','R'),(30485,13,'Collin Cowgill','LF','R','L'),(30494,10,'Al Alburquerque','RP','R','R'),(30497,15,'Bryan Morris','RP','L','R'),(30506,1,'Jeremy Hellickson','SP','R','R'),(30511,14,'Juan Nicasio','RP','R','R'),(30515,5,'Travis Wood','RP','R','L'),(30519,14,'Chris Heisey','LF','R','R'),(30520,23,'Casey Kelly','SP','R','R'),(30523,8,'Lonnie Chisenhall','3B','L','R'),(30525,21,'Jeanmar Gomez','RP','R','R'),(30528,3,'David Lough','LF','L','L'),(30531,12,'Francisco Pena','C','R','R'),(30534,30,'Drew Storen','RP','B','R'),(30536,25,'Logan Morrison','1B','L','L'),(30546,8,'Zach McAllister','RP','R','R'),(30549,4,'Alexi Ogando','RP','R','R'),(30551,15,'Erik Cordier','SP','R','R'),(30555,6,'Dan Jennings','RP','L','L'),(30561,18,'Johnny Monell','C','L','R'),(30562,23,'Alexi Amarista','SS','L','R'),(30570,25,'Steven Baron','C','R','R'),(30578,9,'Simon Castro','RP','R','R'),(30579,27,'Logan Forsythe','2B','R','R'),(30588,4,'Tommy Layne','RP','L','L'),(30589,8,'Bryan Shaw','RP','B','R'),(30600,20,'Josh Phegley','C','R','R'),(30603,9,'Christian Friedrich','RP','R','L'),(30604,1,'Matt Reynolds','RP','L','L'),(30608,23,'Derek Norris','C','R','R'),(30611,25,'Danny Farquhar','RP','R','R'),(30612,29,'Chad Jenkins','RP','R','R'),(30621,30,'Danny Espinosa','2B','B','R'),(30627,18,'Wilmer Flores','SS','R','R'),(30632,27,'Steven Souza Jr.','RF','R','R'),(30635,30,'Tyler Moore','1B','R','R'),(30636,29,'Ryan Goins','2B','L','R'),(30640,27,'Joey Butler','DH','R','R'),(30644,20,'Brett Lawrie','3B','R','R'),(30648,14,'Chris Hatcher','RP','B','R'),(30650,13,'Fernando Salas','RP','R','R'),(30653,23,'Craig Kimbrel','RP','R','R'),(30661,27,'Nick Franklin','2B','B','R'),(30664,6,'Leury Garcia','2B','B','R'),(30665,24,'Cory Gearrin','RP','R','R'),(30676,21,'Chase d\'Arnaud','2B','R','R'),(30680,3,'Jimmy Paredes','DH','B','R'),(30684,25,'James Jones','CF','L','L'),(30687,22,'Jordy Mercer','SS','R','R'),(30694,14,'Pedro Baez','RP','R','R'),(30699,1,'A.J. Pollock','CF','R','R'),(30705,23,'Jay Jackson','SP','R','R'),(30708,27,'Brandon Guyer','LF','R','R'),(30711,25,'Shawn O\'Malley','SS','B','R'),(30714,14,'Scott Van Slyke','LF','R','R'),(30718,3,'Junior Lake','LF','R','R'),(30726,15,'Dee Gordon','2B','L','R'),(30728,3,'Ryan Flaherty','2B','L','R'),(30729,6,'Avisail Garcia','RF','R','R'),(30732,9,'Brandon Barnes','LF','R','R'),(30738,2,'Shelby Miller','SP','R','R'),(30741,6,'J.B. Shuck','RF','L','L'),(30743,6,'Trayce Thompson','CF','R','R'),(30744,13,'Hector Santiago','SP','R','L'),(30755,22,'Keon Broxton','CF','R','R'),(30765,9,'DJ LeMahieu','2B','R','R'),(30773,11,'Mike Fiers','SP','R','R'),(30782,5,'Anthony Rizzo','1B','L','L'),(30791,15,'Miguel Rojas','SS','R','R'),(30815,10,'Blaine Hardy','RP','L','L'),(30817,19,'Jose Pirela','2B','R','R'),(30819,25,'Kyle Seager','3B','L','R'),(30820,26,'Lance Lynn','SP','R','R'),(30830,22,'Starling Marte','LF','R','R'),(30836,13,'Mike Trout','CF','R','R'),(30840,13,'Daniel Robertson','LF','R','R'),(30841,4,'Brock Holt','2B','L','R'),(30862,1,'Chris Owings','2B','R','R'),(30866,9,'Rafael Ynoa','LF','B','R'),(30867,8,'Jerry Sands','RF','R','R'),(30878,16,'Hernan Perez','3B','R','R'),(30892,13,'Garrett Richards','SP','R','R'),(30898,23,'Yangervis Solarte','3B','B','R'),(30901,24,'Brandon Belt','1B','L','L'),(30903,30,'Clint Robinson','1B','L','L'),(30910,27,'Daniel Nava','RF','B','L'),(30934,22,'Josh Harrison','3B','R','R'),(30936,26,'Tony Cruz','C','R','R'),(30937,19,'Michael Pineda','SP','R','R'),(30943,22,'Vance Worley','RP','R','R'),(30944,8,'Josh Tomlin','SP','R','R'),(30945,12,'Greg Holland','RP','R','R'),(30948,6,'Chris Sale','SP','L','L'),(30950,14,'Yasmani Grandal','C','B','R'),(30951,30,'Bryce Harper','RF','L','R'),(30953,18,'Lucas Duda','1B','L','R'),(30954,16,'Jeremy Jeffress','RP','R','R'),(30963,26,'Steve Cishek','RP','R','R'),(30965,25,'Hisashi Iwakuma','SP','R','R'),(30969,27,'Brandon Gomes','RP','R','R'),(30976,21,'Justin De Fratus','RP','B','R'),(30979,22,'Arquimedes Caminero','RP','R','R'),(30981,8,'Corey Kluber','SP','R','R'),(30986,8,'Michael Martinez','2B','B','R'),(30991,24,'George Kontos','RP','R','R'),(30993,12,'Eric Hosmer','1B','L','L'),(30994,7,'John Lamb','SP','L','L'),(31000,3,'Brad Brach','RP','R','R'),(31003,27,'Chris Archer','SP','R','R'),(31007,8,'Jason Kipnis','2B','L','R'),(31009,17,'Brian Dozier','2B','R','R'),(31010,20,'Drew Pomeranz','RP','R','L'),(31015,26,'Matt Carpenter','3B','L','R'),(31017,25,'Rob Rasmussen','RP','R','L'),(31024,26,'Miguel Socolovich','RP','R','R'),(31026,19,'Justin Wilson','RP','L','L'),(31027,1,'Paul Goldschmidt','1B','R','R'),(31032,20,'Stephen Vogt','C','L','R'),(31037,16,'Jean Segura','SS','R','R'),(31039,2,'Ryan Lavarnway','C','R','R'),(31041,30,'Sammy Solis','RP','R','L'),(31042,7,'Billy Hamilton','CF','B','R'),(31045,9,'Ben Paulsen','1B','L','R'),(31048,10,'Anthony Gose','CF','L','L'),(31049,15,'Adeiny Hechavarria','SS','R','R'),(31051,1,'Rubby De La Rosa','SP','R','R'),(31053,17,'Kyle Gibson','SP','R','R'),(31054,3,'Zach Britton','RP','L','L'),(31065,10,'J.D. Martinez','RF','R','R'),(31068,22,'Jeff Locke','SP','L','L'),(31070,6,'Scott Carroll','RP','R','R'),(31077,15,'Brad Hand','RP','L','L'),(31079,15,'Tom Koehler','SP','R','R'),(31083,9,'Rex Brothers','RP','L','L'),(31084,9,'Charlie Blackmon','CF','L','L'),(31087,2,'Arodys Vizcaino','RP','R','R'),(31090,1,'Josh Collmenter','RP','R','R'),(31091,2,'Julio Teheran','SP','R','R'),(31093,1,'Randall Delgado','RP','R','R'),(31094,4,'Wade Miley','SP','L','L'),(31095,19,'Gary Sanchez','C','R','R'),(31096,15,'Jarred Cosart','SP','R','R'),(31097,3,'Manny Machado','3B','R','R'),(31098,28,'Martin Perez','SP','L','L'),(31099,27,'Matt Moore','SP','L','L'),(31101,19,'Adam Warren','RP','R','R'),(31110,5,'Yoervis Medina','RP','R','R'),(31112,24,'Mike Broadway','RP','R','R'),(31114,12,'Danny Duffy','SP','L','L'),(31115,12,'Louis Coleman','RP','R','R'),(31116,12,'Christian Colon','SS','R','R'),(31119,1,'Allen Webster','SP','R','R'),(31122,19,'Dellin Betances','RP','R','R'),(31123,2,'Manny Banuelos','SP','L','L'),(31127,12,'Salvador Perez','C','R','R'),(31128,13,'Johnny Giavotella','2B','R','R'),(31133,6,'Rob Brantly','C','L','R'),(31136,6,'Nate Jones','RP','R','R'),(31140,16,'Wily Peralta','SP','R','R'),(31144,28,'Anthony Bass','RP','R','R'),(31165,16,'Elian Herrera','3B','B','R'),(31171,18,'Eric Campbell','3B','R','R'),(31172,7,'Ryan LaMarre','CF','R','L'),(31173,7,'Tucker Barnhart','C','B','R'),(31174,19,'Nathan Eovaldi','SP','R','R'),(31175,16,'Scooter Gennett','2B','L','R'),(31187,10,'Nick Castellanos','3B','R','R'),(31188,10,'Dixon Machado','SS','R','R'),(31190,6,'Tyler Saladino','3B','R','R'),(31193,30,'Matt den Dekker','LF','L','L'),(31195,11,'Jake Marisnick','CF','R','R'),(31200,14,'Ronald Torreyes','3B','R','R'),(31206,11,'Jon Singleton','DH','L','L'),(31208,26,'Thomas Pham','CF','R','R'),(31211,1,'Jamie Romak','LF','R','R'),(31213,13,'Ryan Jackson','2B','R','R'),(31214,18,'Matt Harvey','SP','R','R'),(31218,6,'Mike Olt','3B','R','R'),(31222,1,'Phil Gosselin','3B','R','R'),(31227,2,'Todd Cunningham','LF','B','R'),(31238,16,'Yadiel Rivera','SS','R','R'),(31253,17,'Aaron Hicks','CF','B','R'),(31254,29,'Aaron Sanchez','RP','R','R'),(31255,27,'Alex Colome','RP','R','R'),(31259,22,'Jaff Decker','LF','L','L'),(31260,17,'Miguel Sano','DH','R','R'),(31261,9,'Nolan Arenado','3B','R','R'),(31263,17,'Trevor May','RP','R','R'),(31265,23,'Wil Myers','CF','R','R'),(31283,15,'Christian Yelich','LF','L','R'),(31313,1,'Patrick Corbin','SP','L','L'),(31323,29,'Matt Hague','1B','R','R'),(31327,1,'Ender Inciarte','RF','L','L'),(31337,5,'Matt Szczur','LF','R','R'),(31358,14,'Enrique Hernandez','2B','R','R'),(31359,26,'Matt Adams','1B','L','R'),(31360,28,'Delino DeShields','CF','R','R'),(31364,9,'Justin Miller','RP','R','R'),(31370,19,'Rico Noel','RF','R','R'),(31376,19,'Didi Gregorius','SS','L','R'),(31381,16,'Shane Peterson','LF','L','L'),(31387,17,'Danny Santana','SS','B','R'),(31392,14,'Joc Pederson','CF','L','L'),(31393,27,'Steven Geltz','RP','R','R'),(31399,26,'Randal Grichuk','LF','R','R'),(31402,23,'Jedd Gyorko','2B','R','R'),(31410,18,'Juan Lagares','CF','R','R'),(31413,13,'Kole Calhoun','RF','L','L'),(31439,28,'Ryan Strausborger','LF','R','R'),(31446,27,'Kevin Kiermaier','CF','L','R'),(31453,15,'Justin Bour','1B','L','R'),(31462,29,'Drew Hutchison','SP','L','R'),(31465,14,'Luis Avilan','RP','L','L'),(31470,21,'Darin Ruf','1B','R','R'),(31474,8,'Abraham Almonte','CF','B','R'),(31475,20,'Pat Venditte','RP','B','B'),(31477,19,'John Ryan Murphy','C','R','R'),(31478,16,'Khris Davis','LF','R','R'),(31493,18,'Addison Reed','RP','L','R'),(31495,27,'Brad Boxberger','RP','R','R'),(31499,24,'Jarrett Parker','RF','L','L'),(31513,22,'Tony Watson','RP','L','L'),(31517,25,'Tom Wilhelmsen','RP','R','R'),(31532,4,'Ryan Cook','RP','R','R'),(31540,23,'Nick Vincent','RP','R','R'),(31549,16,'Will Smith','RP','R','L'),(31556,22,'Jared Hughes','RP','R','R'),(31557,10,'Alex Wilson','RP','R','R'),(31558,20,'Jake Smolinski','LF','R','R'),(31562,23,'Cody Decker','1B','R','R'),(31588,28,'Leonys Martin','CF','L','R'),(31593,30,'Tanner Roark','RP','R','R'),(31595,30,'A.J. Cole','RP','R','R'),(31599,30,'Erik Davis','RP','R','R'),(31601,5,'Zac Rosscup','RP','R','L'),(31606,4,'Xander Bogaerts','SS','R','R'),(31615,3,'Oliver Drake','RP','R','R'),(31618,3,'Mychal Givens','RP','R','R'),(31647,20,'Tyler Ladendorf','2B','R','R'),(31648,13,'Kaleb Cowart','3B','L','R'),(31654,27,'Jake Odorizzi','SP','R','R'),(31659,9,'Cristhian Adames','SS','B','R'),(31660,8,'Austin Adams','RP','R','R'),(31662,11,'Jose Altuve','2B','R','R'),(31667,19,'Slade Heathcott','CF','L','L'),(31668,15,'Marcell Ozuna','CF','R','R'),(31670,20,'Mark Canha','1B','R','R'),(31682,12,'Cheslor Cuthbert','3B','R','R'),(31684,9,'Corey Dickerson','LF','L','R'),(31687,18,'Jeurys Familia','RP','R','R'),(31701,30,'Taylor Jordan','RP','R','R'),(31706,17,'Tommy Milone','SP','L','L'),(31708,15,'Justin Nicolino','SP','L','L'),(31716,13,'Cam Bedrosian','RP','R','R'),(31718,9,'Chad Bettis','SP','R','R'),(31728,2,'Andrelton Simmons','SS','R','R'),(31730,18,'Noah Syndergaard','SP','L','R'),(31733,6,'Daniel Webb','RP','R','R'),(31738,21,'Aaron Altherr','LF','R','R'),(31744,18,'Erik Goeddel','RP','R','R'),(31745,28,'Sam Dyson','RP','R','R'),(31747,4,'Roman Mendez','RP','R','R'),(31749,28,'Luke Jackson','SP','R','R'),(31753,5,'Justin Grimm','RP','R','R'),(31754,7,'Tyler Holt','CF','R','R'),(31755,29,'Liam Hendriks','RP','R','R'),(31756,10,'Kyle Lobstein','SP','L','L'),(31758,2,'Christian Bethancourt','C','R','R'),(31784,15,'Derek Dietrich','LF','L','R'),(31791,23,'Robbie Erlin','SP','R','L'),(31811,21,'Cameron Rupp','C','R','R'),(31815,11,'Dallas Keuchel','SP','L','L'),(31816,27,'Drew Smyly','SP','L','L'),(31819,2,'Mike Foltynewicz','SP','R','R'),(31840,4,'Heath Hembree','RP','R','R'),(31842,6,'Jake Petricka','RP','R','R'),(31856,14,'Joe Wieland','SP','R','R'),(31864,25,'Taijuan Walker','SP','R','R'),(31870,17,'Max Kepler','CF','L','L'),(31876,12,'Yordano Ventura','SP','R','R'),(31878,11,'Vincent Velasquez','RP','B','R'),(31883,10,'Ian Krol','RP','L','L'),(31886,28,'Shawn Tolleson','RP','R','R'),(31887,16,'Tyler Thornburg','RP','R','R'),(31901,10,'Jefry Marte','1B','R','R'),(31910,19,'Bryan Mitchell','RP','L','R'),(31925,22,'Rob Scahill','RP','L','R'),(31927,16,'Luis Sardinas','2B','B','R'),(31931,16,'Domingo Santana','CF','R','R'),(31932,7,'Keyvius Sampson','SP','R','R'),(31935,15,'Andre Rienzo','RP','R','R'),(31942,27,'Enny Romero','RP','L','L'),(31943,10,'Bruce Rondon','RP','R','R'),(31944,17,'Eddie Rosario','LF','L','R'),(31945,26,'Trevor Rosenthal','RP','R','R'),(31953,9,'Kyle Parker','LF','R','R'),(31961,10,'Bryan Holaday','C','R','R'),(31964,25,'Jesus Sucre','C','R','R'),(31973,11,'Jonathan Villar','SS','B','R'),(31980,25,'James Paxton','SP','L','L'),(31983,27,'Erasmo Ramirez','SP','R','R'),(31984,13,'Cory Rasmus','RP','R','R'),(31987,9,'Chris Rusin','SP','L','L'),(31988,3,'Jonathan Schoop','2B','R','R'),(31992,4,'Joe Kelly','SP','R','R'),(31998,17,'Chris Herrmann','C','L','R'),(32006,17,'Eric Fryer','C','R','R'),(32014,8,'Trevor Bauer','SP','R','R'),(32026,29,'Steve Delabar','RP','R','R'),(32028,27,'Xavier Cedeno','RP','L','L'),(32029,12,'Kelvin Herrera','RP','R','R'),(32036,16,'Ariel Pena','SP','R','R'),(32042,5,'Tsuyoshi Wada','SP','L','L'),(32043,30,'Rafael Martin','RP','R','R'),(32045,16,'Taylor Jungmann','SP','R','R'),(32046,10,'James McCann','C','R','R'),(32047,29,'Munenori Kawasaki','2B','L','R'),(32048,3,'Wei-Yin Chen','SP','L','L'),(32051,4,'Robbie Ross Jr.','RP','L','L'),(32052,8,'Chen-Chang Lee','RP','R','R'),(32053,24,'Nori Aoki','LF','L','R'),(32056,13,'Jett Bandy','C','R','R'),(32058,13,'Matt Shoemaker','SP','R','R'),(32059,26,'Kevin Siegrist','RP','L','L'),(32061,26,'Kolten Wong','2B','L','R'),(32068,6,'Adam Eaton','CF','L','L'),(32070,18,'Sean Gilmartin','RP','L','L'),(32075,28,'Sam Freeman','RP','R','L'),(32078,11,'George Springer','RF','R','R'),(32080,18,'Yoenis Cespedes','CF','R','R'),(32081,22,'Gerrit Cole','SP','R','R'),(32082,20,'Sonny Gray','SP','R','R'),(32083,7,'Pedro Villarreal','RP','R','R'),(32095,8,'Danny Salazar','SP','L','R'),(32098,30,'Anthony Rendon','2B','R','R'),(32099,13,'Jose Alvarez','RP','L','L'),(32101,4,'Sandy Leon','C','B','R'),(32102,2,'Danny Burawa','RP','R','R'),(32104,15,'A.J. Ramos','RP','R','R'),(32106,6,'Jose Quintana','SP','R','L'),(32107,29,'Ryan Tepera','RP','R','R'),(32108,8,'Yan Gomes','C','R','R'),(32117,7,'Ramon Cabrera','C','B','R'),(32123,4,'Blake Swihart','C','B','R'),(32125,17,'J.R. Graham','RP','R','R'),(32127,5,'Javier Baez','2B','R','R'),(32129,8,'Francisco Lindor','SS','B','R'),(32132,8,'Jesus Aguilar','1B','R','R'),(32135,7,'Tony Cingrani','RP','L','L'),(32136,10,'Tyler Collins','LF','L','L'),(32141,27,'Mikie Mahtook','LF','R','R'),(32144,4,'Josh Rutledge','2B','R','R'),(32146,20,'Marcus Semien','SS','R','R'),(32147,4,'Matt Barnes','RP','R','R'),(32155,13,'C.J. Cron','1B','R','R'),(32157,16,'Adrian Houser','SP','R','R'),(32163,21,'Maikel Franco','3B','R','R'),(32168,23,'Austin Hedges','C','R','R'),(32169,23,'Cory Spangenberg','2B','L','R'),(32170,28,'Rougned Odor','2B','L','R'),(32175,1,'Robbie Ray','SP','L','L'),(32176,6,'Erik Johnson','SP','R','R'),(32177,15,'J.T. Realmuto','C','R','R'),(32178,28,'Jake Diekman','RP','L','L'),(32182,25,'Tony Zych','RP','R','R'),(32185,30,'Blake Treinen','RP','R','R'),(32188,8,'Cody Allen','RP','R','R'),(32202,1,'A.J. Schugel','RP','R','R'),(32204,25,'Stefen Romero','RF','R','R'),(32206,25,'Brad Miller','SS','L','R'),(32210,29,'Dalton Pompey','CF','B','R'),(32211,26,'Greg Garcia','2B','L','R'),(32217,5,'Tommy La Stella','2B','L','R'),(32219,30,'Michael Taylor','CF','R','R'),(32233,2,'Andrew McKirahan','RP','R','L'),(32255,25,'John Hicks','C','R','R'),(32257,10,'Steven Moya','LF','L','R'),(32260,16,'Michael Reed','RF','R','R'),(32264,6,'Carlos Sanchez','2B','B','R'),(32265,8,'Roberto Perez','C','R','R'),(32269,1,'Brandon Drury','3B','R','R'),(32291,3,'Mike Wright','SP','R','R'),(32303,19,'Branden Pinder','RP','R','R'),(32323,2,'Jace Peterson','2B','L','R'),(32353,23,'Rocky Gale','C','R','R'),(32355,1,'Nick Ahmed','SS','R','R'),(32362,4,'Jackie Bradley Jr.','RF','L','R'),(32367,7,'Eugenio Suarez','SS','R','R'),(32377,21,'Hector Neris','RP','R','R'),(32396,23,'Kevin Quackenbush','RP','R','R'),(32397,29,'Aaron Loup','RP','L','L'),(32409,12,'Michael Mariot','RP','R','R'),(32435,21,'Colton Murray','RP','R','R'),(32455,29,'Bo Schultz','RP','R','R'),(32459,1,'Keith Hessler','RP','L','L'),(32470,14,'Jose Peraza','2B','R','R'),(32482,24,'Brett Bochy','RP','R','R'),(32485,1,'Socrates Brito','CF','L','L'),(32512,25,'Ketel Marte','SS','B','R'),(32526,27,'C.J. Riefenhauser','RP','L','L'),(32549,27,'Matt Andriese','RP','R','R'),(32557,7,'J.J. Hoover','RP','R','R'),(32558,5,'Jorge Soler','RF','R','R'),(32562,30,'Felipe Rivero','RP','L','L'),(32563,11,'Dan Straily','SP','R','R'),(32566,11,'Will Harris','RP','R','R'),(32567,15,'Jose Fernandez','SP','R','R'),(32569,11,'Collin McHugh','SP','R','R'),(32574,14,'Yasiel Puig','RF','R','R'),(32589,24,'Hunter Strickland','RP','R','R'),(32594,17,'Michael Tonkin','RP','R','R'),(32599,7,'Carlos Contreras','RP','R','R'),(32601,9,'David Hale','SP','R','R'),(32603,25,'Jose Ramirez','RP','R','R'),(32607,27,'Nathan Karns','SP','R','R'),(32611,24,'Chris Heston','SP','R','R'),(32614,1,'Matt Stites','RP','L','R'),(32620,14,'Alex Wood','SP','R','L'),(32622,14,'Adam Liberatore','RP','L','L'),(32623,27,'Kirby Yates','RP','L','R'),(32628,25,'Carson Smith','RP','R','R'),(32636,21,'Adam Morgan','SP','L','L'),(32637,21,'Cody Asche','LF','L','R'),(32638,8,'Giovanni Soto','RP','L','L'),(32639,26,'Seth Maness','RP','R','R'),(32640,26,'Michael Wacha','SP','R','R'),(32641,26,'Tyler Lyons','SP','L','L'),(32646,19,'Nick Goody','RP','R','R'),(32653,11,'Carlos Correa','SS','R','R'),(32654,3,'Jorge Rondon','RP','R','R'),(32655,17,'Byron Buxton','CF','R','R'),(32656,5,'Addison Russell','2B','R','R'),(32660,4,'Deven Marrero','2B','R','R'),(32664,7,'Adam Duvall','1B','R','R'),(32665,24,'Josh Osich','RP','L','L'),(32666,18,'Hansel Robles','RP','R','R'),(32667,3,'Kevin Gausman','SP','L','R'),(32669,15,'Adam Conley','SP','L','L'),(32672,13,'Andrew Heaney','SP','L','L'),(32673,15,'Raudel Lazo','RP','L','L'),(32675,4,'Eduardo Rodriguez','SP','L','L'),(32678,29,'Chris Colabello','1B','R','R'),(32680,3,'T.J. McFarland','RP','L','L'),(32684,30,'Joe Ross','SP','R','R'),(32690,1,'Chase Anderson','SP','R','R'),(32691,14,'Corey Seager','SS','L','R'),(32693,29,'Roberto Osuna','RP','R','R'),(32695,19,'Greg Bird','1B','L','R'),(32706,25,'Vidal Nuno','RP','L','L'),(32709,20,'Sean Nolin','SP','L','L'),(32721,8,'Giovanny Urshela','3B','R','R'),(32730,20,'R.J. Alvarez','RP','R','R'),(32735,16,'Jason Rogers','1B','R','R'),(32737,14,'Mike Bolsinger','SP','R','R'),(32742,1,'Jake Lamb','3B','L','R'),(32751,23,'Travis Jankowski','CF','L','R'),(32758,3,'Christian Walker','1B','R','R'),(32762,21,'Ken Giles','RP','R','R'),(32764,11,'Lance McCullers','SP','L','R'),(32765,24,'Mac Williamson','LF','R','R'),(32768,12,'Miguel Almonte','RP','R','R'),(32796,18,'Jacob deGrom','SP','L','R'),(32801,8,'Jose Ramirez','SS','B','R'),(32802,2,'Matt Wisler','SP','R','R'),(32810,1,'Andrew Chafin','RP','R','L'),(32815,29,'Marcus Stroman','SP','R','R'),(32818,28,'Joey Gallo','LF','L','R'),(32821,12,'Raul Mondesi','SS','B','R'),(32838,27,'Richie Shaffer','1B','R','R'),(32839,28,'Hanser Alberto','2B','R','R'),(32842,26,'Stephen Piscotty','LF','R','R'),(32856,14,'Austin Barnes','C','R','R'),(32859,29,'Kevin Pillar','CF','R','R'),(32860,20,'Billy Burns','CF','B','R'),(32863,11,'Evan Gattis','DH','R','R'),(32865,13,'Kyle Kubitza','3B','L','R'),(32868,21,'Odubel Herrera','CF','L','R'),(32888,14,'Yimi Garcia','RP','R','R'),(32890,4,'Travis Shaw','1B','L','R'),(32892,9,'Jason Gurka','RP','L','L'),(32903,19,'Chris Martin','RP','R','R'),(32908,21,'Darnell Sweeney','2B','B','R'),(32949,13,'Mike Morin','RP','R','R'),(32950,22,'Gregory Polanco','RF','L','L'),(32956,23,'Alex Dickerson','LF','L','L'),(32972,4,'Noe Ramirez','RP','R','R'),(32974,26,'Mitch Harris','RP','R','R'),(32986,9,'Jairo Diaz','RP','R','R'),(32990,2,'Sugar Ray Marimon','RP','R','R'),(33006,3,'Tyler Wilson','RP','R','R'),(33012,17,'Kennys Vargas','DH','B','R'),(33014,19,'Chasen Shreve','RP','L','L'),(33039,4,'Mookie Betts','CF','R','R'),(33057,21,'Jerad Eickhoff','SP','R','R'),(33065,15,'Tomas Telis','C','B','R'),(33066,11,'Preston Tucker','LF','L','L'),(33069,2,'Ryan Kelly','RP','R','R'),(33073,22,'Bobby LaFromboise','RP','L','L'),(33076,9,'Gonzalez Germen','RP','R','R'),(33080,2,'Adonis Garcia','3B','R','R'),(33087,29,'Jonathan Diaz','SS','R','R'),(33089,21,'Luis Garcia','RP','R','R'),(33091,18,'Dilson Herrera','2B','R','R'),(33095,6,'Jose Abreu','1B','R','R'),(33096,14,'Alex Guerrero','LF','R','R'),(33106,18,'Steven Matz','SP','R','L'),(33107,15,'Jose Urena','RP','R','R'),(33109,10,'Jose Valdez','RP','R','R'),(33121,10,'Drew VerHagen','RP','R','R'),(33123,12,'Scott Alexander','SP','L','L'),(33124,20,'Aaron Brooks','SP','R','R'),(33131,18,'Logan Verrett','RP','R','R'),(33132,18,'Kevin Plawecki','C','R','R'),(33135,20,'Cody Martin','RP','R','R'),(33137,14,'Ian Thomas','RP','L','L'),(33148,20,'Chris Bassitt','SP','R','R'),(33149,6,'Micah Johnson','2B','L','R'),(33150,19,'Masahiro Tanaka','SP','R','R'),(33152,25,'Roenis Elias','SP','L','L'),(33163,26,'Travis Tartamella','C','R','R'),(33170,13,'Nick Tropeano','SP','R','R'),(33172,5,'Kris Bryant','3B','R','R'),(33173,5,'Kyle Hendricks','SP','R','R'),(33179,1,'Peter O\'Brien','C','R','R'),(33180,7,'Anthony DeSclafani','SP','R','R'),(33183,8,'Cody Anderson','SP','R','R'),(33199,10,'Daniel Norris','SP','L','L'),(33202,5,'Carl Edwards','SP','R','R'),(33203,9,'Jon Gray','SP','R','R'),(33204,16,'David Goforth','RP','R','R'),(33206,16,'Corey Knebel','RP','R','R'),(33211,4,'Henry Owens','SP','L','L'),(33225,9,'Tom Murphy','C','R','R'),(33235,11,'Michael Feliz','RP','R','R'),(33249,6,'Frankie Montas','RP','R','R'),(33252,7,'Michael Lorenzen','SP','R','R'),(33256,9,'Scott Oberg','RP','R','R'),(33257,9,'Dustin Garneau','C','R','R'),(33263,19,'Luis Severino','SP','R','R'),(33270,9,'Christian Bergman','RP','R','R'),(33271,27,'Luke Maile','C','R','R'),(33272,14,'Carlos Frias','SP','R','R'),(33275,21,'Dalier Hinojosa','RP','R','R'),(33281,21,'David Buchanan','SP','R','R'),(33296,1,'Oscar Hernandez','C','R','R'),(33299,30,'Pedro Severino','C','R','R'),(33303,20,'Max Muncy','1B','L','R'),(33315,3,'Dariel Alvarez','RF','R','R'),(33318,10,'Kyle Ryan','RP','L','L'),(33319,20,'Ryan Dull','RP','R','R'),(33331,2,'Daniel Castro','SS','R','R'),(33353,14,'Scott Schebler','LF','L','R'),(33368,26,'Samuel Tuivailala','RP','R','R'),(33372,28,'Nick Martinez','SP','L','R'),(33384,1,'David Peralta','LF','L','L'),(33386,28,'Chi Chi Gonzalez','SP','R','R'),(33394,24,'Kelby Tomlinson','2B','R','R'),(33407,13,'Taylor Featherston','3B','R','R'),(33411,19,'Robert Refsnyder','2B','R','R'),(33413,8,'Kyle Crockett','RP','L','L'),(33425,2,'Dan Winkler','SP','R','R'),(33426,19,'James Pazos','RP','R','L'),(33453,24,'Matt Duffy','3B','R','R'),(33476,23,'Jon Edwards','RP','R','R'),(33484,24,'Trevor Brown','C','R','R'),(33497,28,'Keone Kela','RP','R','R'),(33499,8,'Shawn Armstrong','RP','R','R'),(33562,2,'Brandon Cunniff','RP','R','R'),(33563,2,'Ryan Weber','SP','R','R'),(33594,22,'Elias Diaz','C','R','R'),(33607,25,'Mayckol Guaipe','RP','R','R'),(33614,13,'Trevor Gott','RP','R','R'),(33617,23,'Odrisamer Despaigne','SP','R','R'),(33618,7,'Raisel Iglesias','SP','R','R'),(33627,10,'Buck Farmer','RP','L','R'),(33629,23,'Frank Garces','RP','L','L'),(33630,4,'Rusney Castillo','RF','R','R'),(33631,28,'Ryan Rua','LF','R','R'),(33632,12,'Terrance Gore','LF','R','R'),(33633,7,'Brandon Finnegan','RP','L','L'),(33635,18,'Dario Alvarez','RP','L','L'),(33637,17,'A.J. Achter','RP','R','R'),(33638,20,'Daniel Coulombe','RP','L','L'),(33641,30,'Matt Grace','RP','L','L'),(33642,21,'Nefi Ogando','SP','R','R'),(33650,2,'Williams Perez','SP','R','R'),(33655,24,'Cody Hall','RP','R','R'),(33659,30,'Wilmer Difo','SS','B','R'),(33662,1,'Yasmany Tomas','RF','R','R'),(33664,3,'Jason Garcia','RP','R','R'),(33666,25,'David Rollins','RP','L','L'),(33668,17,'Tyler Duffey','SP','R','R'),(33670,17,'Ryan O\'Rourke','RP','L','L'),(33680,11,'Matt Duffy','3B','R','R'),(33696,6,'Carlos Rodon','SP','L','L'),(33709,21,'Aaron Nola','SP','R','R'),(33710,30,'Trea Turner','SS','R','R'),(33711,18,'Michael Conforto','LF','L','R'),(33712,5,'Kyle Schwarber','LF','L','R'),(33746,16,'Tyler Wagner','SP','R','R'),(33787,21,'Alec Asher','SP','R','R'),(33811,27,'Andrew Bellatti','RP','R','R'),(33812,20,'Carson Blair','C','R','R'),(33820,9,'Miguel Castro','RP','R','R'),(33824,16,'Tyler Cravy','SP','R','R'),(33829,16,'Zach Davies','SP','R','R'),(33833,16,'Jorge Lopez','SP','R','R'),(33834,15,'Brian Ellington','RP','R','R'),(33850,19,'Nick Rumbelow','RP','R','R'),(33865,21,'Kenny Roberts','RP','L','L'),(33897,19,'Caleb Cotham','RP','R','R'),(33950,23,'Colin Rea','SP','R','R'),(34119,1,'Silvino Bracho','RP','R','R'),(34224,16,'Yhonathan Barrios','RP','R','R'),(34401,10,'Matt Boyd','SP','L','L'),(34481,4,'Jonathan Aro','RP','R','R'),(34581,28,'Andrew Faulkner','RP','R','L'),(34719,7,'Josh Smith','SP','R','R'),(34735,2,'Hector Olivera','3B','R','R'),(34805,10,'Jeff Ferrell','RP','R','R'),(34824,1,'Zack Godley','SP','R','R'),(34826,2,'Matt Marksberry','RP','L','L'),(34830,15,'Kyle Barraclough','RP','R','R'),(34834,15,'Scott McGough','RP','R','R');
/*!40000 ALTER TABLE `players` ENABLE KEYS */;
UNLOCK TABLES;

--
-- Table structure for table `teams`
--

DROP TABLE IF EXISTS `teams`;
/*!40101 SET @saved_cs_client     = @@character_set_client */;
/*!40101 SET character_set_client = utf8 */;
CREATE TABLE `teams` (
  `id` smallint(5) unsigned NOT NULL AUTO_INCREMENT,
  `abbreviation` varchar(3) DEFAULT NULL,
  `location` varchar(255) DEFAULT NULL,
  `name` varchar(255) DEFAULT NULL,
  PRIMARY KEY (`id`)
) ENGINE=InnoDB AUTO_INCREMENT=39 DEFAULT CHARSET=latin1;
/*!40101 SET character_set_client = @saved_cs_client */;

--
-- Dumping data for table `teams`
--

LOCK TABLES `teams` WRITE;
/*!40000 ALTER TABLE `teams` DISABLE KEYS */;
INSERT INTO `teams` VALUES (1,'ARI','Arizona','Diamondbacks'),(2,'ATL','Atlanta','Braves'),(3,'BAL','Baltimore','Orioles'),(4,'BOS','Boston','Red Sox'),(5,'CHC','Chicago','Cubs'),(6,'CHW','Chicago','White Sox'),(7,'CIN','Cincinnati','Reds'),(8,'CLE','Cleveland','Indians'),(9,'COL','Colorado','Rockies'),(10,'DET','Detroit','Tigers'),(11,'HOU','Houston','Astros'),(12,'KC','Kansas City','Royals'),(13,'LAA','Los Angeles','Angels'),(14,'LAD','Los Angeles','Dodgers'),(15,'MIA','Miami','Marlins'),(16,'MIL','Milwaukee','Brewers'),(17,'MIN','Minnesota','Twins'),(18,'NYM','New York','Mets'),(19,'NYY','New York','Yankees'),(20,'OAK','Oakland','Athletics'),(21,'PHI','Philadelphia','Phillies'),(22,'PIT','Pittsburgh','Pirates'),(23,'SD','San Diego','Padres'),(24,'SF','San Francisco','Giants'),(25,'SEA','Seattle','Mariners'),(26,'STL','St. Louis','Cardinals'),(27,'TB','Tampa Bay','Rays'),(28,'TEX','Texas','Rangers'),(29,'TOR','Toronto','Blue Jays'),(30,'WAS','Washington','Nationals'),(31,'AWC','','AL Wild Card'),(32,'NWC','','NL Wild Card'),(33,'AL1','','AL 1'),(34,'AL2','','AL 2'),(35,'NL1','','NL 1'),(36,'NL2','','NL 2'),(37,'ALC','','AL Champion'),(38,'NLC','','NL Champion');
/*!40000 ALTER TABLE `teams` ENABLE KEYS */;
UNLOCK TABLES;

--
-- Table structure for table `users`
--

DROP TABLE IF EXISTS `users`;
/*!40101 SET @saved_cs_client     = @@character_set_client */;
/*!40101 SET character_set_client = utf8 */;
CREATE TABLE `users` (
  `id` smallint(5) unsigned NOT NULL AUTO_INCREMENT,
  `username` varchar(255) NOT NULL,
  `password` char(128) NOT NULL,
  `first_name` varchar(255) DEFAULT NULL,
  `last_name` varchar(255) DEFAULT NULL,
  PRIMARY KEY (`id`),
  UNIQUE KEY `username` (`username`)
) ENGINE=InnoDB AUTO_INCREMENT=37 DEFAULT CHARSET=latin1;
/*!40101 SET character_set_client = @saved_cs_client */;

--
-- Dumping data for table `users`
--

LOCK TABLES `users` WRITE;
/*!40000 ALTER TABLE `users` DISABLE KEYS */;
INSERT INTO `users` VALUES (1,'jpnance','77730a82c12e5230ecd7b9590cfcbdc6','Patrick','Nance (\'14)'),(3,'afeldman','a7c8f01d8b2fedaa0505f15bded1da1c','Andrew','Feldman'),(4,'bludwiczak','96cbca5c489dd58c094b484a8dce5885','Brett','Ludwiczak (\'10)'),(6,'dubilla','a77add86a698ea0861f9769f00a8a1a1','Dan','Ubilla'),(8,'dnims','2e626ca324ed130d0cb6cb8c0914dabe','David','Nims (\'11)'),(9,'nsloan','db4edd1df65be74b82fcf19e4d20bc62','Nathaniel','Sloan'),(10,'dschexnayder','e121ce3ff0db8b17d00933fb7f9ac46f','David','Schexnayder'),(15,'mlawrence','8997285e0d9f88259c3f5567955a811e','Matt','Lawrence'),(18,'bpauly','6632ec288a80dda50b288cbb8e4e7c12','Brett','Pauly (\'09)'),(19,'agarcia','a1df6d6bc5235f6fb68968a937158c1b','Anthony','Garcia (\'13)'),(21,'nnguyen','e685653ab68408b79d0883a3309fee05','Nam','Nguyen'),(23,'lzimmermann','c392fbbcafe138c018c80792c82fe764','Luke','Zimmermann'),(25,'ngiordano','f25e86236735b721256c454b27d25863','Nick','Giordano'),(26,'tfries','e0d88741b5f63b2aa152021be18334fd','Tom','Fries'),(27,'akubaryk','7d3bf94bc0ca38a6f7a2bece45d9828d','Adam','Kubaryk'),(28,'bfries','4933198abbaf0d5d2a6020d282885339','Billy','Fries'),(29,'jgogliettino','138a33535c918b8524c3b7f7a83743c9','John','Gogliettino'),(30,'klipscomb','7b5b4aeb82f4864134b19a51e0d9cf8c','Keith','Lipscomb'),(31,'ksomandar','fd59edeb1d494377da563c3eb6b0ed6f','Keyon','Somandar'),(32,'pbecquey','8144fb026c1f3cab058fbd3887a36c0f','Pierre','Becquey'),(33,'tmartell','d2677b17be6b2b791b7e1825753bda36','Tommy','Martell'),(34,'rhamilton','afa584380ed8f7daeebb9297a827c5f1','Reilly','Hamilton (\'15)'),(35,'mwalker','1eb57c5609bc0e0b9d964689efd6cece','Mark','Walker'),(36,'akinchloe','669f0a619a89f993a60350d81b212a86','Anthony','Kinchloe');
/*!40000 ALTER TABLE `users` ENABLE KEYS */;
UNLOCK TABLES;

--
-- Final view structure for view `availabilities`
--

/*!50001 DROP TABLE IF EXISTS `availabilities`*/;
/*!50001 DROP VIEW IF EXISTS `availabilities`*/;
/*!50001 SET @saved_cs_client          = @@character_set_client */;
/*!50001 SET @saved_cs_results         = @@character_set_results */;
/*!50001 SET @saved_col_connection     = @@collation_connection */;
/*!50001 SET character_set_client      = latin1 */;
/*!50001 SET character_set_results     = latin1 */;
/*!50001 SET collation_connection      = latin1_swedish_ci */;
/*!50001 CREATE ALGORITHM=UNDEFINED */
/*!50013 DEFINER=`jpnance`@`localhost` SQL SECURITY DEFINER */
/*!50001 VIEW `availabilities` AS select `users`.`id` AS `user_id`,`players`.`team_id` AS `team_id`,`players`.`id` AS `player_id`,`games`.`id` AS `game_id` from ((`players` join `users`) left join (`picks` join `games` on((`picks`.`game_id` = `games`.`id`))) on(((`players`.`id` = `picks`.`player_id`) and (`users`.`id` = `picks`.`user_id`) and (`players`.`id` = `picks`.`player_id`)))) order by `users`.`id`,`players`.`id` */;
/*!50001 SET character_set_client      = @saved_cs_client */;
/*!50001 SET character_set_results     = @saved_cs_results */;
/*!50001 SET collation_connection      = @saved_col_connection */;
/*!40103 SET TIME_ZONE=@OLD_TIME_ZONE */;

/*!40101 SET SQL_MODE=@OLD_SQL_MODE */;
/*!40014 SET FOREIGN_KEY_CHECKS=@OLD_FOREIGN_KEY_CHECKS */;
/*!40014 SET UNIQUE_CHECKS=@OLD_UNIQUE_CHECKS */;
/*!40101 SET CHARACTER_SET_CLIENT=@OLD_CHARACTER_SET_CLIENT */;
/*!40101 SET CHARACTER_SET_RESULTS=@OLD_CHARACTER_SET_RESULTS */;
/*!40101 SET COLLATION_CONNECTION=@OLD_COLLATION_CONNECTION */;
/*!40111 SET SQL_NOTES=@OLD_SQL_NOTES */;

-- Dump completed on 2016-09-30 18:54:03
