-- MySQL dump 10.13  Distrib 5.5.54, for debian-linux-gnu (i686)
--
-- Host: localhost    Database: pickahit
-- ------------------------------------------------------
-- Server version	5.5.54-0+deb8u1

/*!40101 SET @OLD_CHARACTER_SET_CLIENT=@@CHARACTER_SET_CLIENT */;
/*!40101 SET @OLD_CHARACTER_SET_RESULTS=@@CHARACTER_SET_RESULTS */;
/*!40101 SET @OLD_COLLATION_CONNECTION=@@COLLATION_CONNECTION */;
/*!40101 SET NAMES utf8 */;
/*!40103 SET @OLD_TIME_ZONE=@@TIME_ZONE */;
/*!40103 SET TIME_ZONE='+00:00' */;
/*!40014 SET @OLD_UNIQUE_CHECKS=@@UNIQUE_CHECKS, UNIQUE_CHECKS=0 */;
/*!40014 SET @OLD_FOREIGN_KEY_CHECKS=@@FOREIGN_KEY_CHECKS, FOREIGN_KEY_CHECKS=0 */;
/*!40101 SET @OLD_SQL_MODE=@@SQL_MODE, SQL_MODE='NO_AUTO_VALUE_ON_ZERO' */;
/*!40111 SET @OLD_SQL_NOTES=@@SQL_NOTES, SQL_NOTES=0 */;

--
-- Table structure for table `appearances`
--

DROP TABLE IF EXISTS `appearances`;
/*!40101 SET @saved_cs_client     = @@character_set_client */;
/*!40101 SET character_set_client = utf8 */;
CREATE TABLE `appearances` (
  `id` smallint(5) unsigned NOT NULL AUTO_INCREMENT,
  `game_id` smallint(5) unsigned DEFAULT NULL,
  `player_id` mediumint(8) unsigned DEFAULT NULL,
  `hits` smallint(6) DEFAULT '0',
  PRIMARY KEY (`id`),
  UNIQUE KEY `player_game` (`game_id`,`player_id`),
  KEY `game_id` (`game_id`),
  KEY `player_id` (`player_id`),
  CONSTRAINT `appearances_ibfk_1` FOREIGN KEY (`game_id`) REFERENCES `games` (`id`) ON UPDATE CASCADE,
  CONSTRAINT `appearances_ibfk_2` FOREIGN KEY (`player_id`) REFERENCES `players` (`id`) ON UPDATE CASCADE
) ENGINE=InnoDB AUTO_INCREMENT=34800 DEFAULT CHARSET=latin1;
/*!40101 SET character_set_client = @saved_cs_client */;

--
-- Dumping data for table `appearances`
--

LOCK TABLES `appearances` WRITE;
/*!40000 ALTER TABLE `appearances` DISABLE KEYS */;
INSERT INTO `appearances` VALUES (2343,1,28513,1),(2344,1,34885,0),(2345,1,28974,0),(2346,1,31097,1),(2347,1,29322,1),(2348,1,29287,0),(2349,1,29170,0),(2350,1,31988,0),(2351,1,28535,1),(2352,1,5908,0),(2353,1,32938,1),(2354,1,29563,2),(2355,1,5904,1),(2356,1,5890,1),(2357,1,6390,0),(2358,1,28567,0),(2359,1,29505,1),(2360,1,5970,0),(2361,1,30175,0),(2362,1,32859,1),(2363,1,29008,2),(3132,2,29087,1),(3133,2,30901,0),(3134,2,30112,0),(3135,2,28687,0),(3136,2,30469,1),(3137,2,6488,1),(3138,2,32087,0),(3139,2,29263,2),(3140,2,29949,0),(3141,2,5411,0),(3142,2,28671,1),(3143,2,32080,0),(3144,2,6125,0),(3145,2,33467,1),(3146,2,28954,0),(3147,2,6128,1),(3148,2,6497,0),(3149,2,31171,0),(3150,2,31730,0),(3151,2,31493,0),(3152,2,32753,1),(3153,2,31687,0),(3840,3,32938,0),(3841,3,29563,4),(3842,3,29567,0),(3843,3,5904,2),(3844,3,30175,0),(3845,3,5890,2),(3846,3,6390,0),(3847,3,28567,3),(3848,3,32859,0),(3849,3,5970,1),(3850,3,29008,1),(3851,3,28762,0),(3852,3,29646,0),(3853,3,3971,1),(3854,3,3878,1),(3855,3,32170,0),(3856,3,30456,0),(3857,3,30452,0),(3858,3,29515,2),(3859,3,6205,0),(4695,8,6393,1),(4696,8,30841,3),(4697,8,33039,0),(4698,8,3748,1),(4699,8,33431,0),(4700,8,6195,2),(4701,8,31606,0),(4702,8,32362,0),(4703,8,32101,1),(4704,8,34986,2),(4705,8,30280,0),(4706,8,31007,3),(4707,8,32129,1),(4708,8,28444,1),(4709,8,32801,2),(4710,8,30523,1),(4711,8,5299,0),(4712,8,30986,0),(4713,8,32788,0),(4714,8,28545,0),(4715,8,32265,2),(5609,4,29008,1),(5610,4,29563,0),(5611,4,5904,1),(5612,4,5890,0),(5613,4,5970,0),(5614,4,6390,0),(5615,4,28567,2),(5616,4,29505,1),(5617,4,32859,1),(5618,4,29567,0),(5619,4,28762,2),(5620,4,29646,3),(5621,4,3971,1),(5622,4,3878,1),(5623,4,32170,1),(5624,4,30456,0),(5625,4,33631,2),(5626,4,30452,1),(5627,4,29515,1),(5628,4,32820,1),(5629,4,30445,0),(5630,4,31217,0),(6911,9,6393,0),(6912,9,30841,1),(6913,9,33039,1),(6914,9,3748,0),(6915,9,6195,0),(6916,9,31606,1),(6917,9,34986,0),(6918,9,32101,0),(6919,9,32362,0),(6920,9,28545,0),(6921,9,31007,1),(6922,9,32129,0),(6923,9,28444,1),(6924,9,30280,1),(6925,9,32801,2),(6926,9,30708,3),(6927,9,30523,1),(6928,9,32265,0),(7528,18,5383,1),(7529,18,30694,0),(7530,18,29630,0),(7531,18,32691,1),(7532,18,29607,2),(7533,18,5405,0),(7534,18,30195,0),(7535,18,32670,0),(7536,18,29955,0),(7537,18,31392,0),(7538,18,30950,2),(7539,18,33222,1),(7540,18,6524,1),(7541,18,28963,0),(7542,18,6132,0),(7543,18,32574,0),(7544,18,33710,0),(7545,18,30951,1),(7546,18,4262,1),(7547,18,29200,1),(7548,18,32098,2),(7549,18,6389,2),(7550,18,30621,0),(7551,18,6298,0),(7552,18,33299,1),(7553,18,30903,1),(7554,18,32219,0),(7555,18,29710,0),(7556,18,28976,0),(7557,18,33659,0),(7558,18,31041,0),(7559,18,30519,0),(7560,18,29446,0),(8061,13,29550,1),(8062,13,30901,0),(8063,13,30290,0),(8064,13,30112,2),(8065,13,28661,0),(8066,13,28687,1),(8067,13,6488,1),(8068,13,30469,0),(8069,13,33394,0),(8070,13,29263,1),(8071,13,28955,0),(8072,13,29252,0),(8073,13,33172,1),(8074,13,30782,0),(8075,13,28536,0),(8076,13,32656,0),(8077,13,29551,0),(8078,13,32127,2),(8079,13,5206,0),(8080,13,29772,0),(8081,13,32532,0),(8082,13,28487,0),(8083,13,32217,0),(8084,13,30442,0),(8989,14,29087,0),(8990,14,30901,1),(8991,14,30112,0),(8992,14,28687,1),(8993,14,30469,1),(8994,14,6488,1),(8995,14,29263,0),(8996,14,33394,0),(8997,14,32087,1),(8998,14,29166,0),(8999,14,28661,1),(9000,14,30991,0),(9001,14,29949,0),(9002,14,33138,0),(9003,14,6060,0),(9004,14,30290,0),(9005,14,33139,0),(9006,14,5388,0),(9007,14,32589,0),(9008,14,29252,1),(9009,14,33172,1),(9010,14,30782,0),(9011,14,28536,1),(9012,14,32656,0),(9013,14,29551,1),(9014,14,32127,1),(9015,14,32532,2),(9016,14,33173,1),(9017,14,30515,1),(9018,14,33202,0),(9019,14,28586,0),(9020,14,31092,0),(9021,14,30089,0),(9022,14,30442,0),(10160,19,5383,0),(10161,19,32691,1),(10162,19,29607,2),(10163,19,5405,1),(10164,19,30195,2),(10165,19,31392,1),(10166,19,32574,0),(10167,19,30950,0),(10168,19,33222,0),(10169,19,6524,0),(10170,19,6321,1),(10171,19,30694,0),(10172,19,29955,0),(10173,19,31465,0),(10174,19,30213,0),(10175,19,32670,0),(10176,19,6481,0),(10177,19,28447,0),(10178,19,32789,0),(10179,19,33710,2),(10180,19,30951,1),(10181,19,4262,1),(10182,19,29200,3),(10183,19,32098,0),(10184,19,6389,1),(10185,19,30621,0),(10186,19,29710,1),(10187,19,31593,0),(10188,19,30366,0),(10189,19,31041,0),(10190,19,30519,0),(10191,19,32185,0),(10192,19,5192,0),(10193,19,29446,0),(11015,5,28762,0),(11016,5,29646,0),(11017,5,3971,0),(11018,5,3878,0),(11019,5,32170,1),(11020,5,30456,1),(11021,5,30452,1),(11022,5,29515,1),(11023,5,32820,0),(11024,5,31217,0),(11025,5,29008,2),(11026,5,29563,3),(11027,5,5904,2),(11028,5,5890,0),(11029,5,6390,1),(11030,5,28567,1),(11031,5,29505,0),(11032,5,5970,1),(11033,5,32859,0),(11034,5,29567,0),(12850,20,33710,1),(12851,20,4262,3),(12852,20,29200,0),(12853,20,30951,1),(12854,20,32098,1),(12855,20,6389,2),(12856,20,30621,0),(12857,20,31041,0),(12858,20,30903,0),(12859,20,5192,0),(12860,20,30258,0),(12861,20,30519,0),(12862,20,29446,0),(12863,20,29710,1),(12864,20,33299,0),(12865,20,28962,0),(12866,20,6298,0),(12867,20,6524,1),(12868,20,29607,0),(12869,20,32691,1),(12870,20,32574,0),(12871,20,33222,0),(12872,20,29630,0),(12873,20,32789,0),(12874,20,5405,1),(12875,20,30950,0),(12876,20,29955,0),(12877,20,6132,0),(12878,20,30195,0),(12879,20,31392,1),(12880,20,34892,0),(12881,20,32856,0),(12882,20,30694,0),(12883,20,28447,1),(12884,20,32670,0),(12885,20,30213,0),(12886,20,31465,0),(12887,20,5383,1),(13349,10,30280,1),(13350,10,31007,0),(13351,10,32129,2),(13352,10,28444,0),(13353,10,32801,1),(13354,10,30523,1),(13355,10,5299,1),(13356,10,30986,0),(13357,10,32788,1),(13358,10,28545,0),(13359,10,32265,0),(13360,10,6393,1),(13361,10,30841,0),(13362,10,6190,0),(13363,10,32890,1),(13364,10,33039,1),(13365,10,3748,0),(13366,10,33431,0),(13367,10,6195,1),(13368,10,31606,2),(13369,10,34986,1),(13370,10,6514,0),(13371,10,32101,0),(13372,10,32362,1),(14889,15,29252,1),(14890,15,33172,3),(14891,15,30782,0),(14892,15,32558,0),(14893,15,29763,0),(14894,15,30515,0),(14895,15,30089,0),(14896,15,32686,0),(14897,15,28536,1),(14898,15,31092,0),(14899,15,32656,1),(14900,15,32127,2),(14901,15,28586,0),(14902,15,32532,1),(14903,15,30145,1),(14904,15,29551,0),(14905,15,30442,0),(14906,15,31753,0),(14907,15,29772,0),(14908,15,5206,0),(14909,15,29087,2),(14910,15,30901,1),(14911,15,30112,3),(14912,15,28687,1),(14913,15,29263,1),(14914,15,30469,2),(14915,15,32087,3),(14916,15,28661,0),(14917,15,29949,0),(14918,15,30290,0),(14919,15,33139,0),(14920,15,33394,0),(14921,15,32589,0),(14922,15,29550,0),(14923,15,29168,0),(14924,15,31549,0),(14925,15,33484,0),(14926,15,33138,0),(16046,21,33710,3),(16047,21,30951,0),(16048,21,4262,2),(16049,21,29200,2),(16050,21,32098,0),(16051,21,6389,0),(16052,21,30621,1),(16053,21,33299,0),(16054,21,32684,0),(16055,21,5192,0),(16056,21,32219,0),(16057,21,33860,0),(16058,21,30519,0),(16059,21,30366,0),(16060,21,32185,0),(16061,21,31041,0),(16062,21,6298,0),(16063,21,5383,1),(16064,21,32691,0),(16065,21,29607,1),(16066,21,5405,1),(16067,21,30195,1),(16068,21,32574,0),(16069,21,31392,1),(16070,21,30950,0),(16071,21,33222,0),(16072,21,28963,1),(16073,21,30694,0),(16074,21,31465,0),(16075,21,6132,0),(16076,21,6481,1),(16077,21,29630,0),(16892,16,29252,0),(16893,16,30089,0),(16894,16,30442,0),(16895,16,33172,1),(16896,16,30782,1),(16897,16,28536,1),(16898,16,32656,0),(16899,16,29772,0),(16900,16,32532,1),(16901,16,29551,0),(16902,16,32127,1),(16903,16,5206,1),(16904,16,5203,0),(16905,16,32686,0),(16906,16,31753,0),(16907,16,30515,0),(16908,16,33202,0),(16909,16,32558,0),(16910,16,29087,2),(16911,16,30901,0),(16912,16,30112,0),(16913,16,28687,1),(16914,16,30469,1),(16915,16,29263,4),(16916,16,32087,2),(16917,16,28661,0),(16918,16,32589,0),(16919,16,31099,1),(16920,16,33139,0),(16921,16,5388,0),(16922,16,29168,0),(16923,16,31549,0),(16924,16,29550,0),(18390,22,5383,0),(18391,22,28447,1),(18392,22,32691,0),(18393,22,29607,1),(18394,22,5405,1),(18395,22,30195,1),(18396,22,31392,2),(18397,22,30950,0),(18398,22,32856,0),(18399,22,32670,0),(18400,22,29630,0),(18401,22,28963,0),(18402,22,33222,1),(18403,22,6524,1),(18404,22,6321,0),(18405,22,6132,0),(18406,22,6481,0),(18407,22,33223,0),(18408,22,29955,0),(18409,22,33710,1),(18410,22,30951,1),(18411,22,4262,0),(18412,22,29200,1),(18413,22,32098,0),(18414,22,29446,0),(18415,22,33659,0),(18416,22,6389,1),(18417,22,31041,0),(18418,22,30258,0),(18419,22,5192,0),(18420,22,6298,0),(18421,22,30621,1),(18422,22,29710,0),(18423,22,30519,1),(18424,22,33299,0),(18425,22,28976,0),(18426,22,30366,0),(18427,22,32185,0),(18428,22,30903,1),(18429,22,32684,0),(18430,22,32219,0),(19102,23,29008,0),(19103,23,5970,0),(19104,23,29563,2),(19105,23,5904,2),(19106,23,5890,0),(19107,23,6390,0),(19108,23,28567,1),(19109,23,29505,2),(19110,23,32859,0),(19111,23,32938,0),(19112,23,30636,0),(19113,23,29567,0),(19114,23,30280,1),(19115,23,31007,0),(19116,23,32129,2),(19117,23,28444,0),(19118,23,32801,0),(19119,23,30523,3),(19120,23,5299,0),(19121,23,28545,0),(19122,23,32788,0),(19123,23,30986,0),(19124,23,32265,0),(19780,24,29008,0),(19781,24,29563,1),(19782,24,5904,0),(19783,24,5890,0),(19784,24,28567,0),(19785,24,6390,1),(19786,24,29505,0),(19787,24,5970,0),(19788,24,32859,0),(19789,24,29567,1),(19790,24,28545,0),(19791,24,31007,0),(19792,24,32129,2),(19793,24,28444,0),(19794,24,30280,1),(19795,24,32801,0),(19796,24,30708,0),(19797,24,30523,1),(19798,24,32265,0),(20862,30,6524,0),(20863,30,5383,0),(20864,30,29607,1),(20865,30,32691,1),(20866,30,32574,0),(20867,30,6132,0),(20868,30,32670,0),(20869,30,5405,2),(20870,30,28447,0),(20871,30,30950,0),(20872,30,31358,0),(20873,30,31392,1),(20874,30,34892,1),(20875,30,6481,1),(20876,30,30694,0),(20877,30,32789,0),(20878,30,33222,2),(20879,30,29252,2),(20880,30,33172,2),(20881,30,30782,0),(20882,30,28536,1),(20883,30,32656,0),(20884,30,29551,1),(20885,30,32127,2),(20886,30,5206,0),(20887,30,29772,0),(20888,30,32532,0),(20889,30,28487,0),(20890,30,32558,0),(20891,30,30515,0),(20892,30,33202,0),(20893,30,31092,0),(20894,30,29763,0),(20895,30,30442,0),(20896,30,28586,1),(20897,30,30089,0),(21626,31,5383,0),(21627,31,32691,0),(21628,31,29607,0),(21629,31,5405,1),(21630,31,30195,1),(21631,31,29630,0),(21632,31,31392,0),(21633,31,30950,0),(21634,31,33222,0),(21635,31,31358,0),(21636,31,28963,1),(21637,31,32574,0),(21638,31,29252,0),(21639,31,33172,0),(21640,31,30782,0),(21641,31,28536,0),(21642,31,32656,0),(21643,31,32127,1),(21644,31,32532,1),(21645,31,29551,0),(21646,31,33173,0),(21647,31,33202,0),(21648,31,32558,0),(21649,31,31092,0),(21650,31,29763,0),(21651,31,28586,0),(21652,31,30442,0),(22471,25,30280,0),(22472,25,31007,1),(22473,25,32129,0),(22474,25,28444,2),(22475,25,32801,1),(22476,25,30523,0),(22477,25,5299,1),(22478,25,28545,0),(22479,25,32788,1),(22480,25,32265,1),(22481,25,5890,1),(22482,25,29563,1),(22483,25,5904,0),(22484,25,28567,0),(22485,25,6390,0),(22486,25,29505,1),(22487,25,5902,1),(22488,25,32859,1),(22489,25,29008,2),(22490,25,5970,0),(22491,25,30636,0),(22492,25,30175,0),(22493,25,29567,0),(23213,26,30280,0),(23214,26,31007,0),(23215,26,32129,0),(23216,26,28444,0),(23217,26,32801,0),(23218,26,30523,0),(23219,26,28545,0),(23220,26,5299,0),(23221,26,32788,1),(23222,26,30708,0),(23223,26,32265,1),(23224,26,5890,0),(23225,26,5970,0),(23226,26,29563,1),(23227,26,5904,2),(23228,26,28567,1),(23229,26,6390,0),(23230,26,29505,2),(23231,26,29008,2),(23232,26,32859,0),(23233,26,30636,1),(24129,32,29252,1),(24130,32,33172,2),(24131,32,28536,0),(24132,32,30782,1),(24133,32,32127,0),(24134,32,32558,0),(24135,32,29772,0),(24136,32,32656,0),(24137,32,29551,0),(24138,32,28586,0),(24139,32,32532,0),(24140,32,30145,0),(24141,32,30515,0),(24142,32,31753,0),(24143,32,32686,0),(24144,32,31092,0),(24145,32,5383,0),(24146,32,29630,0),(24147,32,32691,3),(24148,32,29607,1),(24149,32,5405,0),(24150,32,30195,1),(24151,32,32574,2),(24152,32,31392,1),(24153,32,30950,1),(24154,32,33222,1),(24155,32,6524,0),(24156,32,6321,0),(24157,32,6132,0),(24158,32,6481,0),(24159,32,32670,0),(24160,32,31358,0),(24804,27,30280,1),(24805,27,31007,0),(24806,27,32129,3),(24807,27,28444,1),(24808,27,32801,0),(24809,27,30523,0),(24810,27,5299,1),(24811,27,28545,0),(24812,27,32788,0),(24813,27,32265,0),(24814,27,5890,2),(24815,27,29563,1),(24816,27,5904,0),(24817,27,28567,0),(24818,27,6390,1),(24819,27,5970,0),(24820,27,29505,1),(24821,27,5902,1),(24822,27,29008,0),(24823,27,32859,0),(24824,27,29567,0),(25987,33,29252,2),(25988,33,33172,0),(25989,33,30782,3),(25990,33,28536,2),(25991,33,32127,1),(25992,33,32532,1),(25993,33,29551,0),(25994,33,32656,3),(25995,33,5203,0),(25996,33,31092,1),(25997,33,32558,0),(25998,33,33202,0),(25999,33,30515,0),(26000,33,29763,0),(26001,33,32686,0),(26002,33,30089,0),(26003,33,5383,0),(26004,33,6524,1),(26005,33,32691,0),(26006,33,29607,1),(26007,33,5405,1),(26008,33,32620,0),(26009,33,30195,0),(26010,33,31358,0),(26011,33,31465,0),(26012,33,28447,0),(26013,33,31392,1),(26014,33,30950,0),(26015,33,33222,1),(26016,33,33223,0),(26017,33,30694,0),(26018,33,30213,0),(26019,33,6481,0),(26020,33,32789,0),(26021,33,32574,1),(27202,34,29252,2),(27203,34,33172,2),(27204,34,30782,2),(27205,34,28536,0),(27206,34,29763,0),(27207,34,30442,0),(27208,34,32127,3),(27209,34,29551,0),(27210,34,32656,2),(27211,34,5206,1),(27212,34,32532,1),(27213,34,28487,0),(27214,34,32686,0),(27215,34,31358,0),(27216,34,33222,1),(27217,34,29607,1),(27218,34,32691,2),(27219,34,28447,1),(27220,34,6524,1),(27221,34,5405,0),(27222,34,32574,1),(27223,34,31392,1),(27224,34,34892,0),(27225,34,30213,0),(27226,34,32670,0),(27227,34,6481,0),(27228,34,6132,0),(27229,34,31465,0),(27230,34,30950,0),(27231,34,30694,0),(27232,34,32789,0),(27233,34,30195,1),(27878,35,33222,1),(27879,35,32691,0),(27880,35,29607,0),(27881,35,5405,0),(27882,35,30195,1),(27883,35,31392,0),(27884,35,6524,0),(27885,35,30950,0),(27886,35,31358,0),(27887,35,5383,0),(27888,35,28447,0),(27889,35,28963,0),(27890,35,6481,0),(27891,35,29630,0),(27892,35,32574,0),(27893,35,29252,2),(27894,35,33172,1),(27895,35,30782,2),(27896,35,28536,0),(27897,35,29551,0),(27898,35,32127,0),(27899,35,32532,1),(27900,35,32656,1),(27901,35,32686,0),(27902,35,33173,0),(27903,35,30442,0),(28758,37,29252,0),(28759,37,33172,0),(28760,37,30782,0),(28761,37,28536,3),(28762,37,33712,1),(28763,37,32127,1),(28764,37,29772,0),(28765,37,32532,1),(28766,37,32656,0),(28767,37,5206,1),(28768,37,32686,0),(28769,37,28586,0),(28770,37,28545,1),(28771,37,31007,0),(28772,37,32129,3),(28773,37,28444,0),(28774,37,30280,0),(28775,37,32801,3),(28776,37,30708,0),(28777,37,30523,1),(28778,37,32265,2),(29741,38,29252,1),(29742,38,33172,1),(29743,38,30782,1),(29744,38,28536,2),(29745,38,33712,2),(29746,38,32127,1),(29747,38,32532,0),(29748,38,32558,0),(29749,38,29551,0),(29750,38,32656,1),(29751,38,30280,0),(29752,38,31007,1),(29753,38,32129,0),(29754,38,28444,2),(29755,38,32801,0),(29756,38,30523,0),(29757,38,28545,0),(29758,38,5299,0),(29759,38,32788,0),(29760,38,30708,1),(29761,38,32265,0),(30783,39,30280,0),(30784,39,28563,0),(30785,39,5299,1),(30786,39,30589,0),(30787,39,30708,0),(30788,39,31007,1),(30789,39,32129,2),(30790,39,28444,0),(30791,39,32801,2),(30792,39,32188,0),(30793,39,30523,0),(30794,39,32265,1),(30795,39,30986,0),(30796,39,32788,1),(30797,39,32108,0),(30798,39,30944,0),(30799,39,28545,0),(30800,39,29252,1),(30801,39,33172,0),(30802,39,30782,1),(30803,39,29772,0),(30804,39,28536,1),(30805,39,32532,0),(30806,39,32558,2),(30807,39,29551,0),(30808,39,32127,0),(30809,39,32656,0),(30810,39,33173,0),(30811,39,31753,0),(30812,39,28586,0),(30813,39,33202,0),(30814,39,31092,0),(30815,39,29763,0),(30816,39,33712,0),(30817,39,30442,0),(31699,40,28545,0),(31700,40,31007,3),(31701,40,32129,2),(31702,40,30280,3),(31703,40,28563,0),(31704,40,30986,0),(31705,40,30328,0),(31706,40,32801,0),(31707,40,30523,0),(31708,40,32265,0),(31709,40,32788,0),(31710,40,30708,0),(31711,40,30981,1),(31712,40,5299,1),(31713,40,28444,0),(31714,40,29252,2),(31715,40,33172,0),(31716,40,30782,2),(31717,40,28536,0),(31718,40,32532,0),(31719,40,32656,1),(31720,40,29551,2),(31721,40,32127,0),(31722,40,5203,0),(31723,40,29772,0),(31724,40,31092,0),(31725,40,31753,0),(31726,40,30515,0),(31727,40,32686,0),(31728,40,30089,0),(32704,41,28545,2),(32705,41,31007,0),(32706,41,32129,1),(32707,41,28444,1),(32708,41,30280,1),(32709,41,32801,1),(32710,41,30708,0),(32711,41,32265,0),(32712,41,32188,0),(32713,41,32014,0),(32714,41,32769,0),(32715,41,5299,0),(32716,41,30589,0),(32717,41,32108,0),(32718,41,29252,0),(32719,41,33172,1),(32720,41,30782,1),(32721,41,28536,1),(32722,41,32656,2),(32723,41,29551,1),(32724,41,32127,1),(32725,41,5206,0),(32726,41,28586,0),(32727,41,33202,0),(32728,41,30442,0),(32729,41,28487,0),(32730,41,32532,0),(33545,42,29252,0),(33546,42,33712,1),(33547,42,33172,4),(33548,42,30782,3),(33549,42,28536,2),(33550,42,32656,2),(33551,42,32532,0),(33552,42,29551,0),(33553,42,32127,1),(33554,42,30280,0),(33555,42,31007,3),(33556,42,32129,0),(33557,42,28444,1),(33558,42,32801,1),(33559,42,30523,0),(33560,42,32108,0),(33561,42,30986,0),(33562,42,5299,0),(33563,42,30708,0),(33564,42,32788,0),(33565,42,28545,0),(33566,42,32265,1),(34774,43,29252,3),(34775,43,33712,3),(34776,43,32686,0),(34777,43,33172,1),(34778,43,30782,1),(34779,43,28536,1),(34780,43,32656,0),(34781,43,32532,1),(34782,43,5206,1),(34783,43,29772,0),(34784,43,28586,1),(34785,43,29551,0),(34786,43,32127,1),(34787,43,30280,1),(34788,43,31007,1),(34789,43,32129,0),(34790,43,28444,0),(34791,43,32801,2),(34792,43,30523,1),(34793,43,30708,2),(34794,43,28545,2),(34795,43,5299,2),(34796,43,30986,0),(34797,43,32265,0),(34798,43,32788,0),(34799,43,32108,0);
/*!40000 ALTER TABLE `appearances` ENABLE KEYS */;
UNLOCK TABLES;

--
-- Temporary table structure for view `availabilities`
--

DROP TABLE IF EXISTS `availabilities`;
/*!50001 DROP VIEW IF EXISTS `availabilities`*/;
SET @saved_cs_client     = @@character_set_client;
SET character_set_client = utf8;
/*!50001 CREATE TABLE `availabilities` (
  `user_id` tinyint NOT NULL,
  `team_id` tinyint NOT NULL,
  `player_id` tinyint NOT NULL,
  `game_id` tinyint NOT NULL
) ENGINE=MyISAM */;
SET character_set_client = @saved_cs_client;

--
-- Table structure for table `games`
--

DROP TABLE IF EXISTS `games`;
/*!40101 SET @saved_cs_client     = @@character_set_client */;
/*!40101 SET character_set_client = utf8 */;
CREATE TABLE `games` (
  `id` smallint(5) unsigned NOT NULL AUTO_INCREMENT,
  `espn_id` int(10) unsigned DEFAULT NULL,
  `time` datetime DEFAULT NULL,
  `away_team_id` smallint(5) unsigned DEFAULT NULL,
  `home_team_id` smallint(5) unsigned DEFAULT NULL,
  `value` smallint(6) DEFAULT '1',
  `description` varchar(255) DEFAULT NULL,
  `final` smallint(6) DEFAULT '0',
  PRIMARY KEY (`id`),
  KEY `away_team_id` (`away_team_id`),
  KEY `home_team_id` (`home_team_id`),
  CONSTRAINT `games_ibfk_1` FOREIGN KEY (`away_team_id`) REFERENCES `teams` (`id`) ON UPDATE CASCADE,
  CONSTRAINT `games_ibfk_2` FOREIGN KEY (`home_team_id`) REFERENCES `teams` (`id`) ON UPDATE CASCADE
) ENGINE=InnoDB AUTO_INCREMENT=44 DEFAULT CHARSET=latin1;
/*!40101 SET character_set_client = @saved_cs_client */;

--
-- Dumping data for table `games`
--

LOCK TABLES `games` WRITE;
/*!40000 ALTER TABLE `games` DISABLE KEYS */;
INSERT INTO `games` VALUES (1,361004114,'2016-10-04 20:00:00',3,29,1,'AL Wild Card',1),(2,361005121,'2016-10-05 20:00:00',24,18,1,'NL Wild Card',1),(3,361006113,'2016-10-06 16:30:00',29,28,1,'ALDS Game 1',1),(4,361007113,'2016-10-07 13:00:00',29,28,1,'ALDS Game 2',1),(5,361009114,'2016-10-09 19:30:00',28,29,1,'ALDS Game 3',1),(8,361006105,'2016-10-06 20:00:00',4,8,1,'ALDS Game 1',1),(9,361007105,'2016-10-07 16:30:00',4,8,1,'ALDS Game 2',1),(10,361010102,'2016-10-10 18:00:00',8,4,1,'ALDS Game 3',1),(13,361007116,'2016-10-07 21:00:00',24,5,1,'NLDS Game 1',1),(14,361008116,'2016-10-08 20:00:00',24,5,1,'NLDS Game 2',1),(15,361010126,'2016-10-10 21:30:00',5,24,1,'NLDS Game 3',1),(16,361011126,'2016-10-11 20:30:00',5,24,1,'NLCS Game 4',1),(18,361007120,'2016-10-07 17:30:00',14,30,1,'NLDS Game 1',1),(19,361009120,'2016-10-09 13:00:00',14,30,1,'NLDS Game 2',1),(20,361010119,'2016-10-10 16:00:00',30,14,1,'NLDS Game 3',1),(21,361011119,'2016-10-11 17:00:00',30,14,1,'NLDS Game 4',1),(22,361013120,'2016-10-13 20:00:00',14,30,1,'NLCS Game 5',1),(23,361014105,'2016-10-14 20:00:00',29,8,2,'ALCS Game 1',1),(24,361015105,'2016-10-15 16:00:00',29,8,2,'ALCS Game 2',1),(25,361017114,'2016-10-17 20:00:00',8,29,2,'ALCS Game 3',1),(26,361018114,'2016-10-18 16:00:00',8,29,2,'ALCS Game 4',1),(27,361019114,'2016-10-19 16:00:00',8,29,2,'ALCS Game 5',1),(30,361015116,'2016-10-15 20:00:00',14,5,2,'NLCS Game 1',1),(31,361016116,'2016-10-16 20:00:00',14,5,2,'NLCS Game 2',1),(32,361018119,'2016-10-18 20:00:00',5,14,2,'NLCS Game 3',1),(33,361019119,'2016-10-19 20:00:00',5,14,2,'NLCS Game 4',1),(34,361020119,'2016-10-20 20:00:00',5,14,2,'NLCS Game 5',1),(35,361022116,'2016-10-22 20:00:00',14,5,2,'NLCS Game 6',1),(37,361025105,'2016-10-25 20:00:00',5,8,4,'WS Game 1',1),(38,361026105,'2016-10-26 19:00:00',5,8,4,'WS Game 2',1),(39,361028116,'2016-10-28 20:00:00',8,5,4,'WS Game 3',1),(40,361029116,'2016-10-29 20:00:00',8,5,4,'WS Game 4',1),(41,361030116,'2016-10-30 20:00:00',8,5,4,'WS Game 5',1),(42,361101105,'2016-11-01 20:00:00',5,8,4,'WS Game 6',1),(43,361102105,'2016-11-02 20:00:00',5,8,4,'WS Game 7',1);
/*!40000 ALTER TABLE `games` ENABLE KEYS */;
UNLOCK TABLES;

--
-- Table structure for table `picks`
--

DROP TABLE IF EXISTS `picks`;
/*!40101 SET @saved_cs_client     = @@character_set_client */;
/*!40101 SET character_set_client = utf8 */;
CREATE TABLE `picks` (
  `id` smallint(5) unsigned NOT NULL AUTO_INCREMENT,
  `user_id` smallint(5) unsigned DEFAULT NULL,
  `game_id` smallint(5) unsigned DEFAULT NULL,
  `player_id` mediumint(8) unsigned DEFAULT NULL,
  PRIMARY KEY (`id`),
  KEY `user_id` (`user_id`),
  KEY `game_id` (`game_id`),
  KEY `player_id` (`player_id`),
  CONSTRAINT `picks_ibfk_1` FOREIGN KEY (`user_id`) REFERENCES `users` (`id`) ON UPDATE CASCADE,
  CONSTRAINT `picks_ibfk_2` FOREIGN KEY (`game_id`) REFERENCES `games` (`id`) ON UPDATE CASCADE,
  CONSTRAINT `picks_ibfk_3` FOREIGN KEY (`player_id`) REFERENCES `players` (`id`) ON UPDATE CASCADE
) ENGINE=InnoDB AUTO_INCREMENT=2164 DEFAULT CHARSET=latin1;
/*!40101 SET character_set_client = @saved_cs_client */;

--
-- Dumping data for table `picks`
--

LOCK TABLES `picks` WRITE;
/*!40000 ALTER TABLE `picks` DISABLE KEYS */;
INSERT INTO `picks` VALUES (1295,15,1,29322),(1296,15,2,32087),(1297,8,1,29287),(1298,8,2,30469),(1299,8,8,31007),(1300,44,1,28513),(1301,10,1,29287),(1302,10,2,6125),(1303,44,2,6125),(1304,2,1,28513),(1305,2,2,30901),(1306,32,1,31097),(1307,32,2,30901),(1308,32,8,30280),(1309,1,1,34885),(1310,31,1,29505),(1311,16,1,34885),(1312,45,1,28567),(1313,6,1,29563),(1314,42,1,29322),(1315,9,1,28513),(1316,9,2,32080),(1317,4,1,28513),(1318,43,1,29322),(1319,34,1,34885),(1320,45,2,5411),(1321,21,1,31097),(1322,18,1,29170),(1323,18,2,28954),(1324,38,1,31097),(1325,38,2,30901),(1326,23,1,28567),(1327,37,1,28513),(1328,35,1,31097),(1329,27,1,34885),(1330,19,1,31097),(1331,26,1,5904),(1332,40,1,34885),(1333,21,2,28671),(1334,37,2,30901),(1335,2,3,3878),(1336,2,8,30280),(1337,4,2,30112),(1338,31,2,32087),(1339,45,3,30456),(1340,45,8,32362),(1341,34,2,29087),(1342,40,2,5411),(1343,15,3,6390),(1344,15,8,30280),(1345,15,18,32098),(1346,15,9,31606),(1347,15,4,29646),(1348,1,2,29087),(1349,12,2,6128),(1350,12,3,29008),(1351,12,8,32108),(1352,18,3,32859),(1353,18,8,31606),(1354,35,2,6488),(1355,23,2,30112),(1356,42,2,33467),(1357,21,3,32938),(1358,21,8,28444),(1359,21,18,30195),(1360,6,2,28671),(1361,19,2,32080),(1362,26,2,30112),(1363,43,2,28671),(1364,42,3,6390),(1365,42,8,6195),(1366,16,3,30175),(1367,16,8,28444),(1368,1,3,32170),(1369,27,3,28567),(1370,27,8,28545),(1371,9,3,5890),(1372,9,8,3748),(1373,9,4,5904),(1374,9,9,33984),(1375,9,18,30951),(1376,9,13,30112),(1377,9,19,32098),(1378,9,14,28687),(1379,9,10,32362),(1380,9,5,29567),(1383,9,15,30469),(1384,9,20,29200),(1385,9,16,30901),(1386,9,21,29976),(1390,9,22,6389),(1391,6,3,6390),(1392,6,8,31007),(1393,44,3,29563),(1394,44,8,6393),(1395,38,3,29563),(1396,43,3,5904),(1397,43,8,32362),(1398,21,4,30456),(1399,21,9,30841),(1400,21,13,32656),(1401,21,10,6393),(1402,10,3,29646),(1403,10,8,5299),(1404,10,4,32859),(1405,10,9,6195),(1406,31,3,28567),(1407,31,8,31007),(1408,15,13,29087),(1409,15,19,6389),(1410,15,14,30901),(1411,40,3,30452),(1412,40,8,32362),(1413,32,3,32170),(1414,32,4,3878),(1415,32,9,31007),(1416,18,4,32938),(1417,32,18,5405),(1418,32,13,30112),(1419,32,19,32691),(1420,32,14,6488),(1421,18,9,6195),(1422,18,18,30621),(1423,18,13,30901),(1424,4,3,30456),(1425,4,8,31007),(1426,2,4,29563),(1427,2,9,31007),(1428,2,18,5383),(1429,2,13,29252),(1430,35,3,32938),(1431,35,8,31007),(1432,1,8,32801),(1433,26,3,5890),(1434,26,8,28444),(1435,23,3,5904),(1436,23,8,3748),(1437,34,3,28762),(1438,34,8,32788),(1439,12,4,6390),(1440,12,9,30523),(1441,12,18,6524),(1442,12,13,6488),(1443,8,4,29515),(1444,8,9,32265),(1445,8,18,4262),(1446,8,13,32532),(1447,8,19,29710),(1448,8,14,29087),(1449,8,10,33039),(1450,8,5,29646),(1453,8,15,28687),(1454,8,20,6389),(1455,38,8,30280),(1456,37,8,31007),(1457,37,4,28762),(1458,37,9,33039),(1459,37,18,32691),(1460,37,13,32558),(1461,19,8,32129),(1462,45,4,5904),(1463,45,9,32801),(1464,45,18,30951),(1465,45,13,30112),(1466,27,4,30452),(1467,27,9,32362),(1468,27,18,30621),(1469,27,13,29087),(1470,27,19,4262),(1471,27,14,30112),(1472,23,4,3971),(1473,31,4,28762),(1474,31,9,30841),(1475,31,18,30195),(1476,31,13,28687),(1477,4,4,3971),(1478,43,4,3971),(1479,43,9,30841),(1480,43,18,30195),(1481,43,13,29087),(1482,26,13,28687),(1483,16,4,29515),(1484,26,18,32098),(1485,16,9,6393),(1486,16,18,6524),(1487,16,13,32087),(1488,16,19,29710),(1489,16,14,30469),(1490,26,9,5299),(1491,26,4,3878),(1492,21,5,3971),(1493,21,14,30469),(1494,21,19,30173),(1495,10,18,5383),(1496,10,13,29087),(1497,10,19,32574),(1498,10,14,32087),(1499,10,10,32801),(1500,10,5,29515),(1501,42,4,32170),(1502,35,4,3878),(1503,35,9,6393),(1504,35,18,32098),(1505,35,13,30112),(1506,42,9,32801),(1507,42,18,5405),(1508,42,13,30469),(1509,4,9,33039),(1510,4,18,32691),(1511,4,13,29087),(1512,40,4,33631),(1513,40,9,30841),(1514,34,4,33631),(1515,34,9,32801),(1516,34,18,4262),(1517,34,13,30112),(1518,6,4,30456),(1519,44,9,31007),(1520,44,18,29200),(1521,44,13,30112),(1522,44,19,33710),(1523,44,14,29087),(1524,44,10,32362),(1525,44,5,3878),(1527,40,18,30195),(1528,40,13,29550),(1529,1,9,34986),(1530,1,18,31392),(1531,1,13,6488),(1532,23,9,33039),(1533,23,18,4262),(1534,23,13,29087),(1535,6,9,30523),(1536,6,18,30195),(1537,32,10,3748),(1538,32,5,28762),(1541,32,15,29252),(1542,32,20,30951),(1543,38,13,32127),(1544,38,19,32900),(1545,38,10,5299),(1546,38,14,28586),(1547,38,5,5890),(1550,45,19,30195),(1551,45,14,29087),(1552,45,10,31007),(1553,45,5,29505),(1554,26,19,4262),(1555,26,14,30901),(1556,18,19,32098),(1557,18,14,6488),(1558,18,10,3748),(1559,18,5,29515),(1560,35,19,30951),(1561,4,19,6389),(1562,4,14,28687),(1563,6,19,6389),(1564,6,14,30901),(1565,2,19,32098),(1566,2,14,30290),(1567,2,10,6393),(1568,2,5,29646),(1569,31,19,33710),(1570,31,14,30901),(1571,37,19,5383),(1572,37,14,28687),(1573,37,10,6393),(1574,37,5,3878),(1575,37,15,30112),(1576,40,19,32098),(1577,40,14,29087),(1578,43,19,6389),(1579,38,15,29263),(1580,38,20,28447),(1581,38,21,6389),(1582,38,16,28687),(1583,1,19,32098),(1584,1,14,32087),(1585,42,19,32098),(1586,42,14,32656),(1587,23,19,6389),(1588,23,14,29252),(1590,34,14,28687),(1591,34,10,33039),(1592,34,5,30456),(1593,35,14,29087),(1594,43,14,28687),(1595,18,15,30112),(1598,12,19,4262),(1599,12,10,31007),(1600,12,5,29515),(1603,12,15,30901),(1604,12,20,6389),(1605,40,10,3748),(1606,40,5,3878),(1607,31,10,6393),(1608,31,5,3971),(1609,37,20,29607),(1610,4,10,30841),(1611,4,5,32170),(1612,35,10,3748),(1613,35,5,3971),(1614,26,10,3748),(1615,26,5,29646),(1616,23,10,6393),(1617,23,5,5890),(1618,16,10,3748),(1619,16,5,29646),(1620,1,10,30841),(1621,1,5,3878),(1622,34,19,29200),(1623,19,19,29200),(1624,19,10,32362),(1625,19,5,29515),(1626,42,10,3748),(1627,42,5,3971),(1628,6,10,3748),(1629,6,5,3971),(1630,18,20,33710),(1631,15,5,32170),(1633,15,20,29607),(1634,15,10,33039),(1635,15,15,6488),(1636,43,5,29515),(1637,43,20,33710),(1638,43,10,33039),(1639,37,21,30950),(1640,34,20,33710),(1641,34,15,6488),(1643,31,20,6524),(1644,8,21,29607),(1645,8,16,30901),(1647,8,22,5383),(1649,2,20,31392),(1650,2,15,30112),(1651,2,21,29976),(1652,2,16,30469),(1654,16,20,30621),(1655,16,15,30112),(1656,45,20,29200),(1657,45,15,30469),(1658,45,21,32691),(1659,45,16,32087),(1661,4,20,6524),(1662,4,15,6488),(1663,43,15,6488),(1664,21,20,33710),(1665,44,20,32691),(1666,44,15,30901),(1667,21,15,32087),(1669,21,16,29087),(1670,21,21,29607),(1671,26,15,29087),(1672,26,20,5383),(1673,1,20,4262),(1674,1,15,30901),(1675,42,15,30112),(1676,42,20,29200),(1677,40,20,30621),(1678,40,15,6488),(1679,31,15,30112),(1680,6,20,5405),(1681,10,20,30621),(1682,10,15,30469),(1683,27,20,6389),(1684,27,10,6195),(1685,27,15,28687),(1686,23,20,29200),(1687,23,15,6488),(1688,18,21,6389),(1689,18,16,29263),(1690,43,21,32691),(1691,43,16,28536),(1692,6,21,32691),(1693,6,16,29087),(1694,32,16,29263),(1695,32,21,29607),(1697,32,22,33710),(1698,32,23,32129),(1699,32,24,5970),(1700,26,21,32691),(1701,26,16,30469),(1702,40,21,32691),(1703,40,16,30112),(1704,10,21,30950),(1705,10,16,30112),(1706,1,21,29607),(1707,1,16,28687),(1708,38,22,6481),(1710,4,21,5405),(1711,4,16,30901),(1712,31,21,5383),(1713,31,16,28536),(1714,19,21,29607),(1715,19,16,6488),(1716,16,21,29976),(1717,16,16,28687),(1718,34,21,33222),(1719,34,16,30469),(1720,21,22,29200),(1722,42,21,32691),(1723,42,16,28687),(1724,23,21,32098),(1725,23,16,30290),(1726,8,23,6390),(1727,8,24,29505),(1728,8,25,28567),(1729,8,26,29563),(1730,8,27,5904),(1733,2,22,30621),(1735,15,16,30469),(1736,44,16,30469),(1737,44,22,29607),(1739,44,23,32129),(1740,44,24,30523),(1741,27,16,30901),(1742,1,22,5405),(1743,18,22,29607),(1744,9,23,30523),(1745,9,24,30280),(1746,9,30,33172),(1747,9,31,30782),(1748,9,25,31007),(1749,9,26,32801),(1750,9,32,32127),(1751,9,27,31474),(1752,9,33,32656),(1753,9,34,32686),(1756,9,35,31337),(1758,16,22,6389),(1759,40,22,6389),(1760,15,22,29200),(1761,15,23,5299),(1762,15,24,31007),(1763,15,30,29252),(1764,15,25,28567),(1765,15,26,29563),(1766,45,22,33710),(1767,45,23,5890),(1768,45,24,29563),(1769,6,22,29710),(1770,26,22,5405),(1771,43,22,32098),(1772,18,23,32801),(1773,10,22,6389),(1774,31,22,6389),(1775,4,22,33710),(1776,34,22,32691),(1777,23,22,6481),(1778,42,22,30951),(1779,32,25,29563),(1780,32,26,28567),(1781,32,27,5904),(1782,32,30,33172),(1783,32,31,5383),(1784,32,32,28536),(1785,38,23,31007),(1786,38,24,28444),(1787,18,24,29008),(1788,16,23,6390),(1789,43,23,28567),(1790,4,23,32129),(1791,15,31,5405),(1792,15,32,6524),(1793,21,23,30280),(1794,21,24,28567),(1795,26,23,28567),(1796,21,25,29505),(1797,21,30,29252),(1798,21,31,5383),(1799,45,30,28536),(1800,31,23,30280),(1801,40,23,30523),(1802,2,23,5890),(1803,2,24,32129),(1804,2,30,28536),(1805,2,31,5405),(1806,2,25,32801),(1807,10,23,32129),(1808,27,23,28444),(1809,27,24,32129),(1810,27,25,31007),(1811,27,26,30280),(1812,27,27,29563),(1813,27,30,5383),(1814,34,23,30523),(1815,6,23,32801),(1816,1,23,29008),(1817,23,23,29563),(1818,42,23,5904),(1819,26,30,29607),(1820,26,24,29563),(1821,18,30,28536),(1822,31,24,28545),(1823,31,30,29607),(1824,4,24,28567),(1825,4,30,29252),(1826,43,24,30280),(1827,16,24,29563),(1828,16,30,32574),(1829,6,24,32859),(1830,6,30,28536),(1831,45,31,5383),(1832,23,24,28444),(1833,23,30,32574),(1834,1,24,28567),(1835,1,30,29252),(1836,37,24,29563),(1837,37,30,31392),(1838,37,31,28536),(1839,37,25,5904),(1840,37,26,28567),(1841,37,32,32127),(1842,37,33,5405),(1843,8,30,6524),(1844,40,24,29008),(1845,40,30,6524),(1846,42,24,32129),(1847,34,24,31007),(1848,34,30,28447),(1849,43,30,29551),(1850,42,30,30782),(1851,10,31,32691),(1852,10,25,5890),(1853,10,26,29563),(1854,10,32,5405),(1855,10,27,5904),(1856,18,31,29252),(1857,18,25,5904),(1858,18,26,29563),(1859,18,32,31392),(1860,31,31,32127),(1861,26,31,30195),(1862,8,31,30195),(1863,8,32,32558),(1864,8,33,33222),(1865,8,34,5206),(1866,8,35,5405),(1868,1,31,32691),(1869,16,31,5405),(1870,31,25,29563),(1871,34,31,29607),(1872,23,31,30782),(1873,43,31,29252),(1874,4,31,29607),(1875,6,31,29252),(1876,44,31,5405),(1877,44,25,28567),(1878,44,26,5890),(1879,38,31,33172),(1880,38,26,32801),(1881,38,25,30523),(1882,38,32,29955),(1883,6,25,29505),(1884,42,31,29607),(1885,45,25,30523),(1886,45,26,32859),(1887,45,32,33172),(1888,43,25,29505),(1889,26,25,6390),(1890,15,27,5890),(1891,15,33,32127),(1892,15,34,30950),(1893,4,25,29563),(1894,44,32,31392),(1895,44,27,5904),(1896,44,33,5383),(1897,21,32,28536),(1898,21,26,29563),(1899,1,25,29505),(1900,42,25,29563),(1901,23,25,30523),(1902,31,26,5890),(1903,26,26,29505),(1904,26,32,31392),(1905,16,26,5904),(1906,16,32,5383),(1907,43,26,29563),(1908,2,26,5970),(1909,2,32,33172),(1910,2,27,6390),(1911,2,33,30782),(1912,2,34,29607),(1913,21,33,32127),(1914,21,27,5904),(1916,43,32,5405),(1917,45,27,32129),(1918,45,33,30782),(1919,23,26,32129),(1920,23,32,5405),(1921,4,26,5904),(1922,4,32,30195),(1923,6,26,5890),(1924,6,32,29551),(1925,34,26,29563),(1926,31,32,29252),(1927,27,32,5405),(1928,27,33,31392),(1929,27,34,32691),(1931,1,32,32656),(1932,32,33,32127),(1933,32,34,6524),(1935,42,32,28536),(1936,26,27,5970),(1937,31,27,5904),(1938,18,27,32129),(1939,18,33,33222),(1940,18,34,32127),(1942,10,33,31392),(1943,10,34,29607),(1946,37,27,5890),(1947,37,34,5206),(1949,27,35,29607),(1950,16,27,5890),(1951,16,33,32127),(1952,43,27,5890),(1953,31,33,32532),(1954,21,34,30782),(1955,34,27,29008),(1956,34,33,32127),(1957,4,27,29008),(1958,4,33,32127),(1959,6,27,5904),(1960,6,33,31392),(1961,1,27,29563),(1962,42,27,5890),(1963,1,33,28536),(1964,23,33,33172),(1965,26,33,32532),(1966,43,33,32127),(1967,42,33,29252),(1968,15,35,30195),(1969,16,34,32691),(1970,37,37,33172),(1971,10,35,33222),(1973,43,34,32574),(1974,32,35,30195),(1975,45,34,32127),(1976,45,35,29252),(1978,21,35,32691),(1980,21,37,32129),(1981,21,38,33172),(1982,21,39,32801),(1983,21,40,28545),(1984,1,34,32127),(1985,31,34,31358),(1986,26,34,29252),(1987,6,34,32656),(1988,4,34,28536),(1990,15,37,32129),(1991,15,38,32656),(1992,15,43,32801),(1993,34,34,32574),(1994,23,34,28536),(1995,42,34,33172),(1996,19,34,33172),(1997,37,35,32574),(1999,8,37,33172),(2000,8,38,32129),(2001,8,39,32801),(2002,44,35,30950),(2004,31,35,5405),(2005,16,35,30950),(2007,18,35,32691),(2009,4,35,33222),(2010,43,35,33222),(2011,34,35,5405),(2012,1,35,33222),(2013,26,35,30950),(2014,6,35,29607),(2015,42,35,33222),(2016,23,35,32691),(2017,18,37,33172),(2018,18,38,32532),(2019,16,37,33172),(2020,16,38,31007),(2021,16,39,29252),(2022,16,40,28536),(2023,15,39,33172),(2024,15,40,30782),(2025,15,41,28536),(2026,15,42,28444),(2027,9,37,28536),(2028,9,38,33712),(2029,9,39,32558),(2030,9,40,29252),(2031,9,41,33018),(2032,9,42,32532),(2033,9,43,29551),(2034,27,37,32801),(2035,27,38,33172),(2036,27,39,30782),(2037,27,40,28536),(2038,27,41,29252),(2039,27,42,32656),(2040,27,43,33712),(2041,10,37,30782),(2042,10,38,29252),(2043,10,39,33172),(2044,10,40,32127),(2045,10,41,28536),(2046,10,42,33712),(2047,10,43,32656),(2048,1,37,30280),(2049,31,37,32129),(2050,45,37,29772),(2051,45,38,30280),(2052,43,37,30782),(2053,4,37,30782),(2054,21,41,29551),(2055,44,37,29252),(2056,44,38,33172),(2057,44,39,30782),(2058,44,40,28536),(2059,32,37,30782),(2060,44,41,32127),(2061,44,42,33712),(2062,32,38,33712),(2063,44,43,28545),(2064,32,39,32532),(2065,32,40,5299),(2066,32,41,29551),(2067,37,38,32129),(2068,37,39,33712),(2069,37,40,29252),(2070,38,37,29551),(2071,38,38,30782),(2072,38,39,28536),(2073,38,40,28545),(2074,38,41,32656),(2075,38,42,29252),(2076,37,41,30782),(2077,38,43,32129),(2078,37,42,30523),(2079,37,43,32801),(2080,2,37,28545),(2081,2,38,33712),(2082,2,39,32656),(2083,2,40,28444),(2084,2,41,32127),(2085,2,42,5299),(2086,2,43,5206),(2087,23,37,30280),(2088,26,37,30280),(2089,42,37,31007),(2090,8,40,32788),(2091,8,41,28536),(2092,8,42,30280),(2093,8,43,32656),(2094,34,37,30782),(2095,6,37,30782),(2096,19,38,31007),(2097,31,38,32801),(2098,1,38,32129),(2099,23,38,32127),(2100,4,38,33712),(2101,26,38,28536),(2102,34,38,32129),(2103,43,38,32129),(2104,42,38,30280),(2105,6,39,33172),(2106,6,40,33712),(2107,6,41,32127),(2108,6,42,32129),(2109,6,43,32265),(2110,18,39,30782),(2111,18,40,30523),(2112,18,41,30280),(2113,31,39,33172),(2114,31,40,30782),(2115,21,42,33712),(2116,21,43,31007),(2117,45,39,30708),(2118,45,40,32656),(2119,45,41,28444),(2120,45,42,33712),(2121,45,43,32265),(2122,26,39,30782),(2123,43,39,33172),(2124,4,39,33172),(2125,1,39,31007),(2126,34,39,33172),(2127,42,39,32127),(2128,23,39,31007),(2129,31,41,28444),(2130,31,42,33712),(2131,31,43,32656),(2132,4,40,32801),(2133,43,40,32801),(2134,1,40,33172),(2135,42,40,5299),(2136,23,40,32656),(2137,26,40,32129),(2138,26,41,31007),(2139,18,42,33712),(2140,18,43,32656),(2141,16,41,29551),(2142,23,41,32265),(2143,4,41,30280),(2144,34,41,30708),(2145,1,41,30782),(2146,43,41,32656),(2147,42,41,28444),(2148,16,42,30782),(2149,23,42,28545),(2150,23,43,33712),(2151,1,42,33712),(2152,43,42,31007),(2153,4,42,32656),(2154,34,42,29252),(2155,16,43,32129),(2156,32,42,32656),(2157,32,43,32801),(2158,26,42,33712),(2159,1,43,28444),(2160,43,43,33712),(2161,4,43,28444),(2162,26,43,33172),(2163,42,43,28545);
/*!40000 ALTER TABLE `picks` ENABLE KEYS */;
UNLOCK TABLES;

--
-- Table structure for table `players`
--

DROP TABLE IF EXISTS `players`;
/*!40101 SET @saved_cs_client     = @@character_set_client */;
/*!40101 SET character_set_client = utf8 */;
CREATE TABLE `players` (
  `id` mediumint(8) unsigned NOT NULL,
  `team_id` smallint(5) unsigned DEFAULT NULL,
  `name` varchar(255) DEFAULT NULL,
  `position` varchar(2) DEFAULT NULL,
  `bats` char(1) DEFAULT NULL,
  `throws` char(1) DEFAULT NULL,
  PRIMARY KEY (`id`),
  KEY `team_id` (`team_id`),
  CONSTRAINT `players_ibfk_1` FOREIGN KEY (`team_id`) REFERENCES `teams` (`id`) ON UPDATE CASCADE
) ENGINE=InnoDB DEFAULT CHARSET=latin1;
/*!40101 SET character_set_client = @saved_cs_client */;

--
-- Dumping data for table `players`
--

LOCK TABLES `players` WRITE;
/*!40000 ALTER TABLE `players` DISABLE KEYS */;
INSERT INTO `players` VALUES (3602,18,'Bartolo Colon','SP','R','R'),(3748,4,'David Ortiz','DH','L','L'),(3878,28,'Adrian Beltre','3B','R','R'),(3971,28,'Carlos Beltran','DH','B','R'),(4044,24,'Joe Nathan','RP','R','R'),(4262,30,'Jayson Werth','LF','R','R'),(4350,29,'Jason Grilli','RP','R','R'),(4514,22,'Ryan Vogelsong','SP','R','R'),(4553,19,'CC Sabathia','SP','L','L'),(4570,15,'Ichiro Suzuki','RF','L','R'),(4574,13,'Albert Pujols','DH','R','R'),(4588,29,'Joaquin Benoit','RP','R','R'),(4695,29,'R.A. Dickey','SP','R','R'),(4937,19,'Mark Teixeira','1B','B','R'),(5007,10,'Victor Martinez','DH','B','R'),(5019,24,'Jake Peavy','SP','R','R'),(5026,26,'Jerome Williams','RP','R','R'),(5031,7,'Brandon Phillips','2B','R','R'),(5067,28,'Colby Lewis','SP','R','R'),(5111,15,'Fernando Rodney','RP','R','R'),(5192,30,'Oliver Perez','RP','L','L'),(5203,5,'John Lackey','SP','R','R'),(5206,5,'David Ross','C','R','R'),(5299,8,'Coco Crisp','LF','B','R'),(5357,10,'Francisco Rodriguez','RP','R','R'),(5378,17,'Joe Mauer','1B','L','R'),(5379,6,'Justin Morneau','DH','L','R'),(5382,20,'Ryan Madson','RP','L','R'),(5383,14,'Chase Utley','2B','L','R'),(5384,30,'Sean Burnett','RP','L','L'),(5388,24,'Javier Lopez','RP','L','L'),(5403,26,'Adam Wainwright','SP','R','R'),(5405,14,'Adrian Gonzalez','1B','L','L'),(5411,18,'Jose Reyes','3B','B','R'),(5527,26,'Jhonny Peralta','3B','R','R'),(5544,10,'Miguel Cabrera','1B','R','R'),(5652,1,'Rickie Weeks','LF','R','R'),(5829,30,'Matt Belisle','RP','R','R'),(5842,23,'Edwin Jackson','SP','R','R'),(5883,1,'Zack Greinke','SP','R','R'),(5890,29,'Jose Bautista','RF','R','R'),(5902,29,'Dioner Navarro','C','B','R'),(5904,29,'Edwin Encarnacion','DH','R','R'),(5906,9,'Jorge De La Rosa','SP','L','L'),(5908,3,'J.J. Hardy','SS','R','R'),(5917,14,'Scott Kazmir','SP','L','L'),(5919,15,'Dustin McGowan','RP','R','R'),(5921,15,'Jeff Mathis','C','R','R'),(5940,26,'Matt Holliday','LF','R','R'),(5943,21,'Andres Blanco','3B','B','R'),(5970,29,'Melvin Upton Jr.','LF','R','R'),(5986,26,'Yadier Molina','C','R','R'),(6034,9,'Chad Qualls','RP','R','R'),(6060,24,'Santiago Casilla','RP','R','R'),(6073,12,'Chris Young','RP','R','R'),(6097,21,'Ryan Howard','1B','L','L'),(6124,9,'Ryan Raburn','LF','R','R'),(6125,18,'Curtis Granderson','RF','L','R'),(6128,18,'Rene Rivera','C','R','R'),(6132,14,'Joe Blanton','RP','R','R'),(6188,12,'Kendrys Morales','DH','B','R'),(6190,4,'Aaron Hill','3B','R','R'),(6191,14,'Brandon McCarthy','SP','R','R'),(6194,25,'Felix Hernandez','SP','R','R'),(6195,4,'Hanley Ramirez','1B','R','R'),(6197,10,'Ian Kinsler','2B','R','R'),(6202,24,'Matt Cain','SP','R','R'),(6204,25,'Robinson Cano','2B','L','R'),(6205,28,'Shin-Soo Choo','RF','L','L'),(6211,29,'Francisco Liriano','SP','L','L'),(6216,28,'Cole Hamels','SP','L','L'),(6219,26,'Zach Duke','RP','L','L'),(6242,25,'Nelson Cruz','DH','R','R'),(6280,17,'Ervin Santana','SP','R','R'),(6285,26,'Brayan Pena','C','B','R'),(6295,18,'Kelly Johnson','2B','L','R'),(6298,30,'Stephen Drew','2B','L','R'),(6309,19,'Brian McCann','C','L','R'),(6312,14,'J.P. Howell','RP','L','L'),(6316,16,'Blaine Boyer','RP','R','R'),(6321,14,'Rich Hill','SP','L','L'),(6341,10,'Justin Verlander','SP','R','R'),(6345,15,'Jeff Francoeur','LF','R','R'),(6347,6,'Melky Cabrera','LF','B','L'),(6352,12,'Jason Vargas','SP','L','L'),(6353,27,'Dana Eveland','RP','L','L'),(6370,26,'Jonathan Broxton','RP','R','R'),(6384,29,'Scott Feldman','RP','L','R'),(6389,30,'Ryan Zimmerman','1B','R','R'),(6390,29,'Russell Martin','C','R','R'),(6393,4,'Dustin Pedroia','2B','R','R'),(6396,19,'Billy Butler','DH','R','R'),(6401,12,'Edinson Volquez','SP','R','R'),(6408,25,'Franklin Gutierrez','RF','R','R'),(6455,10,'Cameron Maybin','CF','R','R'),(6470,30,'Yusmeiro Petit','RP','R','R'),(6472,10,'Anibal Sanchez','SP','R','R'),(6478,2,'Nick Markakis','RF','L','L'),(6479,13,'Jered Weaver','SP','R','R'),(6480,5,'Jason Hammel','SP','R','R'),(6481,14,'Andre Ethier','RF','L','L'),(6486,9,'Boone Logan','RP','R','L'),(6488,24,'Angel Pagan','LF','B','R'),(6491,13,'Ricky Nolasco','SP','R','R'),(6497,18,'James Loney','1B','L','L'),(6500,12,'Peter Moylan','RP','R','R'),(6513,15,'Martin Prado','3B','R','R'),(6514,4,'Chris Young','LF','R','R'),(6522,10,'Erick Aybar','3B','B','R'),(6524,14,'Howie Kendrick','LF','R','R'),(28444,8,'Mike Napoli','1B','R','R'),(28447,14,'Carlos Ruiz','C','R','R'),(28466,23,'Carlos Villanueva','RP','R','R'),(28474,6,'James Shields','SP','R','R'),(28476,2,'Matt Kemp','LF','R','R'),(28487,5,'Jon Lester','SP','L','L'),(28489,11,'Pat Neshek','RP','B','R'),(28507,10,'Mike Pelfrey','SP','R','R'),(28511,10,'Mark Lowe','RP','L','R'),(28513,3,'Adam Jones','CF','R','R'),(28525,6,'Matt Albers','RP','L','R'),(28528,16,'Matt Garza','SP','R','R'),(28531,2,'Jim Johnson','RP','R','R'),(28535,3,'Michael Bourn','CF','L','R'),(28536,5,'Ben Zobrist','2B','B','R'),(28545,8,'Rajai Davis','CF','R','R'),(28561,25,'Chris Iannetta','C','R','R'),(28563,8,'Andrew Miller','RP','L','L'),(28567,29,'Troy Tulowitzki','SS','R','R'),(28579,25,'Adam Lind','1B','L','L'),(28586,5,'Miguel Montero','C','L','R'),(28625,3,'Ubaldo Jimenez','SP','R','R'),(28636,12,'Alex Gordon','LF','L','R'),(28637,19,'Jacoby Ellsbury','CF','L','L'),(28639,27,'Evan Longoria','3B','R','R'),(28650,3,'Yovani Gallardo','SP','R','R'),(28658,9,'Carlos Gonzalez','RF','L','L'),(28661,24,'Gregor Blanco','RF','L','L'),(28662,13,'Yunel Escobar','3B','R','R'),(28663,10,'Jarrod Saltalamacchia','C','B','R'),(28668,7,'Homer Bailey','SP','R','R'),(28670,7,'Joey Votto','1B','L','R'),(28671,18,'Asdrubal Cabrera','SS','B','R'),(28673,11,'Tony Sipp','RP','L','L'),(28687,24,'Hunter Pence','RF','R','R'),(28688,12,'Joakim Soria','RP','R','R'),(28694,19,'Tyler Clippard','RP','R','R'),(28695,7,'Ross Ohlendorf','RP','R','R'),(28701,22,'Andrew McCutchen','CF','R','R'),(28721,16,'Ryan Braun','LF','R','R'),(28728,18,'Alejandro De Aza','CF','L','L'),(28729,5,'Joe Smith','RP','R','R'),(28734,23,'Brandon Morrow','RP','R','R'),(28762,28,'Carlos Gomez','LF','R','R'),(28772,9,'Mark Reynolds','1B','R','R'),(28802,17,'Kurt Suzuki','C','R','R'),(28809,19,'Chase Headley','3B','B','R'),(28817,29,'J.A. Happ','SP','L','L'),(28841,10,'Justin Upton','LF','R','R'),(28844,26,'Brandon Moss','1B','L','R'),(28855,4,'Clay Buchholz','SP','L','R'),(28864,12,'Ian Kennedy','SP','R','R'),(28877,2,'Emilio Bonifacio','LF','B','R'),(28895,20,'Ross Detwiler','SP','R','L'),(28899,4,'Ryan Hanigan','C','R','R'),(28915,18,'Jerry Blevins','RP','L','L'),(28920,25,'Seth Smith','RF','L','L'),(28952,27,'Alexei Ramirez','SS','R','R'),(28954,18,'Jay Bruce','RF','L','L'),(28955,24,'Johnny Cueto','SP','R','R'),(28957,12,'Wade Davis','RP','R','R'),(28958,4,'David Price','SP','L','L'),(28959,9,'Jake McGee','RP','L','L'),(28960,3,'Brian Duensing','RP','L','L'),(28962,30,'Gio Gonzalez','SP','R','L'),(28963,14,'Clayton Kershaw','SP','L','L'),(28968,8,'Carlos Carrasco','SP','R','R'),(28973,11,'Colby Rasmus','LF','L','L'),(28974,3,'Nolan Reimold','LF','R','R'),(28976,30,'Max Scherzer','SP','R','R'),(29008,29,'Ezequiel Carrera','RF','L','L'),(29081,3,'Darren O\'Day','RP','R','R'),(29087,24,'Denard Span','CF','L','L'),(29096,7,'Hernan Iribarren','2B','L','R'),(29105,22,'Sean Rodriguez','1B','R','R'),(29106,21,'Emmanuel Burriss','LF','B','R'),(29115,27,'Bobby Wilson','C','R','R'),(29124,22,'Matt Joyce','RF','L','R'),(29130,3,'Paul Janish','3B','R','R'),(29136,13,'Gregorio Petit','2B','R','R'),(29138,20,'Chris Smith','RP','R','R'),(29147,4,'Brad Ziegler','RP','R','R'),(29166,24,'Jeff Samardzija','SP','R','R'),(29168,24,'Sergio Romo','RP','R','R'),(29170,3,'Chris Davis','1B','L','R'),(29172,6,'David Robertson','RP','R','R'),(29174,19,'Brett Gardner','LF','L','L'),(29180,9,'Nick Hundley','C','R','R'),(29185,26,'Jaime Garcia','SP','L','L'),(29195,23,'Clayton Richard','SP','L','L'),(29198,3,'Tommy Hunter','RP','R','R'),(29200,30,'Daniel Murphy','2B','L','R'),(29206,23,'Adam Rosales','3B','R','R'),(29210,13,'Cliff Pennington','2B','B','R'),(29215,29,'Marco Estrada','SP','R','R'),(29220,14,'Jesse Chavez','RP','R','R'),(29229,12,'Alcides Escobar','SS','R','R'),(29235,22,'Phil Coke','RP','L','L'),(29238,22,'Wade LeBlanc','RP','L','L'),(29245,10,'Casey McGehee','3B','R','R'),(29252,5,'Dexter Fowler','CF','B','R'),(29255,22,'John Jaso','1B','L','R'),(29256,9,'Jason Motte','RP','R','R'),(29258,21,'A.J. Ellis','C','R','R'),(29263,24,'Conor Gillaspie','3B','L','R'),(29265,27,'Kevin Jepsen','RP','R','R'),(29273,22,'Francisco Cervelli','C','R','R'),(29287,3,'Matt Wieters','C','B','R'),(29310,6,'Miguel Gonzalez','SP','R','R'),(29318,21,'Peter Bourjos','RF','R','R'),(29322,3,'Mark Trumbo','RF','R','R'),(29330,10,'Andrew Romine','3B','B','R'),(29347,16,'Carlos Torres','RP','R','R'),(29357,12,'Paulo Orlando','RF','R','R'),(29361,8,'Chris Gimenez','C','R','R'),(29416,12,'Lorenzo Cain','CF','R','R'),(29427,8,'Jeff Manship','RP','R','R'),(29430,13,'Deolis Guerra','RP','R','R'),(29436,12,'Drew Butera','C','R','R'),(29439,20,'Danny Valencia','3B','R','R'),(29446,30,'Mark Melancon','RP','R','R'),(29470,19,'Austin Romine','C','R','R'),(29486,16,'Chris Carter','1B','R','R'),(29490,2,'Anthony Recker','C','R','R'),(29491,8,'Adam Moore','C','R','R'),(29505,29,'Michael Saunders','LF','L','R'),(29515,28,'Elvis Andrus','SS','R','R'),(29550,24,'Gorkys Hernandez','CF','R','R'),(29551,5,'Jason Heyward','RF','L','L'),(29563,29,'Josh Donaldson','3B','R','R'),(29564,1,'Welington Castillo','C','R','R'),(29567,29,'Darwin Barney','2B','R','R'),(29607,14,'Justin Turner','3B','R','R'),(29611,3,'Drew Stubbs','CF','R','R'),(29616,15,'Chris Johnson','1B','R','R'),(29630,14,'Kenley Jansen','RP','B','R'),(29646,28,'Ian Desmond','CF','R','R'),(29651,18,'Josh Smoker','RP','L','L'),(29669,1,'Tuffy Gosewisch','C','R','R'),(29670,21,'Freddy Galvis','SS','B','R'),(29691,23,'Jon Jay','CF','L','L'),(29694,22,'David Freese','3B','R','R'),(29703,19,'Donovan Solano','2B','R','R'),(29705,9,'Adam Ottavino','RP','L','R'),(29710,30,'Jose Lobaton','C','B','R'),(29759,19,'Eric Young Jr.','LF','B','R'),(29763,5,'Pedro Strop','RP','R','R'),(29772,5,'Chris Coghlan','LF','L','R'),(29807,9,'Gerardo Parra','LF','L','L'),(29839,7,'Jumbo Diaz','RP','R','R'),(29949,24,'Madison Bumgarner','SP','R','L'),(29951,18,'Travis d\'Arnaud','C','R','R'),(29955,14,'Charlie Culberson','SS','R','R'),(29962,3,'Pedro Alvarez','DH','L','R'),(29966,4,'Rick Porcello','SP','R','R'),(29976,30,'Ben Revere','CF','L','R'),(29985,2,'Chris Withrow','RP','R','R'),(30004,6,'Todd Frazier','3B','R','R'),(30016,20,'Yonder Alonso','1B','L','R'),(30020,7,'Ivan De Jesus','SS','R','R'),(30041,14,'Brett Anderson','SP','L','L'),(30054,5,'Trevor Cahill','RP','R','R'),(30058,21,'David Hernandez','RP','R','R'),(30074,28,'Matt Bush','RP','R','R'),(30081,15,'Mike Dunn','RP','L','L'),(30089,5,'Hector Rondon','RP','R','R'),(30095,4,'Junichi Tazawa','RP','R','R'),(30096,13,'Andrew Bailey','RP','R','R'),(30105,22,'Antonio Bastardo','RP','L','L'),(30112,24,'Buster Posey','C','R','R'),(30115,6,'Alex Avila','C','L','R'),(30117,24,'Gordon Beckham','2B','R','R'),(30124,2,'Brandon Snyder','3B','R','R'),(30130,4,'Koji Uehara','RP','R','R'),(30134,15,'Andrew Cashner','SP','R','R'),(30139,12,'Dillon Gee','RP','R','R'),(30145,5,'Jake Arrieta','SP','R','R'),(30147,13,'Jhoulys Chacin','SP','R','R'),(30148,28,'Derek Holland','SP','B','L'),(30149,22,'Neftali Feliz','RP','R','R'),(30153,19,'Anthony Swarzak','RP','R','R'),(30157,2,'Tyler Flowers','C','R','R'),(30173,30,'Wilson Ramos','C','R','R'),(30174,23,'Brett Wallace','3B','L','R'),(30175,29,'Justin Smoak','1B','B','L'),(30178,11,'Jason Castro','C','L','R'),(30181,28,'Tony Barnette','RP','R','R'),(30188,29,'Josh Thole','C','L','R'),(30190,26,'Alberto Rosario','C','R','R'),(30193,2,'Freddie Freeman','1B','L','R'),(30195,14,'Josh Reddick','RF','L','R'),(30196,30,'Mat Latos','RP','R','R'),(30208,15,'Destin Hood','LF','R','R'),(30209,10,'Jordan Zimmermann','SP','R','R'),(30213,14,'Josh Fields','RP','R','R'),(30218,16,'Kirk Nieuwenhuis','CF','L','R'),(30237,13,'Carlos Perez','C','R','R'),(30247,17,'Logan Schafer','CF','L','L'),(30258,30,'Shawn Kelley','RP','R','R'),(30268,16,'Manny Pina','C','R','R'),(30272,17,'Eduardo Escobar','SS','B','R'),(30276,11,'Luke Gregerson','RP','L','R'),(30280,8,'Carlos Santana','DH','B','R'),(30283,20,'Sean Doolittle','RP','L','L'),(30285,3,'Chris Tillman','SP','R','R'),(30289,16,'Martin Maldonado','C','R','R'),(30290,24,'Eduardo Nunez','3B','R','R'),(30296,29,'Brett Cecil','RP','R','L'),(30310,22,'Pedro Florimon','SS','B','R'),(30327,11,'Marwin Gonzalez','1B','B','R'),(30328,8,'Dan Otero','RP','R','R'),(30358,13,'Shane Robinson','LF','R','R'),(30366,30,'Marc Rzepczynski','RP','L','L'),(30370,11,'Doug Fister','SP','L','R'),(30373,30,'Stephen Strasburg','SP','R','R'),(30376,1,'Daniel Hudson','RP','R','R'),(30378,20,'John Axford','RP','R','R'),(30382,10,'Jose Iglesias','SS','R','R'),(30392,7,'Blake Wood','RP','R','R'),(30400,22,'Ivan Nova','SP','R','R'),(30404,22,'Zach Phillips','RP','L','L'),(30412,2,'Chaz Roe','RP','R','R'),(30417,4,'Fernando Abad','RP','L','L'),(30429,11,'Max Stassi','C','R','R'),(30433,13,'JC Ramirez','RP','R','R'),(30442,5,'Aroldis Chapman','RP','L','L'),(30445,28,'Robinson Chirinos','C','R','R'),(30450,19,'Starlin Castro','2B','R','R'),(30452,28,'Mitch Moreland','1B','L','L'),(30454,28,'Tanner Scheppers','RP','R','R'),(30456,28,'Jonathan Lucroy','C','R','R'),(30461,12,'Jarrod Dyson','CF','L','R'),(30464,3,'Caleb Joseph','C','R','R'),(30465,26,'Mike Leake','SP','R','R'),(30469,24,'Brandon Crawford','SS','L','R'),(30471,24,'Ehire Adrianza','SS','B','R'),(30475,9,'Daniel Descalso','SS','L','R'),(30506,21,'Jeremy Hellickson','SP','R','R'),(30511,22,'Juan Nicasio','RP','R','R'),(30515,5,'Travis Wood','RP','R','L'),(30517,19,'Blake Parker','RP','R','R'),(30519,30,'Chris Heisey','LF','R','R'),(30522,21,'Frank Herrmann','RP','L','R'),(30523,8,'Lonnie Chisenhall','RF','L','R'),(30525,21,'Jeanmar Gomez','RP','R','R'),(30526,6,'Jacob Turner','RP','R','R'),(30531,3,'Francisco Pena','C','R','R'),(30534,25,'Drew Storen','RP','B','R'),(30546,8,'Zach McAllister','RP','R','R'),(30555,6,'Dan Jennings','RP','L','L'),(30562,23,'Alexi Amarista','2B','L','R'),(30564,9,'Tyler Chatwood','SP','R','R'),(30567,23,'Hector Sanchez','C','B','R'),(30579,27,'Logan Forsythe','2B','R','R'),(30583,15,'Giancarlo Stanton','RF','R','R'),(30584,24,'Tony Sanchez','C','R','R'),(30588,19,'Tommy Layne','RP','L','L'),(30589,8,'Bryan Shaw','RP','B','R'),(30593,2,'Blake Lalli','C','L','R'),(30603,23,'Christian Friedrich','SP','R','L'),(30608,23,'Derek Norris','C','R','R'),(30611,27,'Danny Farquhar','RP','R','R'),(30621,30,'Danny Espinosa','SS','B','R'),(30627,18,'Wilmer Flores','3B','R','R'),(30636,29,'Ryan Goins','2B','L','R'),(30650,18,'Fernando Salas','RP','R','R'),(30653,4,'Craig Kimbrel','RP','R','R'),(30654,26,'Jeremy Hazelbaker','LF','L','R'),(30661,27,'Nick Franklin','LF','B','R'),(30664,6,'Leury Garcia','2B','B','R'),(30665,24,'Cory Gearrin','RP','R','R'),(30676,2,'Chase d\'Arnaud','SS','R','R'),(30680,21,'Jimmy Paredes','LF','B','R'),(30687,22,'Jordy Mercer','SS','R','R'),(30694,14,'Pedro Baez','RP','R','R'),(30699,1,'A.J. Pollock','CF','R','R'),(30708,8,'Brandon Guyer','LF','R','R'),(30711,25,'Shawn O\'Malley','SS','B','R'),(30726,15,'Dee Gordon','2B','L','R'),(30728,3,'Ryan Flaherty','3B','L','R'),(30729,6,'Avisail Garcia','DH','R','R'),(30738,1,'Shelby Miller','SP','R','R'),(30741,6,'J.B. Shuck','CF','L','L'),(30744,17,'Hector Santiago','SP','R','L'),(30755,16,'Keon Broxton','CF','R','R'),(30765,9,'DJ LeMahieu','2B','R','R'),(30773,11,'Mike Fiers','SP','R','R'),(30782,5,'Anthony Rizzo','1B','L','L'),(30791,15,'Miguel Rojas','2B','R','R'),(30794,20,'Matt McBride','C','R','R'),(30815,10,'Blaine Hardy','RP','L','L'),(30819,25,'Kyle Seager','3B','L','R'),(30830,22,'Starling Marte','LF','R','R'),(30836,13,'Mike Trout','CF','R','R'),(30841,4,'Brock Holt','LF','L','R'),(30862,1,'Chris Owings','SS','R','R'),(30878,16,'Hernan Perez','3B','R','R'),(30898,23,'Yangervis Solarte','3B','B','R'),(30901,24,'Brandon Belt','1B','L','L'),(30903,30,'Clint Robinson','1B','L','L'),(30909,23,'Ryan Schimpf','2B','L','R'),(30910,12,'Daniel Nava','LF','B','L'),(30925,17,'James Beresford','2B','L','R'),(30936,12,'Tony Cruz','C','R','R'),(30937,19,'Michael Pineda','SP','R','R'),(30942,16,'Jhan Marinez','RP','R','R'),(30943,3,'Vance Worley','RP','R','R'),(30944,8,'Josh Tomlin','SP','R','R'),(30948,6,'Chris Sale','SP','L','L'),(30950,14,'Yasmani Grandal','C','B','R'),(30951,30,'Bryce Harper','RF','L','R'),(30953,18,'Lucas Duda','1B','L','R'),(30954,28,'Jeremy Jeffress','RP','R','R'),(30959,17,'Brandon Kintzler','RP','R','R'),(30963,25,'Steve Cishek','RP','R','R'),(30965,25,'Hisashi Iwakuma','SP','R','R'),(30970,25,'Evan Scribner','RP','R','R'),(30979,25,'Arquimedes Caminero','RP','R','R'),(30981,8,'Corey Kluber','SP','R','R'),(30986,8,'Michael Martinez','2B','B','R'),(30991,24,'George Kontos','RP','R','R'),(30993,12,'Eric Hosmer','1B','L','L'),(31000,3,'Brad Brach','RP','R','R'),(31003,27,'Chris Archer','SP','R','R'),(31007,8,'Jason Kipnis','2B','L','R'),(31009,17,'Brian Dozier','2B','R','R'),(31010,4,'Drew Pomeranz','SP','R','L'),(31015,26,'Matt Carpenter','3B','L','R'),(31024,26,'Miguel Socolovich','RP','R','R'),(31026,10,'Justin Wilson','RP','L','L'),(31027,1,'Paul Goldschmidt','1B','R','R'),(31032,20,'Stephen Vogt','C','L','R'),(31037,1,'Jean Segura','2B','R','R'),(31038,5,'Tim Federowicz','C','R','R'),(31041,30,'Sammy Solis','RP','R','L'),(31049,15,'Adeiny Hechavarria','SS','R','R'),(31051,1,'Rubby De La Rosa','SP','R','R'),(31053,17,'Kyle Gibson','SP','R','R'),(31054,3,'Zach Britton','RP','L','L'),(31061,9,'Jordan Lyles','RP','R','R'),(31065,10,'J.D. Martinez','RF','R','R'),(31068,22,'Jeff Locke','SP','L','L'),(31077,23,'Brad Hand','RP','L','L'),(31079,15,'Tom Koehler','SP','R','R'),(31084,9,'Charlie Blackmon','CF','L','L'),(31086,27,'Alex Cobb','SP','R','R'),(31090,2,'Josh Collmenter','SP','R','R'),(31091,2,'Julio Teheran','SP','R','R'),(31092,5,'Mike Montgomery','RP','L','L'),(31093,1,'Randall Delgado','RP','R','R'),(31095,19,'Gary Sanchez','C','R','R'),(31096,23,'Jarred Cosart','SP','R','R'),(31097,3,'Manny Machado','3B','R','R'),(31098,28,'Martin Perez','SP','L','L'),(31099,24,'Matt Moore','SP','L','L'),(31101,19,'Adam Warren','RP','R','R'),(31109,24,'Albert Suarez','SP','R','R'),(31113,13,'Brett Oberholtzer','RP','L','L'),(31114,12,'Danny Duffy','SP','L','L'),(31115,14,'Louis Coleman','RP','R','R'),(31116,12,'Christian Colon','2B','R','R'),(31117,28,'Jurickson Profar','3B','B','R'),(31122,19,'Dellin Betances','RP','R','R'),(31124,15,'David Phelps','RP','R','R'),(31127,12,'Salvador Perez','C','R','R'),(31130,21,'Cesar Hernandez','2B','B','R'),(31136,6,'Nate Jones','RP','R','R'),(31140,16,'Wily Peralta','SP','R','R'),(31169,18,'Jim Henderson','RP','L','R'),(31171,18,'Eric Campbell','1B','R','R'),(31173,7,'Tucker Barnhart','C','B','R'),(31175,16,'Scooter Gennett','2B','L','R'),(31187,10,'Nick Castellanos','3B','R','R'),(31188,10,'Dixon Machado','SS','R','R'),(31190,6,'Tyler Saladino','2B','R','R'),(31195,11,'Jake Marisnick','CF','R','R'),(31200,19,'Ronald Torreyes','3B','R','R'),(31208,26,'Tommy Pham','CF','R','R'),(31209,25,'Mike Freeman','2B','L','R'),(31215,6,'Anthony Ranaudo','SP','R','R'),(31217,28,'Jared Hoying','LF','L','R'),(31221,13,'Tyler Skaggs','SP','L','L'),(31222,1,'Phil Gosselin','2B','R','R'),(31238,16,'Yadiel Rivera','2B','R','R'),(31253,19,'Aaron Hicks','RF','B','R'),(31254,29,'Aaron Sanchez','SP','R','R'),(31255,27,'Alex Colome','RP','R','R'),(31258,22,'Jameson Taillon','SP','R','R'),(31259,27,'Jaff Decker','RF','L','L'),(31260,17,'Miguel Sano','3B','R','R'),(31261,9,'Nolan Arenado','3B','R','R'),(31262,23,'Oswaldo Arcia','RF','L','R'),(31265,23,'Wil Myers','1B','R','R'),(31275,26,'Jose Martinez','RF','R','R'),(31276,20,'Brett Eibner','RF','R','R'),(31283,15,'Christian Yelich','LF','L','R'),(31287,29,'Darrell Ceciliani','CF','L','L'),(31313,1,'Patrick Corbin','SP','L','L'),(31327,2,'Ender Inciarte','CF','L','L'),(31337,5,'Matt Szczur','LF','R','R'),(31340,26,'Carlos Martinez','SP','R','R'),(31358,14,'Enrique Hernandez','LF','R','R'),(31359,26,'Matt Adams','1B','L','R'),(31360,28,'Delino DeShields','CF','R','R'),(31364,9,'Justin Miller','RP','R','R'),(31376,19,'Didi Gregorius','SS','L','R'),(31385,17,'Robbie Grossman','LF','B','L'),(31389,4,'Christian Vazquez','C','R','R'),(31392,14,'Joc Pederson','CF','L','L'),(31393,27,'Steven Geltz','RP','R','R'),(31399,26,'Randal Grichuk','CF','R','R'),(31402,26,'Jedd Gyorko','2B','R','R'),(31410,18,'Juan Lagares','CF','R','R'),(31413,13,'Kole Calhoun','RF','L','L'),(31428,6,'Blake Smith','RP','L','R'),(31443,17,'Juan Centeno','C','L','R'),(31446,27,'Kevin Kiermaier','CF','L','R'),(31453,15,'Justin Bour','1B','L','R'),(31462,22,'Drew Hutchison','SP','L','R'),(31465,14,'Luis Avilan','RP','L','L'),(31470,21,'Darin Ruf','1B','R','R'),(31474,8,'Abraham Almonte','LF','B','R'),(31475,25,'Pat Venditte','RP','B','B'),(31477,17,'John Ryan Murphy','C','R','R'),(31478,20,'Khris Davis','LF','R','R'),(31493,18,'Addison Reed','RP','L','R'),(31495,27,'Brad Boxberger','RP','R','R'),(31499,24,'Jarrett Parker','RF','L','L'),(31513,22,'Tony Watson','RP','L','L'),(31517,25,'Tom Wilhelmsen','RP','R','R'),(31540,25,'Nick Vincent','RP','R','R'),(31549,24,'Will Smith','RP','R','L'),(31556,22,'Jared Hughes','RP','R','R'),(31557,10,'Alex Wilson','RP','R','R'),(31558,20,'Jake Smolinski','CF','R','R'),(31588,25,'Leonys Martin','CF','L','R'),(31591,11,'Brad Peacock','RP','R','R'),(31593,30,'Tanner Roark','SP','R','R'),(31595,30,'A.J. Cole','SP','R','R'),(31606,4,'Xander Bogaerts','SS','R','R'),(31609,23,'Paul Clemens','SP','R','R'),(31615,3,'Oliver Drake','RP','R','R'),(31618,3,'Mychal Givens','RP','R','R'),(31648,13,'Kaleb Cowart','3B','B','R'),(31654,27,'Jake Odorizzi','SP','R','R'),(31659,9,'Cristhian Adames','SS','B','R'),(31660,8,'Austin Adams','RP','R','R'),(31662,11,'Jose Altuve','2B','R','R'),(31664,17,'Pat Dean','SP','L','L'),(31668,15,'Marcell Ozuna','CF','R','R'),(31682,12,'Cheslor Cuthbert','3B','R','R'),(31684,27,'Corey Dickerson','LF','L','R'),(31687,18,'Jeurys Familia','RP','R','R'),(31691,11,'Kevin Chapman','RP','L','L'),(31706,17,'Tommy Milone','SP','L','L'),(31708,15,'Justin Nicolino','SP','L','L'),(31718,9,'Chad Bettis','SP','R','R'),(31722,15,'Austin Brice','RP','R','R'),(31728,13,'Andrelton Simmons','SS','R','R'),(31730,18,'Noah Syndergaard','SP','L','R'),(31737,21,'Jorge Alfaro','C','R','R'),(31738,21,'Aaron Altherr','RF','R','R'),(31744,18,'Erik Goeddel','RP','R','R'),(31745,28,'Sam Dyson','RP','R','R'),(31753,5,'Justin Grimm','RP','R','R'),(31754,7,'Tyler Holt','CF','R','R'),(31755,20,'Liam Hendriks','RP','R','R'),(31770,6,'Michael Ynoa','RP','R','R'),(31779,13,'Ji-Man Choi','1B','L','R'),(31784,15,'Derek Dietrich','2B','L','R'),(31797,23,'Buddy Baumann','RP','L','L'),(31806,20,'Zach Neal','RP','R','R'),(31811,21,'Cameron Rupp','C','R','R'),(31815,11,'Dallas Keuchel','SP','L','L'),(31816,27,'Drew Smyly','SP','L','L'),(31819,2,'Mike Foltynewicz','SP','R','R'),(31824,25,'Ben Gamel','RF','L','L'),(31826,8,'Perci Garner','RP','R','R'),(31833,13,'Rafael Ortega','LF','L','R'),(31840,4,'Heath Hembree','RP','R','R'),(31844,9,'Tony Wolters','C','L','R'),(31846,17,'Alex Wimmers','RP','L','R'),(31848,19,'Mason Williams','CF','L','R'),(31851,16,'Josmil Pinto','C','R','R'),(31858,27,'Chase Whitley','RP','R','R'),(31864,25,'Taijuan Walker','SP','R','R'),(31865,2,'Tyrell Jenkins','SP','R','R'),(31867,6,'Tommy Kahnle','RP','R','R'),(31870,17,'Max Kepler','RF','L','L'),(31876,12,'Yordano Ventura','SP','R','R'),(31878,21,'Vince Velasquez','SP','R','R'),(31883,2,'Ian Krol','RP','L','L'),(31887,16,'Tyler Thornburg','RP','R','R'),(31898,7,'Matt Magill','RP','R','R'),(31901,13,'Jefry Marte','1B','R','R'),(31910,19,'Bryan Mitchell','SP','L','R'),(31923,14,'Rob Segedin','RF','R','R'),(31925,16,'Rob Scahill','RP','L','R'),(31927,23,'Luis Sardinas','SS','B','R'),(31931,16,'Domingo Santana','RF','R','R'),(31932,7,'Keyvius Sampson','RP','R','R'),(31942,27,'Enny Romero','RP','L','L'),(31943,10,'Bruce Rondon','RP','R','R'),(31944,17,'Eddie Rosario','LF','L','R'),(31945,26,'Trevor Rosenthal','RP','R','R'),(31961,4,'Bryan Holaday','C','R','R'),(31964,25,'Jesus Sucre','C','R','R'),(31973,16,'Jonathan Villar','SS','B','R'),(31980,25,'James Paxton','SP','L','L'),(31983,27,'Erasmo Ramirez','RP','R','R'),(31984,13,'Cory Rasmus','RP','R','R'),(31987,9,'Chris Rusin','RP','L','L'),(31988,3,'Jonathan Schoop','2B','R','R'),(31992,4,'Joe Kelly','RP','R','R'),(31995,21,'Tommy Joseph','1B','R','R'),(31998,1,'Chris Herrmann','C','L','R'),(32006,22,'Eric Fryer','C','R','R'),(32014,8,'Trevor Bauer','SP','R','R'),(32019,29,'Andy Burns','LF','R','R'),(32028,27,'Xavier Cedeno','RP','L','L'),(32029,12,'Kelvin Herrera','RP','R','R'),(32043,30,'Rafael Martin','RP','R','R'),(32044,2,'Jed Bradley','RP','L','L'),(32045,16,'Taylor Jungmann','SP','R','R'),(32046,10,'James McCann','C','R','R'),(32047,5,'Munenori Kawasaki','SS','L','R'),(32048,15,'Wei-Yin Chen','SP','R','L'),(32049,27,'Curt Casali','C','R','R'),(32051,4,'Robbie Ross Jr.','RP','L','L'),(32053,25,'Norichika Aoki','LF','L','R'),(32055,28,'Yu Darvish','SP','R','R'),(32056,13,'Jett Bandy','C','R','R'),(32059,26,'Kevin Siegrist','RP','L','L'),(32061,26,'Kolten Wong','2B','L','R'),(32062,16,'Andrew Susac','C','R','R'),(32068,6,'Adam Eaton','RF','L','L'),(32070,18,'Sean Gilmartin','RP','L','L'),(32078,11,'George Springer','RF','R','R'),(32080,18,'Yoenis Cespedes','LF','R','R'),(32082,20,'Sonny Gray','SP','R','R'),(32087,24,'Joe Panik','2B','L','R'),(32094,3,'Dylan Bundy','RP','B','R'),(32095,8,'Danny Salazar','SP','L','R'),(32098,30,'Anthony Rendon','3B','R','R'),(32099,13,'Jose Alvarez','RP','L','L'),(32101,4,'Sandy Leon','C','B','R'),(32104,15,'A.J. Ramos','RP','R','R'),(32105,1,'Kyle Jensen','LF','R','L'),(32106,6,'Jose Quintana','SP','R','L'),(32107,29,'Ryan Tepera','RP','R','R'),(32108,8,'Yan Gomes','C','R','R'),(32117,7,'Ramon Cabrera','C','B','R'),(32119,20,'Raul Alcantara','SP','R','R'),(32127,5,'Javier Baez','3B','R','R'),(32129,8,'Francisco Lindor','SS','B','R'),(32132,8,'Jesus Aguilar','1B','R','R'),(32134,7,'Robert Stephenson','SP','R','R'),(32135,7,'Tony Cingrani','RP','L','L'),(32136,10,'Tyler Collins','CF','L','L'),(32141,27,'Mikie Mahtook','LF','R','R'),(32146,20,'Marcus Semien','SS','R','R'),(32147,4,'Matt Barnes','RP','R','R'),(32151,9,'Tyler Anderson','SP','L','L'),(32155,13,'C.J. Cron','1B','R','R'),(32159,18,'Brandon Nimmo','LF','L','R'),(32161,19,'Tyler Austin','1B','R','R'),(32163,21,'Maikel Franco','3B','R','R'),(32168,23,'Austin Hedges','C','R','R'),(32170,28,'Rougned Odor','2B','L','R'),(32173,13,'Alex Meyer','SP','R','R'),(32174,30,'Brian Goodwin','CF','L','R'),(32175,1,'Robbie Ray','SP','L','L'),(32177,15,'J.T. Realmuto','C','R','R'),(32178,28,'Jake Diekman','RP','L','L'),(32179,16,'Jake Elmore','LF','R','R'),(32185,30,'Blake Treinen','RP','R','R'),(32188,8,'Cody Allen','RP','R','R'),(32198,18,'Josh Edgin','RP','R','L'),(32206,27,'Brad Miller','SS','L','R'),(32210,29,'Dalton Pompey','CF','B','R'),(32211,26,'Greg Garcia','3B','L','R'),(32215,15,'Xavier Scruggs','1B','R','R'),(32217,5,'Tommy La Stella','3B','L','R'),(32219,30,'Michael Taylor','CF','R','R'),(32255,10,'John Hicks','C','R','R'),(32257,10,'Steven Moya','RF','L','R'),(32260,16,'Michael Reed','RF','R','R'),(32264,6,'Carlos Sanchez','2B','B','R'),(32265,8,'Roberto Perez','C','R','R'),(32269,1,'Brandon Drury','LF','R','R'),(32280,28,'Brett Nicholas','C','L','R'),(32291,3,'Mike Wright','SP','R','R'),(32323,2,'Jace Peterson','2B','L','R'),(32329,23,'Ryan Buchter','RP','L','L'),(32351,27,'Juniel Querecuto','SS','B','R'),(32362,4,'Jackie Bradley Jr.','CF','L','R'),(32367,7,'Eugenio Suarez','3B','R','R'),(32377,21,'Hector Neris','RP','R','R'),(32384,13,'Nick Buss','LF','L','R'),(32396,23,'Kevin Quackenbush','RP','R','R'),(32397,29,'Aaron Loup','RP','L','L'),(32409,21,'Michael Mariot','RP','R','R'),(32422,12,'Whit Merrifield','2B','R','R'),(32435,21,'Colton Murray','RP','R','R'),(32455,29,'Bo Schultz','RP','R','R'),(32459,23,'Keith Hessler','RP','L','L'),(32470,7,'Jose Peraza','SS','R','R'),(32485,1,'Socrates Brito','CF','L','L'),(32499,29,'Danny Barnes','RP','L','R'),(32511,11,'Chris Devenski','RP','R','R'),(32512,25,'Ketel Marte','SS','B','R'),(32517,22,'Josh Bell','1B','B','R'),(32518,1,'Archie Bradley','SP','R','R'),(32525,17,'Jorge Polanco','SS','B','R'),(32530,16,'Orlando Arcia','SS','R','R'),(32532,5,'Willson Contreras','C','R','R'),(32549,27,'Matt Andriese','SP','R','R'),(32558,5,'Jorge Soler','LF','R','R'),(32559,28,'A.J. Griffin','SP','R','R'),(32560,22,'Alen Hanson','SS','B','R'),(32562,22,'Felipe Rivero','RP','L','L'),(32563,7,'Dan Straily','SP','R','R'),(32566,11,'Will Harris','RP','R','R'),(32569,11,'Collin McHugh','SP','R','R'),(32574,14,'Yasiel Puig','RF','R','R'),(32587,4,'Steven Wright','SP','R','R'),(32589,24,'Hunter Strickland','RP','R','R'),(32594,17,'Michael Tonkin','RP','R','R'),(32595,23,'Brandon Maurer','RP','R','R'),(32597,16,'Michael Blazek','RP','R','R'),(32603,2,'Jose Ramirez','RP','R','R'),(32604,14,'Josh Ravin','RP','R','R'),(32608,27,'Justin Marks','RP','L','L'),(32618,6,'Kevan Smith','C','R','R'),(32620,14,'Alex Wood','SP','R','L'),(32622,14,'Adam Liberatore','RP','L','L'),(32623,19,'Kirby Yates','RP','L','R'),(32631,18,'Rafael Montero','RP','R','R'),(32636,21,'Adam Morgan','SP','L','L'),(32637,21,'Cody Asche','LF','L','R'),(32640,26,'Michael Wacha','SP','R','R'),(32646,19,'Nick Goody','RP','R','R'),(32653,11,'Carlos Correa','SS','R','R'),(32655,17,'Byron Buxton','CF','R','R'),(32656,5,'Addison Russell','SS','R','R'),(32657,25,'Mike Zunino','C','R','R'),(32659,1,'Edwin Escobar','RP','L','L'),(32660,4,'Deven Marrero','3B','R','R'),(32664,7,'Adam Duvall','LF','R','R'),(32665,24,'Josh Osich','RP','L','L'),(32666,18,'Hansel Robles','RP','R','R'),(32667,3,'Kevin Gausman','SP','L','R'),(32669,15,'Adam Conley','SP','L','L'),(32670,14,'Grant Dayton','RP','L','L'),(32671,12,'Brian Flynn','RP','L','L'),(32675,4,'Eduardo Rodriguez','SP','L','L'),(32684,30,'Joe Ross','SP','R','R'),(32686,5,'Albert Almora Jr.','CF','R','R'),(32690,16,'Chase Anderson','SP','R','R'),(32691,14,'Corey Seager','SS','L','R'),(32693,29,'Roberto Osuna','RP','R','R'),(32697,30,'Lucas Giolito','SP','R','R'),(32698,9,'David Dahl','LF','L','R'),(32704,10,'Shane Greene','RP','R','R'),(32706,25,'Vidal Nuno','RP','L','L'),(32725,17,'Buddy Boshers','RP','L','L'),(32735,22,'Jason Rogers','1B','R','R'),(32738,16,'Jimmy Nelson','SP','R','R'),(32742,1,'Jake Lamb','3B','L','R'),(32751,23,'Travis Jankowski','CF','L','R'),(32753,18,'Ty Kelly','3B','B','R'),(32754,17,'Andrew Albers','RP','R','L'),(32762,11,'Ken Giles','RP','R','R'),(32767,20,'Matt Olson','RF','L','R'),(32769,8,'Mike Clevinger','SP','R','R'),(32771,1,'Mitch Haniger','LF','R','R'),(32778,20,'Renato Nunez','3B','R','R'),(32779,21,'Roman Quinn','CF','B','R'),(32788,8,'Tyler Naquin','CF','L','R'),(32789,14,'Ross Stripling','SP','R','R'),(32796,18,'Jacob deGrom','SP','L','R'),(32797,26,'Carson Kelly','C','R','R'),(32798,18,'Gavin Cecchini','SS','R','R'),(32801,8,'Jose Ramirez','3B','B','R'),(32802,2,'Matt Wisler','SP','R','R'),(32809,2,'Mauricio Cabrera','RP','R','R'),(32810,1,'Andrew Chafin','RP','R','L'),(32811,17,'Jose Berrios','SP','R','R'),(32815,29,'Marcus Stroman','SP','R','R'),(32818,28,'Joey Gallo','DH','L','R'),(32820,28,'Nomar Mazara','RF','L','L'),(32821,12,'Raul Mondesi','2B','B','R'),(32823,20,'Arismendy Alcantara','2B','B','R'),(32826,6,'Chris Beck','RP','R','R'),(32831,9,'Eddie Butler','SP','B','R'),(32832,21,'Jake Thompson','SP','R','R'),(32838,27,'Richie Shaffer','1B','R','R'),(32839,28,'Hanser Alberto','SS','R','R'),(32842,26,'Stephen Piscotty','RF','R','R'),(32851,25,'Dan Vogelbach','1B','L','R'),(32856,14,'Austin Barnes','C','R','R'),(32859,29,'Kevin Pillar','CF','R','R'),(32860,12,'Billy Burns','CF','B','R'),(32863,11,'Evan Gattis','DH','R','R'),(32868,21,'Odubel Herrera','CF','L','R'),(32869,16,'Ben Rowen','RP','R','R'),(32874,7,'Steve Selsky','RF','R','R'),(32890,4,'Travis Shaw','3B','L','R'),(32900,14,'Chris Taylor','2B','R','R'),(32933,2,'Mallex Smith','CF','L','R'),(32938,29,'Devon Travis','2B','R','R'),(32949,13,'Mike Morin','RP','R','R'),(32950,22,'Gregory Polanco','RF','L','L'),(32956,23,'Alex Dickerson','LF','L','L'),(32972,4,'Noe Ramirez','RP','R','R'),(32980,18,'Matt Reynolds','SS','R','R'),(33006,3,'Tyler Wilson','SP','R','R'),(33012,17,'Kennys Vargas','1B','B','R'),(33014,19,'Chasen Shreve','RP','L','L'),(33017,20,'Joey Wendle','2B','L','R'),(33018,8,'Erik Gonzalez','2B','R','R'),(33019,13,'Juan Graterol','C','R','R'),(33039,4,'Mookie Betts','RF','R','R'),(33057,21,'Jerad Eickhoff','SP','R','R'),(33065,15,'Tomas Telis','C','B','R'),(33071,4,'Robby Scott','RP','B','L'),(33072,17,'Ryan Pressly','RP','R','R'),(33080,2,'Adonis Garcia','3B','R','R'),(33088,23,'Jose Dominguez','RP','R','R'),(33089,21,'Luis Garcia','RP','R','R'),(33095,6,'Jose Abreu','1B','R','R'),(33097,27,'Eddie Gamboa','RP','R','R'),(33100,3,'Jayson Aquino','RP','L','L'),(33104,21,'Joely Rodriguez','RP','L','L'),(33107,15,'Jose Urena','RP','R','R'),(33109,13,'Jose Valdez','RP','R','R'),(33116,21,'Patrick Schuster','RP','R','L'),(33120,1,'Jake Barrett','RP','R','R'),(33123,12,'Scott Alexander','RP','L','L'),(33131,18,'Logan Verrett','RP','R','R'),(33132,18,'Kevin Plawecki','C','R','R'),(33135,25,'Cody Martin','RP','R','R'),(33136,2,'Shae Simmons','RP','R','R'),(33138,24,'Ty Blach','RP','R','L'),(33139,24,'Derek Law','RP','R','R'),(33144,5,'Jake Buchanan','RP','R','R'),(33149,14,'Micah Johnson','2B','L','R'),(33150,19,'Masahiro Tanaka','SP','R','R'),(33155,1,'Dominic Leone','RP','R','R'),(33165,23,'Leonel Campos','RP','R','R'),(33172,5,'Kris Bryant','3B','R','R'),(33173,5,'Kyle Hendricks','SP','R','R'),(33179,1,'Peter O\'Brien','LF','R','R'),(33180,7,'Anthony DeSclafani','SP','R','R'),(33183,8,'Cody Anderson','SP','R','R'),(33184,6,'Tim Anderson','SS','R','R'),(33186,2,'Aaron Blair','SP','R','R'),(33190,22,'Tyler Glasnow','SP','L','R'),(33192,19,'Aaron Judge','RF','R','R'),(33199,10,'Daniel Norris','SP','L','L'),(33200,11,'Colin Moran','3B','L','R'),(33202,5,'Carl Edwards','RP','R','R'),(33203,9,'Jon Gray','SP','R','R'),(33205,23,'Hunter Renfroe','RF','R','R'),(33206,16,'Corey Knebel','RP','R','R'),(33211,4,'Henry Owens','SP','L','L'),(33213,26,'Alex Reyes','RP','R','R'),(33216,1,'Braden Shipley','SP','R','R'),(33222,14,'Andrew Toles','RF','L','R'),(33223,14,'Julio Urias','SP','L','L'),(33225,9,'Tom Murphy','C','R','R'),(33233,12,'Hunter Dozier','3B','R','R'),(33235,11,'Michael Feliz','RP','R','R'),(33238,21,'Severino Gonzalez','RP','R','R'),(33244,20,'Sean Manaea','SP','R','L'),(33252,7,'Michael Lorenzen','RP','R','R'),(33257,9,'Dustin Garneau','C','R','R'),(33261,2,'Rio Ruiz','3B','L','R'),(33263,19,'Luis Severino','RP','R','R'),(33264,9,'Raimel Tapia','LF','L','L'),(33267,15,'Nick Wittgren','RP','R','R'),(33270,9,'Christian Bergman','RP','R','R'),(33271,27,'Luke Maile','C','R','R'),(33280,20,'Bruce Maxwell','C','L','R'),(33296,1,'Oscar Hernandez','C','R','R'),(33299,30,'Pedro Severino','C','R','R'),(33303,20,'Max Muncy','2B','L','R'),(33305,22,'Trevor Williams','RP','R','R'),(33318,10,'Kyle Ryan','RP','L','L'),(33319,20,'Ryan Dull','RP','R','R'),(33331,2,'Daniel Castro','SS','R','R'),(33351,3,'Trey Mancini','1B','R','R'),(33353,7,'Scott Schebler','RF','L','R'),(33364,9,'Pat Valaika','SS','R','R'),(33368,26,'Sam Tuivailala','RP','R','R'),(33372,28,'Nick Martinez','SP','L','R'),(33375,7,'Tony Renda','2B','R','R'),(33377,11,'Teoscar Hernandez','LF','R','R'),(33389,7,'Patrick Kivlehan','RF','R','R'),(33390,26,'Aledmys Diaz','SS','R','R'),(33394,24,'Kelby Tomlinson','2B','R','R'),(33411,19,'Rob Refsnyder','1B','R','R'),(33413,8,'Kyle Crockett','RP','L','L'),(33415,15,'Hunter Cervenka','RP','L','L'),(33416,11,'James Hoyt','RP','R','R'),(33426,19,'James Pazos','RP','R','L'),(33431,4,'Marco Hernandez','2B','L','R'),(33453,27,'Matt Duffy','SS','R','R'),(33467,18,'T.J. Rivera','2B','R','R'),(33477,5,'Spencer Patton','RP','R','R'),(33484,24,'Trevor Brown','C','R','R'),(33488,13,'Cody Ege','RP','L','L'),(33497,28,'Keone Kela','RP','R','R'),(33499,8,'Shawn Armstrong','RP','R','R'),(33513,19,'Richard Bleier','RP','L','L'),(33546,22,'Adam Frazier','LF','L','R'),(33562,2,'Brandon Cunniff','RP','R','R'),(33563,2,'Ryan Weber','RP','R','R'),(33589,20,'Andrew Triggs','RP','R','R'),(33599,23,'Manuel Margot','CF','R','R'),(33614,30,'Trevor Gott','RP','R','R'),(33617,15,'Odrisamer Despaigne','RP','R','R'),(33618,7,'Raisel Iglesias','RP','R','R'),(33625,21,'Phil Klein','SP','R','R'),(33627,10,'Buck Farmer','RP','L','R'),(33628,28,'Alex Claudio','RP','L','L'),(33631,28,'Ryan Rua','LF','R','R'),(33632,12,'Terrance Gore','LF','R','R'),(33633,7,'Brandon Finnegan','SP','L','L'),(33635,28,'Dario Alvarez','RP','L','L'),(33636,20,'Kendall Graveman','SP','R','R'),(33637,13,'A.J. Achter','RP','R','R'),(33638,20,'Daniel Coulombe','RP','L','L'),(33641,30,'Matt Grace','RP','L','L'),(33642,15,'Nefi Ogando','RP','R','R'),(33644,8,'Ryan Merritt','RP','L','L'),(33650,2,'Williams Perez','SP','R','R'),(33651,18,'Gabriel Ynoa','RP','R','R'),(33659,30,'Wilmer Difo','SS','B','R'),(33662,1,'Yasmany Tomas','RF','R','R'),(33665,11,'Jandel Gustave','RP','R','R'),(33666,25,'David Rollins','RP','L','L'),(33668,17,'Tyler Duffey','SP','R','R'),(33670,17,'Ryan O\'Rourke','RP','L','L'),(33671,17,'Taylor Rogers','RP','L','L'),(33674,11,'A.J. Reed','1B','L','L'),(33684,11,'Brady Rodgers','RP','R','R'),(33685,26,'Matt Bowman','RP','R','R'),(33689,22,'Jung Ho Kang','3B','R','R'),(33691,10,'Joe Mantiply','RP','R','L'),(33696,6,'Carlos Rodon','SP','L','L'),(33710,30,'Trea Turner','CF','R','R'),(33711,18,'Michael Conforto','LF','L','R'),(33712,5,'Kyle Schwarber','LF','L','R'),(33716,24,'Steven Okert','RP','L','L'),(33731,26,'Mike Mayers','RP','R','R'),(33748,27,'Blake Snell','SP','L','L'),(33769,26,'Dean Kiekhefer','RP','L','L'),(33770,26,'Luke Weaver','SP','R','R'),(33771,20,'Chad Pinder','SS','R','R'),(33777,20,'Dillon Overton','SP','L','L'),(33787,21,'Alec Asher','SP','R','R'),(33824,16,'Tyler Cravy','RP','R','R'),(33829,16,'Zach Davies','SP','R','R'),(33831,14,'Jose De Leon','SP','R','R'),(33834,15,'Brian Ellington','RP','R','R'),(33841,9,'Jeff Hoffman','SP','R','R'),(33860,30,'Reynaldo Lopez','SP','R','R'),(33866,30,'Spencer Kieboom','C','R','R'),(33870,22,'Steven Brault','SP','L','L'),(33892,23,'Carlos Asuaje','2B','L','R'),(33926,28,'Jose Leclerc','RP','R','R'),(33949,6,'Jason Coats','RF','R','R'),(33953,9,'Jordan Patterson','RF','L','L'),(33962,7,'Tim Adleman','SP','R','R'),(33970,20,'Ryon Healy','3B','R','R'),(33984,4,'Yoan Moncada','3B','B','R'),(34052,20,'Jharel Cotton','SP','R','R'),(34083,11,'Tony Kemp','LF','L','R'),(34089,22,'Jacob Stallings','C','R','R'),(34119,1,'Silvino Bracho','RP','R','R'),(34241,16,'Junior Guerra','SP','R','R'),(34249,21,'Tyler Goeddel','LF','R','R'),(34254,6,'Omar Narvaez','C','L','R'),(34295,15,'Yefri Perez','CF','B','R'),(34389,17,'Pat Light','RP','R','R'),(34401,10,'Matt Boyd','SP','L','L'),(34581,28,'Andrew Faulkner','RP','R','L'),(34699,19,'Ben Heller','RP','R','R'),(34719,7,'Josh Smith','RP','R','R'),(34720,2,'Joel De La Cruz','RP','B','R'),(34823,7,'Abel De Los Santos','RP','R','R'),(34824,1,'Zack Godley','RP','R','R'),(34830,15,'Kyle Barraclough','RP','R','R'),(34837,19,'Luis Cessa','RP','R','R'),(34838,1,'Enrique Burgos','RP','R','R'),(34841,2,'John Gant','RP','R','R'),(34842,10,'Michael Fulmer','SP','R','R'),(34845,6,'Juan Minaya','RP','R','R'),(34846,11,'David Paulino','SP','R','R'),(34847,23,'Jose Torres','RP','L','L'),(34848,11,'Joe Musgrove','SP','R','R'),(34849,1,'Matt Koch','RP','L','R'),(34853,20,'J.B. Wendelken','RP','R','R'),(34854,17,'J.T. Chargois','RP','B','R'),(34861,9,'Carlos Estevez','RP','R','R'),(34862,12,'Matt Strahm','RP','R','L'),(34863,12,'Alec Mills','RP','R','R'),(34865,23,'Jake Smith','RP','R','R'),(34868,16,'Jacob Barnes','RP','R','R'),(34869,16,'Damien Magnifico','RP','R','R'),(34870,15,'Jake Esch','SP','R','R'),(34872,18,'Robert Gsellman','SP','R','R'),(34873,18,'Seth Lugo','RP','R','R'),(34874,9,'German Marquez','RP','R','R'),(34875,28,'Yohander Mendez','RP','L','L'),(34876,21,'Edubray Ramos','RP','R','R'),(34882,29,'Joe Biagini','RP','R','R'),(34885,3,'Hyun Soo Kim','LF','L','R'),(34886,11,'Alex Bregman','3B','R','R'),(34892,14,'Kenta Maeda','SP','R','R'),(34893,26,'Seung Hwan Oh','RP','R','R'),(34895,2,'Dansby Swanson','SS','R','R'),(34902,12,'Brooks Pounders','RP','R','R'),(34906,10,'JaCoby Jones','3B','R','R'),(34909,27,'Ryan Garton','RP','R','R'),(34914,8,'Joe Colon','RP','R','R'),(34920,5,'Felix Pena','RP','R','R'),(34926,25,'Dae-Ho Lee','1B','R','R'),(34933,9,'Matt Carasiti','RP','R','R'),(34955,8,'Adam Plutko','SP','R','R'),(34968,11,'Tyler White','1B','R','R'),(34986,4,'Andrew Benintendi','LF','L','L'),(35021,22,'Chad Kuhl','SP','R','R'),(35050,25,'Guillermo Heredia','LF','R','L'),(35096,20,'Daniel Mengden','SP','R','R'),(35125,3,'Donnie Hart','RP','L','L'),(35222,25,'Dan Altavilla','RP','R','R'),(35305,25,'Ariel Miranda','SP','L','L'),(35315,1,'Steve Hathaway','RP','L','L'),(35389,12,'Kevin McCarthy','RP','R','R'),(35394,25,'Edwin Diaz','RP','R','R'),(35747,9,'Stephen Cardullo','1B','R','R'),(35797,29,'Matt Dermody','RP','R','L'),(35970,23,'Luis Perdomo','SP','R','R'),(35977,13,'Daniel Wright','SP','R','R'),(35997,14,'Brock Stewart','SP','L','R'),(36006,11,'Yulieski Gurriel','DH','R','R'),(36009,30,'Koda Glover','RP','R','R'),(36023,16,'Brent Suter','RP','L','L'),(36025,5,'Rob Zastryzny','RP','R','L'),(36035,19,'Jonathan Holder','RP','R','R'),(36036,7,'Wandy Peralta','RP','L','L');
/*!40000 ALTER TABLE `players` ENABLE KEYS */;
UNLOCK TABLES;

--
-- Table structure for table `teams`
--

DROP TABLE IF EXISTS `teams`;
/*!40101 SET @saved_cs_client     = @@character_set_client */;
/*!40101 SET character_set_client = utf8 */;
CREATE TABLE `teams` (
  `id` smallint(5) unsigned NOT NULL AUTO_INCREMENT,
  `abbreviation` varchar(3) DEFAULT NULL,
  `location` varchar(255) DEFAULT NULL,
  `name` varchar(255) DEFAULT NULL,
  PRIMARY KEY (`id`)
) ENGINE=InnoDB AUTO_INCREMENT=39 DEFAULT CHARSET=latin1;
/*!40101 SET character_set_client = @saved_cs_client */;

--
-- Dumping data for table `teams`
--

LOCK TABLES `teams` WRITE;
/*!40000 ALTER TABLE `teams` DISABLE KEYS */;
INSERT INTO `teams` VALUES (1,'ARI','Arizona','Diamondbacks'),(2,'ATL','Atlanta','Braves'),(3,'BAL','Baltimore','Orioles'),(4,'BOS','Boston','Red Sox'),(5,'CHC','Chicago','Cubs'),(6,'CHW','Chicago','White Sox'),(7,'CIN','Cincinnati','Reds'),(8,'CLE','Cleveland','Indians'),(9,'COL','Colorado','Rockies'),(10,'DET','Detroit','Tigers'),(11,'HOU','Houston','Astros'),(12,'KC','Kansas City','Royals'),(13,'LAA','Los Angeles','Angels'),(14,'LAD','Los Angeles','Dodgers'),(15,'MIA','Miami','Marlins'),(16,'MIL','Milwaukee','Brewers'),(17,'MIN','Minnesota','Twins'),(18,'NYM','New York','Mets'),(19,'NYY','New York','Yankees'),(20,'OAK','Oakland','Athletics'),(21,'PHI','Philadelphia','Phillies'),(22,'PIT','Pittsburgh','Pirates'),(23,'SD','San Diego','Padres'),(24,'SF','San Francisco','Giants'),(25,'SEA','Seattle','Mariners'),(26,'STL','St. Louis','Cardinals'),(27,'TB','Tampa Bay','Rays'),(28,'TEX','Texas','Rangers'),(29,'TOR','Toronto','Blue Jays'),(30,'WAS','Washington','Nationals'),(31,'AWC','','AL Wild Card'),(32,'NWC','','NL Wild Card'),(33,'AL1','','AL 1'),(34,'AL2','','AL 2'),(35,'NL1','','NL 1'),(36,'NL2','','NL 2'),(37,'ALC','','AL Champion'),(38,'NLC','','NL Champion');
/*!40000 ALTER TABLE `teams` ENABLE KEYS */;
UNLOCK TABLES;

--
-- Table structure for table `users`
--

DROP TABLE IF EXISTS `users`;
/*!40101 SET @saved_cs_client     = @@character_set_client */;
/*!40101 SET character_set_client = utf8 */;
CREATE TABLE `users` (
  `id` smallint(5) unsigned NOT NULL AUTO_INCREMENT,
  `username` varchar(255) NOT NULL,
  `password` char(128) NOT NULL,
  `first_name` varchar(255) DEFAULT NULL,
  `last_name` varchar(255) DEFAULT NULL,
  `active` tinyint(4) DEFAULT NULL,
  PRIMARY KEY (`id`),
  UNIQUE KEY `username` (`username`)
) ENGINE=InnoDB AUTO_INCREMENT=46 DEFAULT CHARSET=latin1;
/*!40101 SET character_set_client = @saved_cs_client */;

--
-- Dumping data for table `users`
--

LOCK TABLES `users` WRITE;
/*!40000 ALTER TABLE `users` DISABLE KEYS */;
INSERT INTO `users` VALUES (1,'jpnance','77730a82c12e5230ecd7b9590cfcbdc6','Patrick','Nance (\'14)',1),(2,'jeff','b5110e3991f63adf292e6e0ffee86b73','Jeff','Sneden',1),(3,'afeldman','a7c8f01d8b2fedaa0505f15bded1da1c','Andrew','Feldman',0),(4,'bludwiczak','96cbca5c489dd58c094b484a8dce5885','Brett','Ludwiczak (\'10)',1),(5,'dlipman','e0c270ec7f103fe4f0721bd99d88e570','Dave','Lipman',0),(6,'dubilla','a77add86a698ea0861f9769f00a8a1a1','Dan','Ubilla',1),(7,'callgood','fcc562e50ddbb89f8298222dce0211cc','Christian','Allgood',0),(8,'dnims','2e626ca324ed130d0cb6cb8c0914dabe','David','Nims (\'11)',1),(9,'nsloan','db4edd1df65be74b82fcf19e4d20bc62','Nathaniel','Sloan',1),(10,'dschexnayder','e121ce3ff0db8b17d00933fb7f9ac46f','David','Schexnayder',1),(11,'mnaugle','3ebf9732c4d7e4e57f1b3a52ff7a0109','Mark','Naugle',0),(12,'jcarlson','6639886c17dce194cae493b81c123c45','Jamie','Carlson',1),(13,'mmustain','c0b301211c1039f1d474826286ef381a','Mitch','Mustain',0),(14,'tgivens','04a152c84aeb1f4541018e4df581652e','Travis','Givens',0),(15,'mlawrence','8997285e0d9f88259c3f5567955a811e','Matt','Lawrence',1),(16,'wrambo','5b57be7d1d1db6e1ed799d4df49db8aa','Wayne','Rambo',1),(17,'jbeall','81130af8ba6631afa4d6f9ddfdd0595a','Joel','Beall (\'12)',0),(18,'bpauly','6632ec288a80dda50b288cbb8e4e7c12','Brett','Pauly (\'09)',1),(19,'agarcia','a1df6d6bc5235f6fb68968a937158c1b','Anthony','Garcia (\'13)',1),(20,'tzentmeyer','7d3303a4e8dcb9ed1e08f935a1f0a529','Tom','Zentmeyer',0),(21,'nnguyen','e685653ab68408b79d0883a3309fee05','Nam','Nguyen',1),(23,'lzimmermann','06161779d3c5ad67155e7e14cbe04941','Luke','Zimmermann',1),(25,'ngiordano','f25e86236735b721256c454b27d25863','Nick','Giordano',0),(26,'tfries','e0d88741b5f63b2aa152021be18334fd','Tom','Fries (\'16)',1),(27,'akubaryk','7d3bf94bc0ca38a6f7a2bece45d9828d','Adam','Kubaryk',1),(28,'bfries','4933198abbaf0d5d2a6020d282885339','Billy','Fries',0),(29,'jgogliettino','138a33535c918b8524c3b7f7a83743c9','John','Gogliettino',0),(30,'klipscomb','7b5b4aeb82f4864134b19a51e0d9cf8c','Keith','Lipscomb',0),(31,'ksomandar','fd59edeb1d494377da563c3eb6b0ed6f','Keyon','Somandar',1),(32,'pbecquey','8144fb026c1f3cab058fbd3887a36c0f','Pierre','Becquey',1),(33,'tmartell','d2677b17be6b2b791b7e1825753bda36','Tommy','Martell',0),(34,'rhamilton','afa584380ed8f7daeebb9297a827c5f1','Reilly','Hamilton (\'15)',1),(35,'mwalker','1eb57c5609bc0e0b9d964689efd6cece','Mark','Walker',1),(36,'akinchloe','669f0a619a89f993a60350d81b212a86','Anthony','Kinchloe',0),(37,'sashrafulla','c0846f1dd154d79ead26e100febbda27','Syed','Ashrafulla',1),(38,'jmckee','8351282db025fc2222fc61ec8dd1df23','John','McKee',1),(39,'jslack','d1f2d1435e889565bcbeeb8d99844b46','Jeff','Slack',1),(40,'kconnor','a9de772b5db62a137dfd2064a8a7f38e','Kevin','Connor',1),(41,'agonzalez','0e2e4db662fe682a46ba41a2ce398bc7','Anthony','Gonzalez',0),(42,'krickard','2d7afc82b41ee4f28f11b485072a544c','Katie','Rickard',1),(43,'mludwiczak','ef90306848acc8fa43920c8fe3917a33','Mark','Ludwiczak',1),(44,'acampbell','1e3b4a0b9cc91dcc5d1df131239528ec','Andy','Campbell',1),(45,'lhowell','67f41cba78548660ee661311187c71bc','Leo','Howell',1);
/*!40000 ALTER TABLE `users` ENABLE KEYS */;
UNLOCK TABLES;

--
-- Final view structure for view `availabilities`
--

/*!50001 DROP TABLE IF EXISTS `availabilities`*/;
/*!50001 DROP VIEW IF EXISTS `availabilities`*/;
/*!50001 SET @saved_cs_client          = @@character_set_client */;
/*!50001 SET @saved_cs_results         = @@character_set_results */;
/*!50001 SET @saved_col_connection     = @@collation_connection */;
/*!50001 SET character_set_client      = latin1 */;
/*!50001 SET character_set_results     = latin1 */;
/*!50001 SET collation_connection      = latin1_swedish_ci */;
/*!50001 CREATE ALGORITHM=UNDEFINED */
/*!50013 DEFINER=`jpnance`@`localhost` SQL SECURITY DEFINER */
/*!50001 VIEW `availabilities` AS select `users`.`id` AS `user_id`,`players`.`team_id` AS `team_id`,`players`.`id` AS `player_id`,`games`.`id` AS `game_id` from ((`players` join `users`) left join (`picks` join `games` on((`picks`.`game_id` = `games`.`id`))) on(((`players`.`id` = `picks`.`player_id`) and (`users`.`id` = `picks`.`user_id`) and (`players`.`id` = `picks`.`player_id`)))) order by `users`.`id`,`players`.`id` */;
/*!50001 SET character_set_client      = @saved_cs_client */;
/*!50001 SET character_set_results     = @saved_cs_results */;
/*!50001 SET collation_connection      = @saved_col_connection */;
/*!40103 SET TIME_ZONE=@OLD_TIME_ZONE */;

/*!40101 SET SQL_MODE=@OLD_SQL_MODE */;
/*!40014 SET FOREIGN_KEY_CHECKS=@OLD_FOREIGN_KEY_CHECKS */;
/*!40014 SET UNIQUE_CHECKS=@OLD_UNIQUE_CHECKS */;
/*!40101 SET CHARACTER_SET_CLIENT=@OLD_CHARACTER_SET_CLIENT */;
/*!40101 SET CHARACTER_SET_RESULTS=@OLD_CHARACTER_SET_RESULTS */;
/*!40101 SET COLLATION_CONNECTION=@OLD_COLLATION_CONNECTION */;
/*!40111 SET SQL_NOTES=@OLD_SQL_NOTES */;

-- Dump completed on 2017-09-30  2:11:03
