-- MySQL dump 10.13  Distrib 5.5.44, for debian-linux-gnu (i686)
--
-- Host: localhost    Database: pickahit
-- ------------------------------------------------------
-- Server version	5.5.44-0+deb7u1

/*!40101 SET @OLD_CHARACTER_SET_CLIENT=@@CHARACTER_SET_CLIENT */;
/*!40101 SET @OLD_CHARACTER_SET_RESULTS=@@CHARACTER_SET_RESULTS */;
/*!40101 SET @OLD_COLLATION_CONNECTION=@@COLLATION_CONNECTION */;
/*!40101 SET NAMES utf8 */;
/*!40103 SET @OLD_TIME_ZONE=@@TIME_ZONE */;
/*!40103 SET TIME_ZONE='+00:00' */;
/*!40014 SET @OLD_UNIQUE_CHECKS=@@UNIQUE_CHECKS, UNIQUE_CHECKS=0 */;
/*!40014 SET @OLD_FOREIGN_KEY_CHECKS=@@FOREIGN_KEY_CHECKS, FOREIGN_KEY_CHECKS=0 */;
/*!40101 SET @OLD_SQL_MODE=@@SQL_MODE, SQL_MODE='NO_AUTO_VALUE_ON_ZERO' */;
/*!40111 SET @OLD_SQL_NOTES=@@SQL_NOTES, SQL_NOTES=0 */;

--
-- Table structure for table `appearances`
--

DROP TABLE IF EXISTS `appearances`;
/*!40101 SET @saved_cs_client     = @@character_set_client */;
/*!40101 SET character_set_client = utf8 */;
CREATE TABLE `appearances` (
  `id` smallint(5) unsigned NOT NULL AUTO_INCREMENT,
  `game_id` smallint(5) unsigned DEFAULT NULL,
  `player_id` mediumint(8) unsigned DEFAULT NULL,
  `hits` smallint(6) DEFAULT '0',
  PRIMARY KEY (`id`),
  KEY `game_id` (`game_id`),
  KEY `player_id` (`player_id`),
  CONSTRAINT `appearances_ibfk_1` FOREIGN KEY (`game_id`) REFERENCES `games` (`id`) ON UPDATE CASCADE,
  CONSTRAINT `appearances_ibfk_2` FOREIGN KEY (`player_id`) REFERENCES `players` (`id`) ON UPDATE CASCADE
) ENGINE=InnoDB AUTO_INCREMENT=840 DEFAULT CHARSET=latin1;
/*!40101 SET character_set_client = @saved_cs_client */;

--
-- Dumping data for table `appearances`
--

LOCK TABLES `appearances` WRITE;
/*!40000 ALTER TABLE `appearances` DISABLE KEYS */;
INSERT INTO `appearances` VALUES (1,1,5299,2),(2,1,5860,0),(3,1,28905,2),(4,1,29563,2),(5,1,28844,2),(6,1,30195,2),(7,1,29074,0),(8,1,31032,0),(9,1,30721,0),(10,1,28541,1),(11,1,6428,0),(12,1,30608,1),(13,1,29732,1),(14,1,4946,0),(15,1,29229,2),(16,1,32053,0),(17,1,28951,0),(18,1,29416,2),(19,1,30993,3),(20,1,6396,2),(21,1,33632,0),(22,1,31116,1),(23,1,28636,0),(24,1,31127,1),(25,1,5339,2),(26,1,29999,1),(27,1,6024,1),(28,1,30461,0),(29,2,28661,0),(30,2,32087,3),(31,2,30112,2),(32,2,29212,2),(33,2,28603,0),(34,2,28687,1),(35,2,30901,2),(36,2,30469,1),(37,2,6509,0),(38,2,32011,0),(39,2,29949,0),(40,2,30934,2),(41,2,30687,0),(42,2,28701,0),(43,2,6390,1),(44,2,30830,1),(45,2,29590,0),(46,2,29270,0),(47,2,29189,0),(48,2,31556,0),(49,2,33073,0),(50,2,33634,0),(51,2,30601,0),(52,2,29446,0),(53,2,6401,0),(54,2,31026,0),(55,2,29469,0),(56,3,29229,1),(57,3,32053,1),(58,3,30461,0),(59,3,29416,0),(60,3,30993,0),(61,3,6396,0),(62,3,33632,0),(63,3,28636,1),(64,3,31127,0),(65,3,5339,0),(66,3,29999,1),(67,3,31413,2),(68,3,30836,0),(69,3,4574,0),(70,3,6524,0),(71,3,29694,1),(72,3,30117,0),(73,3,6522,0),(74,3,4652,0),(75,3,32155,0),(76,3,28561,1),(77,8,6197,1),(78,8,3723,0),(79,8,5544,1),(80,8,5007,1),(81,8,31065,1),(82,8,30115,1),(83,8,31187,0),(84,8,29330,2),(85,8,28545,1),(86,8,29008,0),(87,8,6478,2),(88,8,28728,2),(89,8,28513,0),(90,8,6242,2),(91,8,28886,2),(92,8,5908,1),(93,8,30728,1),(94,8,29180,0),(95,8,31988,2),(96,9,6197,0),(97,9,3723,2),(98,9,5544,3),(99,9,5007,2),(100,9,31065,1),(101,9,31187,1),(102,9,28730,0),(103,9,30115,0),(104,9,30878,0),(105,9,29330,0),(106,9,28545,1),(107,9,29008,0),(108,9,32367,0),(109,9,6478,1),(110,9,28728,1),(111,9,28513,1),(112,9,6242,2),(113,9,28886,1),(114,9,5908,1),(115,9,30728,0),(116,9,6138,1),(117,9,29180,0),(118,9,30464,0),(119,9,6295,0),(120,9,31988,1),(121,13,28661,1),(122,13,32087,2),(123,13,30112,1),(124,13,29212,1),(125,13,6060,0),(126,13,28687,1),(127,13,30901,2),(128,13,30469,3),(129,13,6509,1),(130,13,33453,0),(131,13,29168,0),(132,13,28603,0),(133,13,5019,0),(134,13,5388,0),(135,13,32589,0),(136,13,5061,0),(137,13,32011,0),(138,13,29087,0),(139,13,32098,1),(140,13,4262,0),(141,13,5879,1),(142,13,29646,0),(143,13,30951,2),(144,13,30173,0),(145,13,28671,1),(146,13,30373,0),(147,13,28915,0),(148,13,28815,1),(149,13,30361,0),(150,13,6389,0),(151,13,5650,0),(152,13,28694,0),(153,13,30621,0),(154,18,31015,2),(155,18,31399,1),(156,18,5940,2),(157,18,5527,1),(158,18,5986,1),(159,18,31359,1),(160,18,30011,0),(161,18,28489,0),(162,18,31945,0),(163,18,29691,2),(164,18,5403,0),(165,18,32075,0),(166,18,32639,0),(167,18,29318,0),(168,18,33158,0),(169,18,31207,0),(170,18,31340,0),(171,18,4440,0),(172,18,30475,0),(173,18,30726,0),(174,18,32574,2),(175,18,5405,1),(176,18,28476,3),(177,18,6195,2),(178,18,5035,2),(179,18,30694,0),(180,18,28689,0),(181,18,29607,0),(182,18,6312,0),(183,18,6135,0),(184,18,4657,1),(185,18,29258,4),(186,18,28963,0),(187,18,6481,1),(188,4,29229,0),(189,4,32053,0),(190,4,30461,0),(191,4,29416,1),(192,4,30993,3),(193,4,6396,0),(194,4,33632,0),(195,4,6024,0),(196,4,28636,1),(197,4,31127,2),(198,4,5339,0),(199,4,29999,1),(200,4,31413,2),(201,4,30836,0),(202,4,4574,1),(203,4,6524,1),(204,4,6522,1),(205,4,29694,0),(206,4,30117,0),(207,4,4652,0),(208,4,32155,1),(209,4,30485,0),(210,4,30337,0),(211,4,28561,0),(212,14,28661,0),(213,14,32087,0),(214,14,30112,3),(215,14,29212,1),(216,14,28687,2),(217,14,30901,1),(218,14,30469,0),(219,14,6509,1),(220,14,5061,0),(221,14,6060,0),(222,14,32062,0),(223,14,6470,0),(224,14,31014,0),(225,14,32589,0),(226,14,4084,0),(227,14,29954,0),(228,14,5388,0),(229,14,33453,0),(230,14,29168,0),(231,14,32011,0),(232,14,29087,0),(233,14,32098,4),(234,14,4262,1),(235,14,5879,0),(236,14,29646,1),(237,14,30951,0),(238,14,30173,1),(239,14,28671,1),(240,14,5650,0),(241,14,33005,0),(242,14,28915,0),(243,14,28815,0),(244,14,30361,0),(245,14,6528,0),(246,14,4600,0),(247,14,31593,0),(248,14,30209,0),(249,14,30534,0),(250,14,28694,0),(251,14,6389,1),(252,14,30621,0),(253,19,31015,2),(254,19,29691,1),(255,19,5940,0),(256,19,31359,0),(257,19,5527,0),(258,19,5986,0),(259,19,32061,1),(260,19,31399,0),(261,19,30820,0),(262,19,33158,0),(263,19,31207,1),(264,19,28489,0),(265,19,30726,1),(266,19,32574,0),(267,19,5405,1),(268,19,28476,2),(269,19,6195,1),(270,19,30791,0),(271,19,5035,0),(272,19,4657,0),(273,19,29258,1),(274,19,5883,2),(275,19,6312,0),(276,19,6135,0),(277,19,29630,0),(278,5,31413,1),(279,5,30836,1),(280,5,4574,1),(281,5,6524,1),(282,5,6522,4),(283,5,29694,0),(284,5,4652,0),(285,5,32155,0),(286,5,28561,0),(287,5,29316,0),(288,5,29229,2),(289,5,32053,3),(290,5,30461,0),(291,5,29416,1),(292,5,30993,1),(293,5,6396,0),(294,5,28636,1),(295,5,31127,0),(296,5,5339,0),(297,5,29999,1),(298,10,6478,0),(299,10,28886,0),(300,10,28513,1),(301,10,6242,2),(302,10,6138,0),(303,10,30528,0),(304,10,5908,1),(305,10,29180,0),(306,10,30728,1),(307,10,31988,0),(308,10,6197,0),(309,10,3723,0),(310,10,5544,0),(311,10,5007,1),(312,10,31065,1),(313,10,30115,1),(314,10,31961,0),(315,10,31187,0),(316,10,29330,0),(317,10,30878,0),(318,10,28730,1),(319,10,28545,0),(320,10,29008,0),(321,15,29087,2),(322,15,32098,2),(323,15,4262,0),(324,15,5879,0),(325,15,29646,1),(326,15,30951,1),(327,15,30173,0),(328,15,28671,1),(329,15,30370,0),(330,15,28694,0),(331,15,28815,0),(332,15,6389,0),(333,15,30534,0),(334,15,28661,0),(335,15,32087,0),(336,15,30112,1),(337,15,29212,2),(338,15,28687,1),(339,15,30901,2),(340,15,30469,0),(341,15,6509,0),(342,15,29949,0),(343,15,33453,0),(344,15,29954,0),(345,15,5061,0),(346,20,30726,1),(347,20,32574,1),(348,20,5405,0),(349,20,28476,0),(350,20,6195,3),(351,20,5035,1),(352,20,4657,0),(353,20,29258,1),(354,20,32582,0),(355,20,30714,0),(356,20,28689,0),(357,20,6135,0),(358,20,6521,0),(359,20,6312,0),(360,20,31015,2),(361,20,31399,1),(362,20,5940,1),(363,20,28489,0),(364,20,31945,0),(365,20,5527,1),(366,20,31359,1),(367,20,5986,2),(368,20,29691,2),(369,20,32061,1),(370,20,5203,0),(371,20,31207,0),(372,20,29318,0),(373,21,30726,1),(374,21,5035,2),(375,21,5405,1),(376,21,28476,1),(377,21,6195,0),(378,21,6481,0),(379,21,4657,1),(380,21,29258,1),(381,21,32574,0),(382,21,28963,1),(383,21,30694,0),(384,21,6135,0),(385,21,29607,0),(386,21,31015,0),(387,21,31399,1),(388,21,5940,1),(389,21,31945,0),(390,21,5527,1),(391,21,31359,1),(392,21,5986,0),(393,21,29691,0),(394,21,32061,0),(395,21,30738,0),(396,21,32639,0),(397,21,30011,0),(398,21,33158,0),(399,21,31207,0),(400,21,28489,0),(401,21,29318,0),(402,16,29087,0),(403,16,32098,0),(404,16,4262,0),(405,16,5879,0),(406,16,29646,1),(407,16,30951,2),(408,16,30173,1),(409,16,28671,0),(410,16,28962,0),(411,16,28815,0),(412,16,31593,0),(413,16,28915,0),(414,16,6389,0),(415,16,5650,0),(416,16,33005,0),(417,16,4600,0),(418,16,28661,1),(419,16,32087,2),(420,16,30112,2),(421,16,28687,1),(422,16,29212,0),(423,16,30901,0),(424,16,30469,2),(425,16,32011,0),(426,16,4514,1),(427,16,5388,0),(428,16,33453,0),(429,16,32589,0),(430,16,29168,0),(431,16,6509,0),(432,16,6060,0),(433,23,29229,1),(434,23,32053,1),(435,23,30461,0),(436,23,29416,2),(437,23,30993,1),(438,23,6396,2),(439,23,28636,3),(440,23,31127,0),(441,23,5339,1),(442,23,29999,1),(443,23,6478,3),(444,23,28728,2),(445,23,28513,1),(446,23,6242,2),(447,23,28886,0),(448,23,5908,1),(449,23,30728,3),(450,23,29180,1),(451,23,30680,0),(452,23,31988,0),(453,23,6138,1),(454,23,30528,0),(455,24,29229,1),(456,24,32053,1),(457,24,30461,0),(458,24,29416,4),(459,24,30993,2),(460,24,6396,1),(461,24,28636,0),(462,24,31127,1),(463,24,5339,1),(464,24,33632,0),(465,24,31116,0),(466,24,29999,2),(467,24,6478,0),(468,24,28728,2),(469,24,28513,2),(470,24,6242,2),(471,24,28886,0),(472,24,5908,0),(473,24,30728,0),(474,24,30464,2),(475,24,31988,1),(476,30,28661,0),(477,30,32087,1),(478,30,30112,1),(479,30,29212,3),(480,30,28687,0),(481,30,30901,1),(482,30,30469,0),(483,30,6509,2),(484,30,32011,0),(485,30,29949,0),(486,30,29168,0),(487,30,6060,0),(488,30,31015,1),(489,30,31399,0),(490,30,5940,0),(491,30,5527,0),(492,30,31359,0),(493,30,5986,1),(494,30,29691,2),(495,30,32061,0),(496,30,5403,0),(497,30,33158,0),(498,30,31340,0),(499,30,4440,0),(500,30,30936,0),(501,30,32639,0),(502,31,28661,2),(503,31,32087,1),(504,31,30112,0),(505,31,29212,1),(506,31,28687,1),(507,31,30901,1),(508,31,30469,0),(509,31,6509,1),(510,31,6300,1),(511,31,29954,0),(512,31,5388,0),(513,31,32589,0),(514,31,32062,1),(515,31,33453,0),(516,31,29168,0),(517,31,5019,0),(518,31,28603,0),(519,31,5061,0),(520,31,32011,1),(521,31,31015,1),(522,31,29691,1),(523,31,5940,0),(524,31,31359,1),(525,31,5527,1),(526,31,5986,1),(527,31,30936,0),(528,31,32061,1),(529,31,31399,1),(530,31,30820,0),(531,31,4440,0),(532,31,31340,0),(533,31,31207,1),(534,31,28489,0),(535,31,31945,0),(536,31,32639,0),(537,32,31015,1),(538,32,29691,3),(539,32,5940,1),(540,32,31359,0),(541,32,5527,1),(542,32,32061,2),(543,32,3948,0),(544,32,31399,1),(545,32,5203,0),(546,32,30475,0),(547,32,33158,0),(548,32,28489,0),(549,32,32639,0),(550,32,29318,0),(551,32,4440,0),(552,32,28661,0),(553,32,32087,0),(554,32,30112,1),(555,32,29212,1),(556,32,28687,1),(557,32,30901,0),(558,32,6509,1),(559,32,5061,0),(560,32,6060,0),(561,32,6300,0),(562,32,5388,0),(563,32,29168,0),(564,32,30469,0),(565,32,4084,1),(566,32,32011,1),(567,25,6478,1),(568,25,28728,0),(569,25,28513,0),(570,25,6242,0),(571,25,28886,1),(572,25,5908,1),(573,25,30728,0),(574,25,29180,0),(575,25,31988,0),(576,25,29229,1),(577,25,32053,1),(578,25,30461,0),(579,25,29416,2),(580,25,30993,2),(581,25,6396,0),(582,25,28636,0),(583,25,31127,0),(584,25,5339,1),(585,25,29999,0),(586,26,6478,1),(587,26,28886,0),(588,26,28513,1),(589,26,6242,0),(590,26,28728,0),(591,26,6138,0),(592,26,5908,1),(593,26,30464,0),(594,26,30728,1),(595,26,31988,0),(596,26,6295,0),(597,26,29229,2),(598,26,32053,0),(599,26,30461,0),(600,26,29416,0),(601,26,30993,1),(602,26,6396,1),(603,26,33632,0),(604,26,28636,0),(605,26,31127,0),(606,26,5339,1),(607,26,29999,0),(608,33,31015,1),(609,33,29691,1),(610,33,5940,3),(611,33,31359,2),(612,33,5527,0),(613,33,32061,2),(614,33,3948,1),(615,33,33158,0),(616,33,32639,0),(617,33,31207,1),(618,33,28489,0),(619,33,31399,0),(620,33,30738,0),(621,33,4440,0),(622,33,31340,0),(623,33,30936,0),(624,33,30475,0),(625,33,28661,1),(626,33,32087,1),(627,33,30112,2),(628,33,29212,1),(629,33,28687,2),(630,33,30901,1),(631,33,6509,0),(632,33,32011,0),(633,33,30469,2),(634,33,4514,0),(635,33,28603,1),(636,33,6470,0),(637,33,33453,0),(638,33,5061,0),(639,33,29954,0),(640,33,5388,0),(641,33,6300,0),(642,33,29168,0),(643,33,6060,0),(644,34,31015,0),(645,34,29691,2),(646,34,5940,1),(647,34,28489,0),(648,34,32640,0),(649,34,5527,0),(650,34,31359,1),(651,34,30475,0),(652,34,31399,1),(653,34,32061,0),(654,34,30936,1),(655,34,5403,0),(656,34,29318,0),(657,34,31207,0),(658,34,28661,2),(659,34,32087,1),(660,34,30112,0),(661,34,29212,2),(662,34,28603,0),(663,34,28687,0),(664,34,30901,0),(665,34,6509,1),(666,34,30469,0),(667,34,29949,0),(668,34,6300,1),(669,34,6060,0),(670,34,5061,0),(671,37,28661,1),(672,37,32087,1),(673,37,30112,1),(674,37,29212,2),(675,37,28687,2),(676,37,30901,1),(677,37,6300,1),(678,37,6509,0),(679,37,32011,0),(680,37,30469,1),(681,37,29229,1),(682,37,32053,0),(683,37,29416,0),(684,37,30993,0),(685,37,6396,1),(686,37,6024,0),(687,37,28636,0),(688,37,31127,1),(689,37,5339,0),(690,37,29999,1),(691,38,28661,1),(692,38,32087,1),(693,38,30112,1),(694,38,29212,1),(695,38,28687,1),(696,38,30901,1),(697,38,6300,1),(698,38,32062,0),(699,38,6509,1),(700,38,30469,1),(701,38,29229,2),(702,38,32053,0),(703,38,30461,0),(704,38,29416,2),(705,38,30993,0),(706,38,6396,2),(707,38,33632,0),(708,38,6024,0),(709,38,28636,0),(710,38,31127,1),(711,38,5339,2),(712,38,29999,1),(713,39,29229,2),(714,39,28636,1),(715,39,29416,0),(716,39,30993,1),(717,39,29999,1),(718,39,5339,0),(719,39,31127,0),(720,39,30461,1),(721,39,5370,0),(722,39,32029,0),(723,39,33633,0),(724,39,28957,0),(725,39,30945,0),(726,39,28661,0),(727,39,32087,0),(728,39,30112,0),(729,39,29212,0),(730,39,28687,1),(731,39,30901,1),(732,39,6509,0),(733,39,32011,0),(734,39,30469,1),(735,39,5061,0),(736,39,6060,0),(737,39,4084,0),(738,39,5388,0),(739,39,6300,1),(740,39,29168,0),(741,39,28603,0),(742,40,29229,1),(743,40,28636,1),(744,40,29416,2),(745,40,30993,3),(746,40,29999,0),(747,40,30995,0),(748,40,5339,1),(749,40,31127,3),(750,40,30461,1),(751,40,6352,0),(752,40,5938,0),(753,40,31114,0),(754,40,32053,0),(755,40,33633,0),(756,40,28951,0),(757,40,28661,2),(758,40,32087,2),(759,40,30112,1),(760,40,28687,3),(761,40,29212,2),(762,40,30901,1),(763,40,32011,1),(764,40,30469,1),(765,40,4514,0),(766,40,29954,0),(767,40,33453,1),(768,40,6470,1),(769,40,28603,1),(770,40,5061,0),(771,40,6300,0),(772,40,29168,0),(773,40,6509,0),(774,40,32589,0),(775,41,29229,0),(776,41,28636,0),(777,41,29416,1),(778,41,30993,1),(779,41,31127,1),(780,41,29999,0),(781,41,5339,1),(782,41,32029,0),(783,41,28957,0),(784,41,30461,0),(785,41,6396,0),(786,41,32053,0),(787,41,28474,0),(788,41,28951,0),(789,41,28661,0),(790,41,32087,1),(791,41,30112,1),(792,41,29212,2),(793,41,28687,2),(794,41,30901,1),(795,41,6509,2),(796,41,32011,1),(797,41,30469,2),(798,41,29949,0),(799,42,28661,0),(800,42,32087,1),(801,42,30112,0),(802,42,32062,0),(803,42,29212,1),(804,42,28603,0),(805,42,28687,1),(806,42,30901,1),(807,42,6300,0),(808,42,6509,0),(809,42,32011,1),(810,42,30469,1),(811,42,33453,0),(812,42,29229,2),(813,42,32053,1),(814,42,30461,0),(815,42,29416,2),(816,42,30993,2),(817,42,6396,1),(818,42,28636,1),(819,42,31127,2),(820,42,29999,2),(821,42,5339,2),(822,43,28661,0),(823,43,32087,0),(824,43,30112,0),(825,43,29212,3),(826,43,28687,2),(827,43,30901,2),(828,43,6300,1),(829,43,30469,0),(830,43,32011,0),(831,43,29229,1),(832,43,32053,0),(833,43,29416,1),(834,43,30993,0),(835,43,6396,1),(836,43,28636,2),(837,43,31127,0),(838,43,29999,0),(839,43,5339,1);
/*!40000 ALTER TABLE `appearances` ENABLE KEYS */;
UNLOCK TABLES;

--
-- Temporary table structure for view `availabilities`
--

DROP TABLE IF EXISTS `availabilities`;
/*!50001 DROP VIEW IF EXISTS `availabilities`*/;
SET @saved_cs_client     = @@character_set_client;
SET character_set_client = utf8;
/*!50001 CREATE TABLE `availabilities` (
  `user_id` tinyint NOT NULL,
  `team_id` tinyint NOT NULL,
  `player_id` tinyint NOT NULL,
  `game_id` tinyint NOT NULL
) ENGINE=MyISAM */;
SET character_set_client = @saved_cs_client;

--
-- Table structure for table `games`
--

DROP TABLE IF EXISTS `games`;
/*!40101 SET @saved_cs_client     = @@character_set_client */;
/*!40101 SET character_set_client = utf8 */;
CREATE TABLE `games` (
  `id` smallint(5) unsigned NOT NULL AUTO_INCREMENT,
  `espn_id` int(10) unsigned DEFAULT NULL,
  `time` datetime DEFAULT NULL,
  `away_team_id` smallint(5) unsigned DEFAULT NULL,
  `home_team_id` smallint(5) unsigned DEFAULT NULL,
  `value` smallint(6) DEFAULT '1',
  `description` varchar(255) DEFAULT NULL,
  `final` smallint(6) DEFAULT '0',
  PRIMARY KEY (`id`),
  KEY `away_team_id` (`away_team_id`),
  KEY `home_team_id` (`home_team_id`),
  CONSTRAINT `games_ibfk_1` FOREIGN KEY (`away_team_id`) REFERENCES `teams` (`id`) ON UPDATE CASCADE,
  CONSTRAINT `games_ibfk_2` FOREIGN KEY (`home_team_id`) REFERENCES `teams` (`id`) ON UPDATE CASCADE
) ENGINE=InnoDB AUTO_INCREMENT=44 DEFAULT CHARSET=latin1;
/*!40101 SET character_set_client = @saved_cs_client */;

--
-- Dumping data for table `games`
--

LOCK TABLES `games` WRITE;
/*!40000 ALTER TABLE `games` DISABLE KEYS */;
INSERT INTO `games` VALUES (1,340930107,'2014-09-30 20:07:00',20,12,1,'AL Wild Card',1),(2,341001123,'2014-10-01 20:00:00',24,22,1,'NL Wild Card',1),(3,341002103,'2014-10-02 21:07:00',12,13,1,'ALDS Game 1',1),(4,341003103,'2014-10-03 21:37:00',12,13,1,'ALDS Game 2',1),(5,341005107,'2014-10-05 19:37:00',13,12,1,'ALDS Game 3',1),(8,341002101,'2014-10-02 17:37:00',10,3,1,'ALDS Game 1',1),(9,341003101,'2014-10-03 12:07:00',10,3,1,'ALDS Game 2',1),(10,341005106,'2014-10-05 15:45:00',3,10,1,'ALDS Game 3',1),(13,341003120,'2014-10-03 15:07:00',24,30,1,'NLDS Game 1',1),(14,341004120,'2014-10-04 17:37:00',24,30,1,'NLDS Game 2',1),(15,341006126,'2014-10-06 17:07:00',30,24,1,'NLDS Game 3',1),(16,341007126,'2014-10-07 21:07:00',30,24,1,'NLDS Game 4',1),(18,341003119,'2014-10-03 18:37:00',26,14,1,'NLDS Game 1',1),(19,341004119,'2014-10-04 21:37:00',26,14,1,'NLDS Game 2',1),(20,341006124,'2014-10-06 21:07:00',14,26,1,'NLDS Game 3',1),(21,341007124,'2014-10-07 17:07:00',14,26,1,'NLDS Game 4',1),(23,341010101,'2014-10-10 20:07:00',12,3,2,'ALCS Game 1',1),(24,341011101,'2014-10-11 16:07:00',12,3,2,'ALCS Game 2',1),(25,341014107,'2014-10-14 20:07:00',3,12,2,'ALCS Game 3',1),(26,341015107,'2014-10-15 16:07:00',3,12,2,'ALCS Game 4',1),(30,341011124,'2014-10-11 20:07:00',24,26,2,'NLCS Game 1',1),(31,341012124,'2014-10-12 20:07:00',24,26,2,'NLCS Game 2',1),(32,341014126,'2014-10-14 16:07:00',26,24,2,'NLCS Game 3',1),(33,341015126,'2014-10-15 20:07:00',26,24,2,'NLCS Game 4',1),(34,341016126,'2014-10-16 20:07:00',26,24,2,'NLCS Game 5',1),(37,341021107,'2014-10-21 20:07:00',24,12,4,'WS Game 1',1),(38,341022107,'2014-10-22 20:07:00',24,12,4,'WS Game 2',1),(39,341024126,'2014-10-24 20:07:00',12,24,4,'WS Game 3',1),(40,341025126,'2014-10-25 20:07:00',12,24,4,'WS Game 4',1),(41,341026126,'2014-10-26 20:07:00',12,24,4,'WS Game 5',1),(42,341028107,'2014-10-28 20:07:00',24,12,4,'WS Game 6',1),(43,341029107,'2014-10-29 20:07:00',24,12,4,'WS Game 7',1);
/*!40000 ALTER TABLE `games` ENABLE KEYS */;
UNLOCK TABLES;

--
-- Table structure for table `picks`
--

DROP TABLE IF EXISTS `picks`;
/*!40101 SET @saved_cs_client     = @@character_set_client */;
/*!40101 SET character_set_client = utf8 */;
CREATE TABLE `picks` (
  `id` smallint(5) unsigned NOT NULL AUTO_INCREMENT,
  `user_id` smallint(5) unsigned DEFAULT NULL,
  `game_id` smallint(5) unsigned DEFAULT NULL,
  `player_id` mediumint(8) unsigned DEFAULT NULL,
  PRIMARY KEY (`id`),
  KEY `user_id` (`user_id`),
  KEY `game_id` (`game_id`),
  KEY `player_id` (`player_id`),
  CONSTRAINT `picks_ibfk_1` FOREIGN KEY (`user_id`) REFERENCES `users` (`id`) ON UPDATE CASCADE,
  CONSTRAINT `picks_ibfk_2` FOREIGN KEY (`game_id`) REFERENCES `games` (`id`) ON UPDATE CASCADE,
  CONSTRAINT `picks_ibfk_3` FOREIGN KEY (`player_id`) REFERENCES `players` (`id`) ON UPDATE CASCADE
) ENGINE=InnoDB AUTO_INCREMENT=515 DEFAULT CHARSET=latin1;
/*!40101 SET character_set_client = @saved_cs_client */;

--
-- Dumping data for table `picks`
--

LOCK TABLES `picks` WRITE;
/*!40000 ALTER TABLE `picks` DISABLE KEYS */;
INSERT INTO `picks` VALUES (1,2,1,30195),(2,2,2,28687),(3,1,1,28905),(4,18,1,29074),(5,18,2,29212),(6,21,1,29229),(7,21,2,30901),(8,21,18,4657),(9,23,1,30993),(10,4,1,30195),(11,22,1,32053),(12,22,2,30112),(13,22,8,31065),(14,22,18,6195),(15,22,9,28513),(16,19,1,32053),(17,12,1,31127),(18,12,2,30934),(19,12,8,28728),(20,12,18,31015),(21,3,1,29563),(22,3,2,30112),(23,10,1,5299),(24,3,8,6478),(25,3,9,31065),(26,3,18,31015),(27,3,19,5986),(28,3,10,5007),(29,24,1,29416),(30,9,1,29563),(31,9,2,30112),(32,25,1,29563),(33,25,2,29590),(34,15,1,30993),(35,15,2,30934),(36,15,8,28513),(37,26,1,32053),(38,18,8,6197),(39,8,1,28636),(40,8,2,30934),(41,6,1,32053),(42,21,8,6197),(43,18,3,29229),(44,21,3,32053),(45,4,2,30934),(46,22,3,29229),(47,1,2,29590),(48,24,2,30901),(49,10,2,29590),(50,25,19,28476),(51,25,18,30726),(52,25,20,5405),(53,25,8,5544),(54,25,9,5007),(55,25,10,3723),(56,25,3,32053),(57,25,4,29229),(58,25,5,28636),(59,23,2,28701),(60,18,18,31015),(61,26,2,28701),(62,6,2,30934),(63,19,2,30112),(64,8,3,29416),(65,8,8,28730),(66,1,8,28728),(67,1,3,32053),(68,18,13,29646),(69,12,3,30993),(70,12,9,28545),(71,12,13,29212),(72,12,4,6522),(73,23,3,28636),(74,23,8,28513),(75,15,3,29416),(76,21,9,5007),(77,21,4,29416),(78,21,5,6524),(79,21,19,31015),(80,21,20,5035),(81,21,10,5544),(82,21,13,29087),(83,2,8,6242),(84,2,3,28636),(85,2,9,6197),(86,2,13,30112),(87,2,18,5405),(88,2,4,30117),(89,10,8,30728),(90,10,3,32053),(91,4,8,6478),(92,4,3,29416),(93,3,3,32053),(94,3,13,29087),(95,3,4,6524),(96,3,14,29646),(97,3,5,6396),(98,24,8,6478),(99,24,3,29378),(100,19,8,5544),(101,19,3,6396),(102,25,13,28687),(103,25,14,30469),(104,26,8,3723),(105,21,14,4262),(106,6,8,3723),(107,9,8,31065),(108,9,3,32053),(109,26,3,29694),(110,8,9,31065),(111,8,13,32087),(112,8,18,5035),(113,8,4,6522),(114,23,9,6478),(115,23,13,30112),(116,23,18,28476),(117,23,4,6396),(118,1,9,3723),(119,18,9,31065),(120,18,4,31413),(121,22,13,29212),(122,22,4,29416),(123,22,14,5879),(124,22,19,5986),(125,22,10,5007),(126,22,5,31413),(127,15,9,6478),(128,15,13,5879),(129,15,18,5527),(130,4,9,6197),(131,4,13,30112),(132,4,18,30726),(133,4,4,29694),(134,10,9,31065),(135,10,13,30901),(136,10,18,5035),(137,10,4,6522),(139,26,9,5007),(140,6,13,29212),(141,6,18,5527),(142,6,4,29694),(143,1,13,28687),(144,26,13,29087),(145,9,13,28687),(146,9,18,5940),(147,9,4,29694),(148,19,18,5986),(149,19,4,4574),(150,1,18,31399),(151,18,10,5544),(152,12,10,3723),(154,21,15,32098),(155,1,4,6522),(156,26,18,5986),(157,24,18,5405),(158,24,4,29694),(159,24,10,5544),(160,15,4,31413),(161,26,4,30993),(162,15,14,29087),(163,15,19,29691),(164,15,10,31065),(165,15,5,6524),(166,9,14,30901),(167,9,19,32574),(168,9,10,5007),(169,9,5,30836),(170,23,14,28687),(171,23,19,5940),(172,12,14,28671),(173,12,19,30726),(174,12,5,4574),(175,1,14,29087),(176,1,19,30726),(177,18,14,32098),(178,18,19,6195),(179,18,5,6524),(180,26,19,30726),(181,26,14,30469),(182,4,14,4262),(183,4,19,31015),(184,19,14,29087),(185,6,14,4262),(186,6,19,4657),(187,24,14,30951),(188,24,19,6195),(189,24,5,4574),(192,10,14,29646),(193,10,19,4657),(194,8,14,28671),(195,8,19,29258),(196,8,10,31187),(197,8,5,31413),(200,25,15,29646),(201,4,10,5007),(202,4,5,6524),(203,1,10,31065),(204,1,5,4652),(205,19,10,6242),(206,19,5,30485),(207,21,21,6481),(208,21,16,29646),(209,26,10,5544),(210,26,5,4574),(211,6,10,6197),(212,6,5,6524),(213,23,5,29229),(214,10,5,4652),(215,18,15,4262),(216,18,20,29691),(217,23,15,30951),(218,23,20,5405),(219,1,15,32098),(220,1,20,31359),(221,12,15,30951),(222,12,20,31359),(223,26,15,4262),(224,26,20,31015),(225,4,15,32098),(226,4,20,5035),(227,8,15,32098),(228,8,20,31399),(229,9,15,32098),(230,9,20,28476),(231,9,21,6195),(232,9,16,30951),(233,15,15,32098),(234,15,20,5035),(235,15,21,29258),(236,15,16,30951),(237,3,15,32098),(238,3,20,5940),(239,3,21,30726),(240,3,16,4262),(241,10,15,32098),(242,10,20,31359),(243,22,15,4262),(244,22,20,29691),(245,25,16,32098),(246,25,21,6195),(247,6,15,29646),(248,6,20,5035),(249,19,20,28476),(250,23,16,29646),(251,23,21,5986),(253,23,23,29999),(254,23,24,6242),(255,18,16,30951),(258,18,21,29258),(259,4,16,29087),(260,4,21,5405),(261,22,16,29646),(262,22,21,5405),(263,1,21,6481),(264,8,21,28476),(265,8,16,30951),(268,8,23,6396),(269,8,24,29229),(270,8,25,28728),(271,8,26,6478),(275,12,21,6195),(276,12,16,29087),(277,10,21,6481),(278,6,21,6195),(279,10,16,28671),(280,26,21,5940),(281,26,16,30112),(282,1,16,29646),(283,1,23,6396),(284,22,23,30993),(285,22,24,6478),(286,22,30,31015),(287,15,23,5908),(288,15,30,31015),(289,21,30,29691),(290,21,23,5908),(291,21,24,6478),(292,15,24,32053),(293,15,31,5986),(294,25,23,5908),(295,25,24,6396),(296,25,30,29212),(297,25,31,30112),(298,18,23,30993),(299,18,30,30901),(300,12,23,6242),(301,12,30,32061),(302,12,24,6478),(303,8,30,32011),(304,8,31,30112),(305,8,32,30469),(306,8,33,29691),(307,8,34,5527),(310,4,23,5908),(311,21,31,31359),(312,21,32,5940),(313,10,23,28636),(314,9,23,30993),(315,9,24,29416),(316,9,30,32087),(317,9,31,31359),(318,9,25,28513),(319,9,32,29691),(320,9,26,5908),(322,6,23,6138),(323,26,23,5908),(324,18,24,30728),(325,4,24,28636),(326,4,30,29691),(327,1,24,6478),(328,1,30,30469),(329,10,24,5908),(330,10,30,30469),(331,26,24,30464),(332,6,24,5908),(333,15,25,28728),(334,23,30,29212),(335,25,25,6242),(336,25,32,30901),(337,26,30,32061),(338,6,30,32087),(339,9,33,31015),(340,18,31,5940),(341,18,25,28513),(342,4,31,30901),(343,26,31,29691),(344,21,25,28728),(345,10,31,29691),(346,10,25,6478),(347,1,31,5527),(348,6,31,29691),(349,22,31,5940),(350,22,25,6242),(351,12,31,5527),(352,15,32,32087),(353,15,26,6138),(354,18,32,6509),(355,4,25,6242),(356,26,25,28513),(357,25,26,6138),(359,25,33,32087),(360,23,25,32053),(361,1,25,28513),(362,15,33,31359),(364,12,25,5908),(365,4,32,3948),(366,22,32,30901),(367,22,26,28886),(368,3,32,29212),(369,3,25,31988),(370,3,26,28636),(371,3,33,29691),(372,3,34,32061),(374,23,32,6509),(375,26,32,6509),(376,1,32,29691),(377,6,25,6478),(378,6,26,28513),(379,6,33,32061),(380,21,26,6138),(381,21,33,30469),(382,23,26,29416),(383,23,33,30901),(384,18,33,32087),(385,18,26,6242),(386,26,26,6478),(387,26,33,3948),(388,4,26,28513),(389,4,33,32061),(390,12,26,28513),(391,12,33,6488),(392,22,33,32061),(393,1,26,6242),(394,10,26,6242),(395,10,33,31015),(396,1,33,28661),(397,9,34,32061),(398,9,37,6509),(399,9,38,28636),(400,9,39,29229),(401,9,40,33632),(402,9,41,29212),(403,9,42,31127),(404,9,43,29999),(407,21,34,31399),(409,6,34,30469),(410,18,34,32061),(411,22,34,31359),(412,12,34,5940),(413,15,34,5940),(415,15,37,6396),(416,15,38,28636),(418,4,34,5940),(419,3,37,30993),(420,26,34,5527),(421,1,34,31015),(422,10,34,5940),(423,18,37,30112),(424,18,38,29416),(425,21,37,28661),(426,10,37,30993),(427,10,38,28687),(428,10,39,29416),(429,10,40,29212),(430,10,41,30112),(431,10,42,6396),(432,10,43,6509),(433,15,39,30112),(434,15,40,28687),(435,15,41,29212),(436,15,42,29229),(437,15,43,30901),(438,6,37,29999),(439,12,37,29416),(440,12,38,30112),(441,12,39,28687),(442,12,40,30901),(443,25,37,28661),(444,25,38,29999),(445,25,39,6509),(446,25,40,5339),(447,18,39,28687),(448,18,40,29999),(449,21,38,28636),(450,21,39,29212),(451,21,40,28687),(452,4,37,6396),(453,22,37,29999),(454,1,37,30901),(455,8,37,28687),(456,8,38,29212),(457,8,39,28661),(458,8,40,30993),(459,8,41,6509),(460,8,42,31127),(461,8,43,6300),(462,26,37,6300),(463,23,37,31127),(464,26,38,6396),(465,21,41,30993),(466,21,42,30112),(467,21,43,32087),(468,4,38,29212),(469,22,38,28636),(470,1,38,29416),(471,23,38,32087),(472,22,39,28661),(473,22,40,28687),(474,22,41,6396),(475,22,42,32087),(476,12,41,6396),(477,22,43,31127),(478,12,42,29229),(479,12,43,6300),(480,6,39,30112),(481,6,40,29416),(482,6,41,30993),(483,6,42,6509),(484,6,43,28636),(485,3,39,28687),(486,3,40,6300),(487,3,41,29229),(488,3,42,29999),(489,3,43,5339),(490,4,39,29229),(491,26,39,28661),(492,1,39,28636),(493,23,39,5339),(494,25,41,6300),(495,25,42,29416),(496,4,40,28687),(497,23,40,30469),(498,1,40,30112),(499,26,40,29212),(500,1,41,29212),(501,18,41,28636),(502,4,41,28661),(503,26,41,28687),(504,25,43,30993),(505,23,41,32011),(506,18,42,5339),(507,18,43,28661),(508,1,42,30993),(509,4,42,5339),(510,26,42,29416),(511,23,43,28661),(512,1,43,29229),(513,4,43,30993),(514,26,43,28636);
/*!40000 ALTER TABLE `picks` ENABLE KEYS */;
UNLOCK TABLES;

--
-- Table structure for table `players`
--

DROP TABLE IF EXISTS `players`;
/*!40101 SET @saved_cs_client     = @@character_set_client */;
/*!40101 SET character_set_client = utf8 */;
CREATE TABLE `players` (
  `id` mediumint(8) unsigned NOT NULL,
  `team_id` smallint(5) unsigned DEFAULT NULL,
  `name` varchar(255) DEFAULT NULL,
  `position` varchar(2) DEFAULT NULL,
  `bats` char(1) DEFAULT NULL,
  `throws` char(1) DEFAULT NULL,
  PRIMARY KEY (`id`),
  KEY `team_id` (`team_id`),
  CONSTRAINT `players_ibfk_1` FOREIGN KEY (`team_id`) REFERENCES `teams` (`id`) ON UPDATE CASCADE
) ENGINE=InnoDB DEFAULT CHARSET=latin1;
/*!40101 SET character_set_client = @saved_cs_client */;

--
-- Dumping data for table `players`
--

LOCK TABLES `players` WRITE;
/*!40000 ALTER TABLE `players` DISABLE KEYS */;
INSERT INTO `players` VALUES (3176,9,'LaTroy Hawkins','RP','R','R'),(3226,8,'Jason Giambi','DH','L','R'),(3246,19,'Derek Jeter','SS','R','R'),(3489,14,'Jamey Wright','RP','R','R'),(3504,12,'Raul Ibanez','RF','L','R'),(3537,18,'Bobby Abreu','RF','L','R'),(3602,18,'Bartolo Colon','SP','R','R'),(3723,10,'Torii Hunter','RF','R','R'),(3747,6,'Paul Konerko','DH','R','R'),(3748,4,'David Ortiz','DH','L','L'),(3853,16,'Aramis Ramirez','3B','R','R'),(3878,28,'Adrian Beltre','3B','R','R'),(3948,26,'A.J. Pierzynski','C','L','R'),(3971,19,'Carlos Beltran','DH','B','R'),(4044,10,'Joe Nathan','RP','R','R'),(4084,24,'Tim Hudson','SP','R','R'),(4108,13,'John McDonald','3B','R','R'),(4115,15,'Brad Penny','SP','R','R'),(4153,21,'A.J. Burnett','SP','R','R'),(4163,18,'Buddy Carlyle','RP','L','R'),(4169,27,'Jose Molina','C','R','R'),(4258,21,'Jimmy Rollins','SS','B','R'),(4262,30,'Jayson Werth','RF','R','R'),(4286,12,'Scott Downs','RP','L','L'),(4350,13,'Jason Grilli','RP','R','R'),(4440,26,'Randy Choate','RP','L','L'),(4454,29,'Mark Buehrle','SP','L','L'),(4514,24,'Ryan Vogelsong','SP','R','R'),(4570,19,'Ichiro Suzuki','RF','L','R'),(4574,13,'Albert Pujols','1B','R','R'),(4588,23,'Joaquin Benoit','RP','R','R'),(4598,16,'Lyle Overbay','1B','L','L'),(4600,30,'Rafael Soriano','RP','R','R'),(4604,9,'Michael Cuddyer','RF','R','R'),(4632,25,'Joe Beimel','RP','L','L'),(4652,13,'Josh Hamilton','LF','L','L'),(4657,14,'Juan Uribe','3B','R','R'),(4695,29,'R.A. Dickey','SP','R','R'),(4727,25,'Endy Chavez','RF','L','L'),(4755,8,'Scott Atchison','RP','R','R'),(4789,16,'Kyle Lohse','SP','R','R'),(4808,20,'Adam Dunn','DH','L','R'),(4811,27,'Grant Balfour','RP','R','R'),(4937,19,'Mark Teixeira','1B','B','R'),(4946,20,'Nick Punto','2B','B','R'),(5007,10,'Victor Martinez','DH','B','R'),(5019,24,'Jake Peavy','SP','R','R'),(5026,21,'Jerome Williams','SP','R','R'),(5031,7,'Brandon Phillips','2B','R','R'),(5033,21,'Marlon Byrd','RF','R','R'),(5035,14,'Carl Crawford','LF','L','L'),(5036,7,'Ryan Ludwick','LF','R','L'),(5061,24,'Jeremy Affeldt','RP','L','L'),(5067,28,'Colby Lewis','SP','R','R'),(5086,26,'Mark Ellis','2B','R','R'),(5111,25,'Fernando Rodney','RP','R','R'),(5178,7,'Ramon Santiago','3B','B','R'),(5181,2,'Aaron Harang','SP','R','R'),(5192,1,'Oliver Perez','RP','L','L'),(5203,26,'John Lackey','SP','R','R'),(5206,4,'David Ross','C','R','R'),(5219,21,'Wil Nieves','C','R','R'),(5299,20,'Coco Crisp','CF','B','R'),(5339,12,'Omar Infante','2B','R','R'),(5357,16,'Francisco Rodriguez','RP','R','R'),(5370,12,'Jeremy Guthrie','SP','R','R'),(5371,15,'Jeff Baker','1B','R','R'),(5378,17,'Joe Mauer','1B','L','R'),(5379,9,'Justin Morneau','1B','L','R'),(5383,21,'Chase Utley','2B','L','R'),(5388,24,'Javier Lopez','RP','L','L'),(5401,30,'Scott Hairston','LF','R','R'),(5403,26,'Adam Wainwright','SP','R','R'),(5404,1,'Cody Ross','LF','R','L'),(5405,14,'Adrian Gonzalez','1B','L','L'),(5407,13,'John Buck','C','R','R'),(5411,29,'Jose Reyes','SS','B','R'),(5452,15,'Reed Johnson','LF','R','R'),(5465,2,'Gerald Laird','C','R','R'),(5469,19,'Chris Capuano','SP','L','L'),(5527,26,'Jhonny Peralta','SS','R','R'),(5544,10,'Miguel Cabrera','1B','R','R'),(5565,14,'Dan Haren','SP','R','R'),(5580,14,'Kevin Correia','SP','R','R'),(5644,28,'Neal Cotts','RP','L','L'),(5650,30,'Matt Thornton','RP','L','L'),(5652,16,'Rickie Weeks','2B','R','R'),(5794,25,'Humberto Quintero','C','R','R'),(5798,22,'Clint Barmes','SS','R','R'),(5799,27,'David DeJesus','DH','L','L'),(5829,9,'Matt Belisle','RP','R','R'),(5842,5,'Edwin Jackson','SP','R','R'),(5860,20,'Jonny Gomes','LF','R','R'),(5879,30,'Adam LaRoche','1B','L','L'),(5880,28,'Alex Rios','RF','R','R'),(5882,21,'Grady Sizemore','LF','L','L'),(5883,14,'Zack Greinke','SP','R','R'),(5890,29,'Jose Bautista','RF','R','R'),(5901,24,'Guillermo Quiroz','C','R','R'),(5902,29,'Dioner Navarro','C','B','R'),(5904,29,'Edwin Encarnacion','1B','R','R'),(5906,9,'Jorge De La Rosa','SP','L','L'),(5908,3,'J.J. Hardy','SS','R','R'),(5917,20,'Scott Kazmir','SP','L','L'),(5919,29,'Dustin McGowan','RP','R','R'),(5921,15,'Jeff Mathis','C','R','R'),(5938,12,'Jason Frasor','RP','R','R'),(5940,26,'Matt Holliday','LF','R','R'),(5943,21,'Andres Blanco','SS','B','R'),(5969,21,'Mike Adams','RP','R','R'),(5970,2,'B.J. Upton','CF','R','R'),(5973,25,'Corey Hart','DH','R','R'),(5986,26,'Yadier Molina','C','R','R'),(6024,12,'Josh Willingham','LF','R','R'),(6034,11,'Chad Qualls','RP','R','R'),(6035,18,'David Wright','3B','R','R'),(6060,24,'Santiago Casilla','RP','R','R'),(6073,25,'Chris Young','SP','R','R'),(6096,29,'Dan Johnson','1B','L','R'),(6097,21,'Ryan Howard','1B','L','L'),(6124,8,'Ryan Raburn','DH','R','R'),(6125,18,'Curtis Granderson','RF','L','R'),(6128,23,'Rene Rivera','C','R','R'),(6135,14,'Brandon League','RP','R','R'),(6138,3,'Delmon Young','DH','R','R'),(6175,13,'Huston Street','RP','R','R'),(6188,25,'Kendrys Morales','DH','B','R'),(6190,1,'Aaron Hill','2B','R','R'),(6191,19,'Brandon McCarthy','SP','R','R'),(6194,25,'Felix Hernandez','SP','R','R'),(6195,14,'Hanley Ramirez','SS','R','R'),(6197,10,'Ian Kinsler','2B','R','R'),(6204,25,'Robinson Cano','2B','L','R'),(6207,23,'Tim Stauffer','RP','R','R'),(6211,22,'Francisco Liriano','SP','L','L'),(6216,21,'Cole Hamels','SP','L','L'),(6219,16,'Zach Duke','RP','L','L'),(6242,3,'Nelson Cruz','DH','R','R'),(6261,28,'Scott Baker','RP','R','R'),(6280,2,'Ervin Santana','SP','R','R'),(6285,7,'Brayan Pena','1B','B','R'),(6287,27,'Joel Peralta','RP','R','R'),(6295,3,'Kelly Johnson','3B','L','R'),(6298,19,'Stephen Drew','2B','L','R'),(6300,24,'Michael Morse','LF','R','R'),(6304,2,'Ryan Doumit','LF','B','R'),(6307,7,'Skip Schumaker','LF','L','R'),(6309,19,'Brian McCann','C','L','R'),(6311,13,'C.J. Wilson','SP','L','L'),(6312,14,'J.P. Howell','RP','L','L'),(6316,23,'Blaine Boyer','RP','R','R'),(6321,19,'Rich Hill','RP','L','L'),(6341,10,'Justin Verlander','SP','R','R'),(6352,12,'Jason Vargas','SP','L','L'),(6353,18,'Dana Eveland','RP','L','L'),(6356,14,'Roberto Hernandez','SP','R','R'),(6365,4,'Craig Breslow','RP','L','L'),(6370,16,'Jonathan Broxton','RP','R','R'),(6373,21,'Jonathan Papelbon','RP','R','R'),(6383,3,'Joe Saunders','SP','L','L'),(6384,11,'Scott Feldman','SP','L','R'),(6389,30,'Ryan Zimmerman','LF','R','R'),(6390,22,'Russell Martin','C','R','R'),(6393,4,'Dustin Pedroia','2B','R','R'),(6396,12,'Billy Butler','DH','R','R'),(6401,22,'Edinson Volquez','SP','R','R'),(6428,20,'Geovany Soto','C','R','R'),(6431,25,'Chris Denorfia','RF','R','R'),(6449,16,'Tom Gorzelanny','RP','L','L'),(6455,23,'Cameron Maybin','CF','R','R'),(6470,24,'Yusmeiro Petit','RP','R','R'),(6478,3,'Nick Markakis','RF','L','L'),(6479,13,'Jered Weaver','SP','R','R'),(6480,20,'Jason Hammel','SP','R','R'),(6481,14,'Andre Ethier','CF','L','L'),(6482,17,'Glen Perkins','RP','L','L'),(6488,24,'Angel Pagan','CF','B','R'),(6491,17,'Ricky Nolasco','SP','R','R'),(6497,27,'James Loney','1B','L','L'),(6509,24,'Travis Ishikawa','1B','L','L'),(6514,19,'Chris Young','LF','R','R'),(6521,14,'Brian Wilson','RP','R','R'),(6522,13,'Erick Aybar','SS','B','R'),(6524,13,'Howie Kendrick','2B','R','R'),(6526,29,'Casey Janssen','RP','R','R'),(6528,30,'Kevin Frandsen','LF','R','R'),(28444,4,'Mike Napoli','1B','R','R'),(28447,21,'Carlos Ruiz','C','R','R'),(28466,5,'Carlos Villanueva','RP','R','R'),(28468,7,'Jack Hannahan','3B','L','R'),(28474,12,'James Shields','SP','R','R'),(28476,14,'Matt Kemp','LF','R','R'),(28487,20,'Jon Lester','SP','L','L'),(28489,26,'Pat Neshek','RP','B','R'),(28498,11,'Jose Veras','RP','R','R'),(28501,4,'Edward Mujica','RP','R','R'),(28505,9,'Nick Masset','RP','R','R'),(28508,6,'John Danks','SP','L','L'),(28513,3,'Adam Jones','CF','R','R'),(28516,21,'Tony Gwynn','CF','L','R'),(28528,16,'Matt Garza','SP','R','R'),(28531,10,'Jim Johnson','RP','R','R'),(28535,8,'Michael Bourn','CF','L','R'),(28536,27,'Ben Zobrist','2B','B','R'),(28541,20,'Alberto Callaspo','2B','B','R'),(28545,10,'Rajai Davis','LF','R','R'),(28549,20,'Eric O\'Flaherty','RP','L','L'),(28561,13,'Chris Iannetta','C','R','R'),(28563,3,'Andrew Miller','RP','L','L'),(28575,3,'Alexi Casilla','3B','B','R'),(28577,22,'Chris Stewart','C','R','R'),(28579,29,'Adam Lind','DH','L','L'),(28582,8,'David Murphy','RF','L','L'),(28586,1,'Miguel Montero','C','L','R'),(28591,23,'Eric Stults','SP','L','L'),(28603,24,'Joaquin Arias','3B','R','R'),(28612,21,'Cesar Jimenez','RP','L','L'),(28625,3,'Ubaldo Jimenez','SP','R','R'),(28631,18,'Daisuke Matsuzaka','RP','R','R'),(28635,13,'Yoslan Herrera','RP','R','R'),(28636,12,'Alex Gordon','LF','L','R'),(28637,19,'Jacoby Ellsbury','CF','L','L'),(28638,17,'Phil Hughes','SP','R','R'),(28639,27,'Evan Longoria','3B','R','R'),(28650,16,'Yovani Gallardo','SP','R','R'),(28661,24,'Gregor Blanco','CF','L','L'),(28662,27,'Yunel Escobar','SS','R','R'),(28663,15,'Jarrod Saltalamacchia','C','B','R'),(28665,29,'George Kottaras','C','L','R'),(28671,30,'Asdrubal Cabrera','2B','B','R'),(28673,11,'Tony Sipp','RP','L','L'),(28675,9,'Franklin Morales','SP','L','L'),(28682,6,'Matt Lindstrom','RP','R','R'),(28687,24,'Hunter Pence','RF','R','R'),(28688,10,'Joakim Soria','RP','R','R'),(28689,14,'Scott Elbert','RP','L','L'),(28694,30,'Tyler Clippard','RP','R','R'),(28699,7,'Alfredo Simon','SP','R','R'),(28701,22,'Andrew McCutchen','CF','R','R'),(28705,24,'Tim Lincecum','SP','L','R'),(28721,16,'Ryan Braun','RF','R','R'),(28728,3,'Alejandro De Aza','LF','L','L'),(28729,13,'Joe Smith','RP','R','R'),(28730,10,'Don Kelly','3B','L','R'),(28733,17,'Jared Burton','RP','R','R'),(28734,29,'Brandon Morrow','SP','R','R'),(28762,16,'Carlos Gomez','CF','R','R'),(28763,15,'Garrett Jones','1B','L','L'),(28772,16,'Mark Reynolds','1B','R','R'),(28789,19,'Brendan Ryan','SS','R','R'),(28802,17,'Kurt Suzuki','C','R','R'),(28804,21,'Kyle Kendrick','SP','R','R'),(28809,19,'Chase Headley','3B','B','R'),(28815,30,'Nate Schierholtz','RF','L','R'),(28817,29,'J.A. Happ','SP','L','L'),(28827,7,'Manny Parra','RP','L','L'),(28836,13,'Joe Thatcher','RP','L','L'),(28841,2,'Justin Upton','LF','R','R'),(28844,20,'Brandon Moss','1B','L','R'),(28847,10,'Joba Chamberlain','RP','R','R'),(28855,4,'Clay Buchholz','SP','L','R'),(28857,24,'Juan Gutierrez','RP','R','R'),(28864,23,'Ian Kennedy','SP','R','R'),(28877,2,'Emilio Bonifacio','CF','B','R'),(28886,3,'Steve Pearce','1B','R','R'),(28895,30,'Ross Detwiler','RP','R','L'),(28899,27,'Ryan Hanigan','C','R','R'),(28905,20,'Sam Fuld','CF','L','L'),(28915,30,'Jerry Blevins','RP','L','L'),(28920,23,'Seth Smith','LF','L','L'),(28934,3,'Evan Meek','RP','R','R'),(28940,5,'Wesley Wright','RP','R','L'),(28950,19,'Hiroki Kuroda','SP','R','R'),(28951,12,'Jayson Nix','3B','R','R'),(28952,6,'Alexei Ramirez','SS','R','R'),(28954,7,'Jay Bruce','RF','L','L'),(28955,7,'Johnny Cueto','SP','R','R'),(28957,12,'Wade Davis','RP','R','R'),(28958,10,'David Price','SP','L','L'),(28959,27,'Jake McGee','RP','L','L'),(28960,17,'Brian Duensing','RP','L','L'),(28962,30,'Gio Gonzalez','SP','R','L'),(28963,14,'Clayton Kershaw','SP','L','L'),(28968,8,'Carlos Carrasco','RP','R','R'),(28971,17,'Jordan Schafer','LF','L','L'),(28973,29,'Colby Rasmus','CF','L','L'),(28974,1,'Nolan Reimold','RF','R','R'),(28976,10,'Max Scherzer','SP','R','R'),(28977,26,'Justin Masterson','SP','R','R'),(29008,10,'Ezequiel Carrera','CF','L','L'),(29074,20,'Jed Lowrie','SS','B','R'),(29081,3,'Darren O\'Day','RP','R','R'),(29087,30,'Denard Span','CF','L','L'),(29090,4,'Burke Badenhop','RP','R','R'),(29105,27,'Sean Rodriguez','2B','R','R'),(29115,1,'Bobby Wilson','C','R','R'),(29124,27,'Matt Joyce','LF','L','R'),(29134,14,'Chris Perez','RP','R','R'),(29136,11,'Gregorio Petit','2B','R','R'),(29145,8,'Mike Aviles','3B','R','R'),(29147,1,'Brad Ziegler','RP','R','R'),(29159,17,'Doug Bernier','2B','R','R'),(29166,20,'Jeff Samardzija','SP','R','R'),(29168,24,'Sergio Romo','RP','R','R'),(29170,3,'Chris Davis','1B','L','R'),(29172,19,'David Robertson','RP','R','R'),(29173,14,'Roger Bernadina','LF','L','L'),(29174,19,'Brett Gardner','LF','L','L'),(29180,3,'Nick Hundley','C','R','R'),(29183,5,'John Baker','C','L','R'),(29189,22,'Travis Snider','RF','L','L'),(29198,3,'Tommy Hunter','RP','R','R'),(29200,18,'Daniel Murphy','2B','L','R'),(29202,12,'Francisley Bueno','RP','L','L'),(29206,28,'Adam Rosales','SS','R','R'),(29210,1,'Cliff Pennington','SS','B','R'),(29212,24,'Pablo Sandoval','3B','B','R'),(29215,16,'Marco Estrada','SP','R','R'),(29219,18,'Jonathon Niese','SP','L','L'),(29220,20,'Jesse Chavez','SP','R','R'),(29224,23,'Will Venable','RF','L','L'),(29229,12,'Alcides Escobar','SS','R','R'),(29235,10,'Phil Coke','RP','L','L'),(29238,13,'Wade LeBlanc','RP','L','L'),(29245,15,'Casey McGehee','3B','R','R'),(29246,5,'Luis Valbuena','3B','L','R'),(29252,11,'Dexter Fowler','CF','B','R'),(29256,26,'Jason Motte','RP','R','R'),(29258,14,'A.J. Ellis','C','R','R'),(29262,7,'Jason Bourgeois','CF','R','R'),(29263,6,'Conor Gillaspie','3B','L','R'),(29265,13,'Kevin Jepsen','RP','R','R'),(29270,22,'Gaby Sanchez','1B','R','R'),(29273,19,'Francisco Cervelli','C','R','R'),(29307,7,'Kris Negron','2B','R','R'),(29310,3,'Miguel Gonzalez','SP','R','R'),(29316,13,'Hank Conger','C','B','R'),(29318,26,'Peter Bourjos','CF','R','R'),(29322,1,'Mark Trumbo','LF','R','R'),(29323,2,'Jordan Walden','RP','R','R'),(29326,20,'Fernando Rodriguez','RP','R','R'),(29330,10,'Andrew Romine','SS','B','R'),(29334,21,'Sean O\'Sullivan','SP','R','R'),(29347,18,'Carlos Torres','RP','R','R'),(29361,8,'Chris Gimenez','C','R','R'),(29367,2,'Jose Constanza','LF','L','L'),(29376,17,'Casey Fien','RP','R','R'),(29378,13,'Brennan Boesch','RF','L','L'),(29412,11,'Carlos Corporan','C','B','R'),(29416,12,'Lorenzo Cain','CF','R','R'),(29422,28,'Guilder Rodriguez','SS','B','R'),(29436,14,'Drew Butera','C','R','R'),(29437,29,'Steve Tolleson','2B','R','R'),(29439,29,'Danny Valencia','3B','R','R'),(29441,17,'Trevor Plouffe','3B','R','R'),(29446,22,'Mark Melancon','RP','R','R'),(29453,25,'Austin Jackson','CF','R','R'),(29469,22,'Jose Tabata','RF','R','R'),(29470,19,'Austin Romine','C','R','R'),(29486,11,'Chris Carter','DH','R','R'),(29488,8,'Justin Sellers','SS','R','R'),(29490,18,'Anthony Recker','C','R','R'),(29491,23,'Adam Moore','C','R','R'),(29505,25,'Michael Saunders','RF','L','R'),(29515,28,'Elvis Andrus','SS','R','R'),(29524,12,'Erik Kratz','C','R','R'),(29537,28,'J.P. Arencibia','1B','R','R'),(29551,2,'Jason Heyward','RF','L','L'),(29563,20,'Josh Donaldson','3B','R','R'),(29564,5,'Welington Castillo','C','R','R'),(29567,14,'Darwin Barney','2B','R','R'),(29590,22,'Neil Walker','2B','B','R'),(29601,29,'Juan Francisco','3B','L','R'),(29607,14,'Justin Turner','3B','R','R'),(29611,9,'Drew Stubbs','CF','R','R'),(29616,2,'Chris Johnson','3B','R','R'),(29630,14,'Kenley Jansen','RP','B','R'),(29646,30,'Ian Desmond','SS','R','R'),(29661,18,'Ruben Tejada','SS','R','R'),(29669,1,'Tuffy Gosewisch','C','R','R'),(29670,21,'Freddy Galvis','3B','B','R'),(29673,21,'Domonic Brown','LF','L','L'),(29680,6,'Ronald Belisario','RP','R','R'),(29683,11,'Alex Presley','LF','L','L'),(29691,26,'Jon Jay','CF','L','L'),(29694,13,'David Freese','3B','R','R'),(29697,20,'Bryan Anderson','C','L','R'),(29698,2,'David Carpenter','RP','R','R'),(29703,15,'Donovan Solano','2B','R','R'),(29706,16,'Matt Pagnozzi','C','R','R'),(29710,30,'Jose Lobaton','C','B','R'),(29727,7,'Dylan Axelrod','SP','R','R'),(29732,20,'Eric Sogard','2B','L','R'),(29734,27,'Cesar Ramos','RP','L','L'),(29745,9,'Jackson Williams','C','R','R'),(29759,18,'Eric Young Jr.','LF','B','R'),(29763,5,'Pedro Strop','RP','R','R'),(29772,5,'Chris Coghlan','LF','L','R'),(29775,17,'Aaron Thompson','SP','L','L'),(29794,9,'Brooks Brown','RP','L','R'),(29807,16,'Gerardo Parra','LF','L','L'),(29817,23,'Dale Thayer','RP','R','R'),(29839,7,'Jumbo Diaz','RP','R','R'),(29938,3,'Brian Matusz','RP','L','L'),(29942,5,'Neil Ramirez','RP','R','R'),(29949,24,'Madison Bumgarner','SP','R','L'),(29950,7,'Devin Mesoraco','C','R','R'),(29951,18,'Travis d\'Arnaud','C','R','R'),(29954,24,'Jean Machi','RP','R','R'),(29955,9,'Charlie Culberson','3B','R','R'),(29962,22,'Pedro Alvarez','3B','L','R'),(29963,11,'Matt Dominguez','3B','R','R'),(29966,10,'Rick Porcello','SP','R','R'),(29976,21,'Ben Revere','CF','L','R'),(29992,8,'Nick Hagadone','RP','L','L'),(29999,12,'Mike Moustakas','3B','L','R'),(30004,7,'Todd Frazier','3B','R','R'),(30008,19,'Esmil Rogers','RP','R','R'),(30011,26,'Pete Kozma','SS','R','R'),(30019,28,'Jim Adduci','LF','L','L'),(30032,3,'Ryan Webb','RP','R','R'),(30035,4,'Jemile Weeks','2B','B','R'),(30042,29,'John Mayberry Jr.','1B','R','R'),(30043,8,'Michael Brantley','LF','L','L'),(30054,1,'Trevor Cahill','RP','R','R'),(30066,5,'Felix Doubront','SP','L','L'),(30067,16,'Alfredo Figaro','RP','R','R'),(30076,11,'Samuel Deduno','RP','R','R'),(30078,16,'Hector Gomez','SS','R','R'),(30081,15,'Mike Dunn','RP','L','L'),(30082,29,'Todd Redmond','RP','R','R'),(30089,5,'Hector Rondon','RP','R','R'),(30095,4,'Junichi Tazawa','RP','R','R'),(30099,23,'Tyson Ross','SP','R','R'),(30103,6,'Dayan Viciedo','RF','R','R'),(30105,21,'Antonio Bastardo','RP','L','L'),(30108,11,'Jesus Guzman','1B','R','R'),(30112,24,'Buster Posey','C','R','R'),(30115,10,'Alex Avila','C','L','R'),(30117,13,'Gordon Beckham','2B','R','R'),(30121,2,'Ramiro Pena','2B','B','R'),(30127,19,'David Huff','RP','B','L'),(30130,4,'Koji Uehara','RP','R','R'),(30134,23,'Andrew Cashner','SP','R','R'),(30135,3,'Steve Clevenger','C','L','R'),(30139,18,'Dillon Gee','SP','R','R'),(30145,5,'Jake Arrieta','SP','R','R'),(30148,28,'Derek Holland','SP','B','L'),(30149,28,'Neftali Feliz','RP','R','R'),(30153,17,'Anthony Swarzak','RP','R','R'),(30157,6,'Tyler Flowers','C','R','R'),(30171,7,'Sam LeCure','RP','R','R'),(30173,30,'Wilson Ramos','C','R','R'),(30175,25,'Justin Smoak','1B','B','L'),(30178,11,'Jason Castro','C','L','R'),(30188,29,'Josh Thole','C','L','R'),(30193,2,'Freddie Freeman','1B','L','R'),(30195,20,'Josh Reddick','RF','L','R'),(30196,7,'Mat Latos','SP','R','R'),(30197,9,'Wilin Rosario','C','R','R'),(30209,30,'Jordan Zimmermann','SP','R','R'),(30213,11,'Josh Fields','RP','R','R'),(30218,18,'Kirk Nieuwenhuis','LF','L','R'),(30228,17,'Chris Parmelee','RF','L','L'),(30247,16,'Logan Schafer','RF','L','L'),(30249,19,'Zelous Wheeler','3B','R','R'),(30258,19,'Shawn Kelley','RP','R','R'),(30267,20,'Craig Gentry','CF','R','R'),(30272,17,'Eduardo Escobar','SS','B','R'),(30276,20,'Luke Gregerson','RP','L','R'),(30280,8,'Carlos Santana','1B','B','R'),(30283,20,'Sean Doolittle','RP','L','L'),(30285,3,'Chris Tillman','SP','R','R'),(30289,16,'Martin Maldonado','C','R','R'),(30290,17,'Eduardo Nunez','SS','R','R'),(30296,29,'Brett Cecil','RP','R','L'),(30298,5,'Chris Valaika','3B','R','R'),(30310,30,'Pedro Florimon','SS','B','R'),(30327,11,'Marwin Gonzalez','SS','B','R'),(30328,20,'Dan Otero','RP','R','R'),(30337,13,'Efren Navarro','1B','L','L'),(30339,20,'Andy Parrino','2B','B','R'),(30350,30,'Ryan Mattheus','RP','R','R'),(30361,30,'Craig Stammen','RP','R','R'),(30366,8,'Marc Rzepczynski','RP','L','L'),(30369,3,'Bud Norris','SP','R','R'),(30370,30,'Doug Fister','SP','L','R'),(30372,25,'Dustin Ackley','LF','L','R'),(30373,30,'Stephen Strasburg','SP','R','R'),(30376,1,'Daniel Hudson','SP','R','R'),(30378,22,'John Axford','RP','R','R'),(30386,2,'Anthony Varvaro','RP','R','R'),(30393,7,'Logan Ondrusek','RP','R','R'),(30394,4,'Carlos Rivero','SS','R','R'),(30399,4,'Allen Craig','LF','R','R'),(30412,22,'Chaz Roe','RP','R','R'),(30417,20,'Fernando Abad','RP','L','L'),(30418,3,'Quintin Berry','CF','L','L'),(30419,9,'Yohan Flande','SP','L','L'),(30423,2,'Juan Jaime','RP','R','R'),(30429,11,'Max Stassi','C','R','R'),(30430,13,'Grant Green','LF','R','R'),(30442,7,'Aroldis Chapman','RP','L','L'),(30445,28,'Robinson Chirinos','C','R','R'),(30449,6,'Jordan Danks','CF','L','R'),(30450,5,'Starlin Castro','SS','R','R'),(30456,16,'Jonathan Lucroy','C','R','R'),(30460,6,'Michael Taylor','RF','R','R'),(30461,12,'Jarrod Dyson','CF','L','R'),(30464,3,'Caleb Joseph','C','R','R'),(30465,7,'Mike Leake','SP','R','R'),(30466,7,'Zack Cozart','SS','R','R'),(30469,24,'Brandon Crawford','SS','L','R'),(30475,26,'Daniel Descalso','SS','L','R'),(30483,6,'Zach Putnam','RP','R','R'),(30485,13,'Collin Cowgill','RF','R','L'),(30493,27,'Desmond Jennings','CF','R','R'),(30494,10,'Al Alburquerque','RP','R','R'),(30495,12,'Aaron Crow','RP','R','R'),(30497,15,'Bryan Morris','RP','L','R'),(30502,6,'Hector Noesi','SP','R','R'),(30505,6,'Javy Guerra','RP','R','R'),(30506,27,'Jeremy Hellickson','SP','R','R'),(30511,9,'Juan Nicasio','SP','R','R'),(30515,5,'Travis Wood','SP','R','L'),(30517,5,'Blake Parker','RP','R','R'),(30519,7,'Chris Heisey','LF','R','R'),(30523,8,'Lonnie Chisenhall','3B','L','R'),(30525,22,'Jeanmar Gomez','RP','R','R'),(30526,5,'Jacob Turner','RP','R','R'),(30528,3,'David Lough','LF','L','L'),(30529,9,'Michael McKenry','C','R','R'),(30531,12,'Francisco Pena','C','R','R'),(30532,22,'Ike Davis','1B','L','L'),(30534,30,'Drew Storen','RP','B','R'),(30536,25,'Logan Morrison','1B','L','L'),(30539,5,'Ryan Kalish','CF','L','L'),(30541,18,'Jenrry Mejia','RP','R','R'),(30546,8,'Zach McAllister','SP','R','R'),(30551,24,'Erik Cordier','SP','R','R'),(30555,15,'Dan Jennings','RP','L','L'),(30562,23,'Alexi Amarista','SS','L','R'),(30571,28,'Michael Kirkman','RP','L','L'),(30579,27,'Logan Forsythe','2B','R','R'),(30583,15,'Giancarlo Stanton','RF','R','R'),(30584,22,'Tony Sanchez','C','R','R'),(30588,4,'Tommy Layne','RP','L','L'),(30589,8,'Bryan Shaw','RP','B','R'),(30592,2,'James Russell','RP','L','L'),(30594,1,'Brett Jackson','RF','L','R'),(30600,6,'Josh Phegley','C','R','R'),(30601,22,'Brent Morel','3B','R','R'),(30603,9,'Christian Friedrich','SP','R','L'),(30605,1,'Jordan Pacheco','1B','R','R'),(30608,20,'Derek Norris','C','R','R'),(30611,25,'Danny Farquhar','RP','R','R'),(30612,29,'Chad Jenkins','RP','R','R'),(30621,30,'Danny Espinosa','2B','B','R'),(30624,2,'Mike Minor','SP','R','L'),(30627,18,'Wilmer Flores','SS','R','R'),(30632,30,'Steven Souza','RF','R','R'),(30635,30,'Tyler Moore','1B','R','R'),(30636,29,'Ryan Goins','2B','L','R'),(30648,15,'Chris Hatcher','RP','B','R'),(30650,13,'Fernando Salas','RP','R','R'),(30653,2,'Craig Kimbrel','RP','R','R'),(30661,27,'Nick Franklin','SS','B','R'),(30664,6,'Leury Garcia','2B','B','R'),(30675,6,'Moises Sierra','RF','R','R'),(30676,22,'Chase d\'Arnaud','SS','R','R'),(30680,3,'Jimmy Paredes','3B','B','R'),(30684,25,'James Jones','CF','L','L'),(30687,22,'Jordy Mercer','SS','R','R'),(30690,10,'Evan Reed','RP','R','R'),(30694,14,'Pedro Baez','RP','R','R'),(30699,1,'A.J. Pollock','CF','R','R'),(30707,5,'Brian Schlitter','RP','R','R'),(30708,27,'Brandon Guyer','LF','R','R'),(30711,13,'Shawn O\'Malley','SS','B','R'),(30714,14,'Scott Van Slyke','LF','R','R'),(30717,5,'Logan Watkins','2B','L','R'),(30718,5,'Junior Lake','LF','R','R'),(30721,20,'Nate Freiman','1B','R','R'),(30726,14,'Dee Gordon','2B','L','R'),(30728,3,'Ryan Flaherty','3B','L','R'),(30729,6,'Avisail Garcia','RF','R','R'),(30732,9,'Brandon Barnes','RF','R','R'),(30738,26,'Shelby Miller','SP','R','R'),(30741,8,'J.B. Shuck','LF','L','L'),(30744,13,'Hector Santiago','SP','R','L'),(30765,9,'DJ LeMahieu','2B','R','R'),(30773,16,'Mike Fiers','RP','R','R'),(30775,11,'Marc Krauss','1B','L','R'),(30782,5,'Anthony Rizzo','1B','L','L'),(30791,14,'Miguel Rojas','SS','R','R'),(30794,9,'Matt McBride','1B','R','R'),(30804,17,'Lester Oliveros','RP','R','R'),(30815,10,'Blaine Hardy','RP','L','L'),(30817,19,'Jose Pirela','SS','R','R'),(30818,15,'Ed Lucas','2B','R','R'),(30819,25,'Kyle Seager','3B','L','R'),(30820,26,'Lance Lynn','SP','R','R'),(30830,22,'Starling Marte','LF','R','R'),(30836,13,'Mike Trout','CF','R','R'),(30840,28,'Daniel Robertson','LF','R','R'),(30841,4,'Brock Holt','3B','L','R'),(30846,13,'Tony Campana','CF','L','L'),(30862,1,'Chris Owings','SS','R','R'),(30866,9,'Rafael Ynoa','2B','B','R'),(30878,10,'Hernan Perez','2B','R','R'),(30898,23,'Yangervis Solarte','3B','B','R'),(30901,24,'Brandon Belt','1B','L','L'),(30907,15,'Jordany Valdespin','2B','L','R'),(30910,4,'Daniel Nava','RF','B','L'),(30934,22,'Josh Harrison','3B','R','R'),(30936,26,'Tony Cruz','C','R','R'),(30937,19,'Michael Pineda','SP','R','R'),(30943,22,'Vance Worley','SP','R','R'),(30944,8,'Josh Tomlin','SP','R','R'),(30945,12,'Greg Holland','RP','R','R'),(30947,12,'Casey Coleman','RP','L','R'),(30948,6,'Chris Sale','SP','L','L'),(30950,23,'Yasmani Grandal','C','B','R'),(30951,30,'Bryce Harper','LF','L','R'),(30953,18,'Lucas Duda','1B','L','R'),(30954,16,'Jeremy Jeffress','RP','R','R'),(30959,16,'Brandon Kintzler','RP','R','R'),(30963,15,'Steve Cishek','RP','R','R'),(30964,13,'Vinnie Pestano','RP','R','R'),(30965,25,'Hisashi Iwakuma','SP','R','R'),(30967,6,'Maikel Cleto','RP','R','R'),(30969,27,'Brandon Gomes','RP','R','R'),(30970,20,'Evan Scribner','RP','R','R'),(30976,21,'Justin De Fratus','RP','B','R'),(30981,8,'Corey Kluber','SP','R','R'),(30991,24,'George Kontos','RP','R','R'),(30992,1,'Joe Paterson','RP','R','L'),(30993,12,'Eric Hosmer','1B','L','L'),(30995,12,'Tim Collins','RP','L','L'),(31000,3,'Brad Brach','RP','R','R'),(31003,27,'Chris Archer','SP','R','R'),(31007,8,'Jason Kipnis','2B','L','R'),(31009,17,'Brian Dozier','2B','R','R'),(31010,20,'Drew Pomeranz','RP','R','L'),(31014,24,'Gary Brown','CF','R','R'),(31015,26,'Matt Carpenter','3B','L','R'),(31026,22,'Justin Wilson','RP','L','L'),(31028,22,'Andrew Lambo','RF','L','L'),(31032,20,'Stephen Vogt','1B','L','R'),(31037,16,'Jean Segura','SS','R','R'),(31038,14,'Tim Federowicz','C','R','R'),(31039,4,'Ryan Lavarnway','C','R','R'),(31042,7,'Billy Hamilton','CF','B','R'),(31045,9,'Ben Paulsen','1B','L','R'),(31047,15,'Henderson Alvarez','SP','R','R'),(31048,29,'Anthony Gose','CF','L','L'),(31049,15,'Adeiny Hechavarria','SS','R','R'),(31051,4,'Rubby De La Rosa','SP','R','R'),(31053,17,'Kyle Gibson','SP','R','R'),(31054,3,'Zach Britton','RP','L','L'),(31059,11,'Jorge De Leon','RP','R','R'),(31061,9,'Jordan Lyles','SP','R','R'),(31065,10,'J.D. Martinez','LF','R','R'),(31068,22,'Jeff Locke','SP','L','L'),(31070,6,'Scott Carroll','SP','R','R'),(31076,11,'Darin Downs','RP','R','L'),(31077,15,'Brad Hand','RP','L','L'),(31079,15,'Tom Koehler','SP','R','R'),(31083,9,'Rex Brothers','RP','L','L'),(31084,9,'Charlie Blackmon','RF','L','L'),(31086,27,'Alex Cobb','SP','R','R'),(31087,5,'Arodys Vizcaino','RP','R','R'),(31090,1,'Josh Collmenter','SP','R','R'),(31091,2,'Julio Teheran','SP','R','R'),(31093,1,'Randall Delgado','RP','R','R'),(31094,1,'Wade Miley','SP','L','L'),(31096,15,'Jarred Cosart','SP','R','R'),(31101,19,'Adam Warren','RP','R','R'),(31110,25,'Yoervis Medina','RP','R','R'),(31111,22,'Stolmy Pimentel','RP','R','R'),(31113,11,'Brett Oberholtzer','SP','L','L'),(31114,12,'Danny Duffy','SP','L','L'),(31115,12,'Louis Coleman','RP','R','R'),(31116,12,'Christian Colon','2B','R','R'),(31119,4,'Allen Webster','SP','R','R'),(31122,19,'Dellin Betances','RP','R','R'),(31124,19,'David Phelps','SP','R','R'),(31125,23,'Alex Torres','RP','L','L'),(31127,12,'Salvador Perez','C','R','R'),(31128,12,'Johnny Giavotella','2B','R','R'),(31130,21,'Cesar Hernandez','3B','B','R'),(31140,16,'Wily Peralta','SP','R','R'),(31165,16,'Elian Herrera','RF','B','R'),(31171,18,'Eric Campbell','LF','R','R'),(31173,7,'Tucker Barnhart','C','B','R'),(31174,15,'Nathan Eovaldi','SP','R','R'),(31175,16,'Scooter Gennett','2B','L','R'),(31187,10,'Nick Castellanos','3B','R','R'),(31193,18,'Matt den Dekker','LF','L','L'),(31195,11,'Jake Marisnick','RF','R','R'),(31199,8,'Zach Walters','LF','B','R'),(31206,11,'Jon Singleton','1B','L','L'),(31207,26,'Oscar Taveras','RF','L','L'),(31208,26,'Thomas Pham','CF','R','R'),(31215,4,'Anthony Ranaudo','SP','R','R'),(31218,5,'Mike Olt','3B','R','R'),(31222,2,'Phil Gosselin','2B','R','R'),(31224,2,'Joey Terdoslavich','LF','B','R'),(31232,4,'Will Middlebrooks','3B','R','R'),(31234,4,'Dan Butler','C','R','R'),(31253,17,'Aaron Hicks','CF','R','R'),(31254,29,'Aaron Sanchez','RP','R','R'),(31255,27,'Alex Colome','RP','R','R'),(31257,4,'Drake Britton','RP','L','L'),(31261,9,'Nolan Arenado','3B','R','R'),(31262,17,'Oswaldo Arcia','RF','L','R'),(31263,17,'Trevor May','SP','R','R'),(31264,9,'Tyler Matzek','SP','L','L'),(31265,27,'Wil Myers','RF','R','R'),(31267,18,'Zack Wheeler','SP','L','R'),(31278,23,'Rymer Liriano','RF','R','R'),(31281,16,'Matt Clark','1B','L','R'),(31283,15,'Christian Yelich','LF','L','R'),(31286,19,'Eury Perez','CF','R','R'),(31297,18,'Josh Satin','1B','R','R'),(31327,1,'Ender Inciarte','CF','L','L'),(31337,5,'Matt Szczur','LF','R','R'),(31340,26,'Carlos Martinez','RP','R','R'),(31358,15,'Enrique Hernandez','LF','R','R'),(31359,26,'Matt Adams','1B','L','R'),(31376,1,'Didi Gregorius','SS','L','R'),(31384,24,'Chris Dominguez','3B','R','R'),(31385,11,'Robbie Grossman','LF','B','L'),(31387,17,'Danny Santana','CF','B','R'),(31388,23,'Jake Goebbert','1B','L','L'),(31389,4,'Christian Vazquez','C','R','R'),(31392,14,'Joc Pederson','LF','L','L'),(31393,27,'Steven Geltz','RP','R','R'),(31399,26,'Randal Grichuk','CF','R','R'),(31402,23,'Jedd Gyorko','2B','R','R'),(31410,18,'Juan Lagares','CF','R','R'),(31413,13,'Kole Calhoun','RF','L','L'),(31436,19,'Antoan Richardson','CF','B','R'),(31443,18,'Juan Centeno','C','L','R'),(31446,27,'Kevin Kiermaier','RF','L','R'),(31452,4,'Bryce Brentz','RF','R','R'),(31453,15,'Justin Bour','1B','L','R'),(31462,29,'Drew Hutchison','SP','L','R'),(31465,2,'Luis Avilan','RP','L','L'),(31470,21,'Darin Ruf','1B','R','R'),(31474,23,'Abraham Almonte','CF','B','R'),(31477,19,'John Ryan Murphy','C','R','R'),(31478,16,'Khris Davis','LF','R','R'),(31493,1,'Addison Reed','RP','L','R'),(31495,27,'Brad Boxberger','RP','R','R'),(31513,22,'Tony Watson','RP','L','L'),(31517,25,'Tom Wilhelmsen','RP','R','R'),(31532,20,'Ryan Cook','RP','R','R'),(31540,23,'Nick Vincent','RP','R','R'),(31549,16,'Will Smith','RP','R','L'),(31556,22,'Jared Hughes','RP','R','R'),(31557,4,'Alex Wilson','RP','R','R'),(31558,28,'Jake Smolinski','LF','R','R'),(31587,12,'Carlos Peguero','RF','L','L'),(31588,28,'Leonys Martin','CF','L','R'),(31589,25,'Charlie Furbush','RP','L','L'),(31591,11,'Brad Peacock','SP','R','R'),(31593,30,'Tanner Roark','SP','R','R'),(31594,7,'David Holmberg','SP','R','L'),(31601,5,'Zac Rosscup','RP','L','L'),(31606,4,'Xander Bogaerts','SS','R','R'),(31633,1,'Zeke Spruill','SP','R','R'),(31645,7,'Yorman Rodriguez','CF','R','R'),(31654,27,'Jake Odorizzi','SP','R','R'),(31659,9,'Cristhian Adames','SS','B','R'),(31660,8,'Austin Adams','RP','R','R'),(31662,11,'Jose Altuve','2B','R','R'),(31668,15,'Marcell Ozuna','CF','R','R'),(31678,7,'Daniel Corcino','SP','R','R'),(31683,17,'Logan Darnell','SP','L','L'),(31684,9,'Corey Dickerson','LF','L','R'),(31687,18,'Jeurys Familia','RP','R','R'),(31691,11,'Kevin Chapman','RP','L','L'),(31703,30,'Jeff Kobernus','2B','R','R'),(31706,17,'Tommy Milone','SP','L','L'),(31716,13,'Cam Bedrosian','RP','R','R'),(31728,2,'Andrelton Simmons','SS','R','R'),(31733,6,'Daniel Webb','RP','R','R'),(31744,18,'Erik Goeddel','RP','R','R'),(31745,15,'Sam Dyson','RP','R','R'),(31747,28,'Roman Mendez','RP','R','R'),(31753,5,'Justin Grimm','RP','R','R'),(31754,8,'Tyler Holt','RF','R','R'),(31755,12,'Liam Hendriks','SP','R','R'),(31756,10,'Kyle Lobstein','SP','L','L'),(31758,2,'Christian Bethancourt','C','R','R'),(31764,18,'Vic Black','RP','R','R'),(31791,23,'Robbie Erlin','SP','R','L'),(31800,6,'Eric Surkamp','RP','L','L'),(31811,21,'Cameron Rupp','C','R','R'),(31814,6,'Andy Wilkins','3B','L','R'),(31815,11,'Dallas Keuchel','SP','L','L'),(31816,27,'Drew Smyly','SP','L','L'),(31819,11,'Mike Foltynewicz','RP','R','R'),(31840,4,'Heath Hembree','RP','R','R'),(31842,6,'Jake Petricka','RP','R','R'),(31851,17,'Josmil Pinto','C','R','R'),(31856,23,'Joe Wieland','SP','R','R'),(31858,19,'Chase Whitley','SP','R','R'),(31864,25,'Taijuan Walker','SP','R','R'),(31867,9,'Tommy Kahnle','RP','R','R'),(31871,24,'Michael Kickham','SP','L','L'),(31876,12,'Yordano Ventura','SP','R','R'),(31886,28,'Shawn Tolleson','RP','R','R'),(31910,19,'Bryan Mitchell','RP','L','R'),(31925,9,'Rob Scahill','RP','L','R'),(31927,28,'Luis Sardinas','2B','B','R'),(31945,26,'Trevor Rosenthal','RP','R','R'),(31953,9,'Kyle Parker','1B','R','R'),(31959,28,'Michael Choice','LF','R','R'),(31961,10,'Bryan Holaday','C','R','R'),(31964,25,'Jesus Sucre','C','R','R'),(31970,13,'Luis Jimenez','3B','R','R'),(31973,11,'Jonathan Villar','SS','B','R'),(31980,25,'James Paxton','SP','L','L'),(31983,25,'Erasmo Ramirez','SP','R','R'),(31984,13,'Cory Rasmus','RP','R','R'),(31988,3,'Jonathan Schoop','2B','R','R'),(31992,4,'Joe Kelly','SP','R','R'),(31998,17,'Chris Herrmann','C','L','R'),(32006,17,'Eric Fryer','C','R','R'),(32011,24,'Juan Perez','LF','R','R'),(32014,8,'Trevor Bauer','SP','R','R'),(32028,30,'Xavier Cedeno','RP','L','L'),(32029,12,'Kelvin Herrera','RP','R','R'),(32030,25,'Lucas Luetge','RP','L','L'),(32037,27,'Jeff Beliveau','RP','L','L'),(32042,5,'Tsuyoshi Wada','SP','L','L'),(32046,10,'James McCann','C','R','R'),(32047,29,'Munenori Kawasaki','2B','L','R'),(32048,3,'Wei-Yin Chen','SP','L','L'),(32049,27,'Curt Casali','C','R','R'),(32051,28,'Robbie Ross','SP','L','L'),(32052,8,'Chen-Chang Lee','RP','R','R'),(32053,12,'Norichika Aoki','RF','L','R'),(32057,26,'Nick Greenwood','RP','R','L'),(32058,13,'Matt Shoemaker','SP','R','R'),(32059,26,'Kevin Siegrist','RP','L','L'),(32061,26,'Kolten Wong','2B','L','R'),(32062,24,'Andrew Susac','C','R','R'),(32068,6,'Adam Eaton','CF','L','L'),(32075,26,'Sam Freeman','RP','R','L'),(32080,4,'Yoenis Cespedes','LF','R','R'),(32081,22,'Gerrit Cole','SP','R','R'),(32082,20,'Sonny Gray','SP','R','R'),(32083,7,'Pedro Villarreal','RP','R','R'),(32084,7,'Donald Lutz','LF','L','R'),(32087,24,'Joe Panik','2B','L','R'),(32095,8,'Danny Salazar','SP','R','R'),(32098,30,'Anthony Rendon','3B','R','R'),(32100,1,'Evan Marshall','RP','R','R'),(32101,30,'Sandy Leon','C','B','R'),(32104,15,'A.J. Ramos','RP','R','R'),(32106,6,'Jose Quintana','SP','R','L'),(32108,8,'Yan Gomes','C','R','R'),(32116,28,'Miles Mikolas','SP','R','R'),(32124,4,'Garin Cecchini','3B','R','R'),(32127,5,'Javier Baez','2B','R','R'),(32132,8,'Jesus Aguilar','1B','R','R'),(32136,10,'Tyler Collins','RF','L','L'),(32144,9,'Josh Rutledge','SS','R','R'),(32146,6,'Marcus Semien','3B','R','R'),(32147,4,'Matt Barnes','SP','R','R'),(32155,13,'C.J. Cron','DH','R','R'),(32163,21,'Maikel Franco','3B','R','R'),(32169,23,'Cory Spangenberg','2B','L','R'),(32170,28,'Rougned Odor','2B','L','R'),(32175,10,'Robbie Ray','SP','L','L'),(32177,15,'Jacob Realmuto','C','R','R'),(32178,21,'Jake Diekman','RP','L','L'),(32179,7,'Jake Elmore','2B','R','R'),(32185,30,'Blake Treinen','RP','R','R'),(32188,8,'Cody Allen','RP','R','R'),(32190,18,'Wilfredo Tovar','SS','R','R'),(32198,18,'Josh Edgin','RP','L','L'),(32204,25,'Stefen Romero','RF','R','R'),(32206,25,'Brad Miller','SS','L','R'),(32210,29,'Dalton Pompey','CF','B','R'),(32211,26,'Greg Garcia','2B','L','R'),(32215,26,'Xavier Scruggs','1B','R','R'),(32217,2,'Tommy La Stella','2B','L','R'),(32219,30,'Michael Taylor','RF','R','R'),(32232,8,'Bryan Price','RP','R','R'),(32251,1,'Alfredo Marte','LF','R','R'),(32257,10,'Steven Moya','LF','L','R'),(32264,6,'Carlos Sanchez','SS','B','R'),(32265,8,'Roberto Perez','C','R','R'),(32309,19,'Preston Claiborne','RP','R','R'),(32355,1,'Nick Ahmed','SS','R','R'),(32362,4,'Jackie Bradley Jr.','CF','L','R'),(32367,10,'Eugenio Suarez','SS','R','R'),(32375,28,'Lisalverto Bonilla','RP','R','R'),(32396,23,'Kevin Quackenbush','RP','R','R'),(32397,29,'Aaron Loup','RP','L','L'),(32424,16,'Rob Wooten','RP','R','R'),(32440,17,'Caleb Thielbar','RP','R','L'),(32469,15,'Carter Capps','RP','R','R'),(32482,24,'Brett Bochy','RP','R','R'),(32526,27,'C.J. Riefenhauser','RP','L','L'),(32557,7,'J.J. Hoover','RP','R','R'),(32558,5,'Jorge Soler','RF','R','R'),(32563,5,'Dan Straily','SP','R','R'),(32566,1,'Will Harris','RP','R','R'),(32569,11,'Collin McHugh','SP','R','R'),(32574,14,'Yasiel Puig','RF','R','R'),(32579,14,'Paco Rodriguez','RP','L','L'),(32582,14,'Hyun-Jin Ryu','SP','R','L'),(32583,5,'Kyuji Fujikawa','RP','L','R'),(32587,4,'Steven Wright','RP','R','R'),(32589,24,'Hunter Strickland','RP','R','R'),(32594,17,'Michael Tonkin','RP','R','R'),(32595,25,'Brandon Maurer','RP','R','R'),(32599,7,'Carlos Contreras','RP','R','R'),(32601,2,'David Hale','RP','R','R'),(32602,2,'Aaron Northcraft','SP','R','R'),(32607,27,'Nathan Karns','SP','R','R'),(32610,8,'T.J. House','SP','R','L'),(32611,24,'Chris Heston','SP','R','R'),(32614,1,'Matt Stites','RP','L','R'),(32616,2,'Gus Schlosser','RP','R','R'),(32617,6,'Scott Snodgress','SP','L','L'),(32620,2,'Alex Wood','SP','R','L'),(32623,27,'Kirby Yates','RP','L','R'),(32628,25,'Carson Smith','RP','R','R'),(32630,10,'Patrick McCoy','RP','L','L'),(32631,18,'Rafael Montero','SP','R','R'),(32637,21,'Cody Asche','3B','L','R'),(32639,26,'Seth Maness','RP','R','R'),(32640,26,'Michael Wacha','SP','R','R'),(32641,26,'Tyler Lyons','SP','B','L'),(32647,5,'Rafael Lopez','C','L','R'),(32657,25,'Mike Zunino','C','R','R'),(32659,4,'Edwin Escobar','SP','L','L'),(32664,24,'Adam Duvall','1B','R','R'),(32667,3,'Kevin Gausman','SP','L','R'),(32672,15,'Andrew Heaney','SP','L','L'),(32680,3,'T.J. McFarland','RP','L','L'),(32690,1,'Chase Anderson','SP','R','R'),(32700,28,'Nick Tepesch','SP','R','R'),(32701,1,'Eury De La Rosa','RP','L','L'),(32704,19,'Shane Greene','SP','R','R'),(32706,1,'Vidal Nuno','SP','L','L'),(32709,29,'Sean Nolin','SP','L','L'),(32730,23,'R.J. Alvarez','RP','R','R'),(32735,16,'Jason Rogers','1B','R','R'),(32738,16,'Jimmy Nelson','SP','R','R'),(32739,13,'Michael Roth','RP','L','L'),(32742,1,'Jake Lamb','3B','L','R'),(32758,3,'Christian Walker','1B','R','R'),(32762,21,'Ken Giles','RP','R','R'),(32796,18,'Jacob deGrom','SP','L','R'),(32801,8,'Jose Ramirez','SS','B','R'),(32810,1,'Andrew Chafin','SP','R','L'),(32815,29,'Marcus Stroman','SP','R','R'),(32823,5,'Arismendy Alcantara','CF','B','R'),(32831,9,'Eddie Butler','SP','B','R'),(32859,29,'Kevin Pillar','CF','R','R'),(32860,20,'Billy Burns','CF','R','R'),(32863,2,'Evan Gattis','C','R','R'),(32882,23,'Tommy Medica','1B','R','R'),(32888,14,'Yimi Garcia','RP','R','R'),(32900,25,'Chris Taylor','SS','R','R'),(32911,12,'Lane Adams','RF','R','R'),(32949,13,'Mike Morin','RP','R','R'),(32950,22,'Gregory Polanco','RF','L','L'),(32973,4,'Brandon Workman','SP','R','R'),(32986,13,'Jairo Diaz','RP','R','R'),(33005,30,'Aaron Barrett','RP','R','R'),(33007,6,'Adrian Nieto','C','B','R'),(33012,17,'Kennys Vargas','DH','B','R'),(33014,2,'Chasen Shreve','RP','L','L'),(33039,4,'Mookie Betts','CF','R','R'),(33065,28,'Tomas Telis','C','B','R'),(33072,17,'Ryan Pressly','RP','R','R'),(33073,22,'Bobby LaFromboise','RP','L','L'),(33076,18,'Gonzalez Germen','RP','R','R'),(33086,22,'Brandon Cumpton','SP','R','R'),(33089,21,'Luis Garcia','RP','R','R'),(33091,18,'Dilson Herrera','2B','R','R'),(33093,21,'Miguel Alfredo Gonzalez','SP','R','R'),(33095,6,'Jose Abreu','1B','R','R'),(33096,14,'Alex Guerrero','2B','R','R'),(33105,22,'Casey Sadler','RP','R','R'),(33108,23,'Jesse Hahn','SP','R','R'),(33117,16,'Wei-Chung Wang','RP','L','L'),(33137,2,'Ian Thomas','RP','L','L'),(33144,11,'Jake Buchanan','RP','R','R'),(33148,6,'Chris Bassitt','SP','R','R'),(33150,19,'Masahiro Tanaka','SP','R','R'),(33152,25,'Roenis Elias','SP','L','L'),(33155,25,'Dominic Leone','RP','R','R'),(33158,26,'Marco Gonzales','SP','L','L'),(33165,23,'Leonel Campos','SP','R','R'),(33170,11,'Nick Tropeano','SP','R','R'),(33173,5,'Kyle Hendricks','SP','R','R'),(33176,5,'Eric Jokisch','SP','R','L'),(33180,15,'Anthony DeSclafani','SP','R','R'),(33199,29,'Daniel Norris','SP','L','L'),(33270,9,'Christian Bergman','SP','R','R'),(33272,14,'Carlos Frias','RP','R','R'),(33281,21,'David Buchanan','SP','R','R'),(33307,14,'Erisbel Arruebarrena','SS','R','R'),(33318,10,'Kyle Ryan','SP','L','L'),(33368,26,'Samuel Tuivailala','RP','R','R'),(33372,28,'Nick Martinez','SP','L','R'),(33382,30,'Taylor Hill','RP','R','R'),(33384,1,'David Peralta','LF','L','L'),(33413,8,'Kyle Crockett','RP','L','L'),(33453,24,'Matt Duffy','2B','R','R'),(33476,28,'Jon Edwards','RP','R','R'),(33477,28,'Spencer Patton','RP','R','R'),(33559,7,'Ryan Dennick','RP','L','L'),(33617,23,'Odrisamer Despaigne','SP','R','R'),(33619,13,'Drew Rucinski','RP','R','R'),(33625,28,'Phil Klein','RP','R','R'),(33627,10,'Buck Farmer','SP','L','R'),(33628,28,'Alexander Claudio','RP','L','L'),(33629,23,'Frank Garces','RP','L','L'),(33630,4,'Rusney Castillo','CF','R','R'),(33631,28,'Ryan Rua','SS','R','R'),(33632,12,'Terrance Gore','CF','R','R'),(33633,12,'Brandon Finnegan','SP','L','L'),(33634,22,'John Holdzkom','RP','R','R'),(33635,18,'Dario Alvarez','RP','L','L'),(33636,29,'Kendall Graveman','SP','R','R'),(33637,17,'A.J. Achter','RP','R','R'),(33638,14,'Daniel Coulombe','RP','L','L');
/*!40000 ALTER TABLE `players` ENABLE KEYS */;
UNLOCK TABLES;

--
-- Table structure for table `teams`
--

DROP TABLE IF EXISTS `teams`;
/*!40101 SET @saved_cs_client     = @@character_set_client */;
/*!40101 SET character_set_client = utf8 */;
CREATE TABLE `teams` (
  `id` smallint(5) unsigned NOT NULL AUTO_INCREMENT,
  `abbreviation` varchar(3) DEFAULT NULL,
  `location` varchar(255) DEFAULT NULL,
  `name` varchar(255) DEFAULT NULL,
  PRIMARY KEY (`id`)
) ENGINE=InnoDB AUTO_INCREMENT=39 DEFAULT CHARSET=latin1;
/*!40101 SET character_set_client = @saved_cs_client */;

--
-- Dumping data for table `teams`
--

LOCK TABLES `teams` WRITE;
/*!40000 ALTER TABLE `teams` DISABLE KEYS */;
INSERT INTO `teams` VALUES (1,'ARI','Arizona','Diamondbacks'),(2,'ATL','Atlanta','Braves'),(3,'BAL','Baltimore','Orioles'),(4,'BOS','Boston','Red Sox'),(5,'CHC','Chicago','Cubs'),(6,'CHW','Chicago','White Sox'),(7,'CIN','Cincinnati','Reds'),(8,'CLE','Cleveland','Indians'),(9,'COL','Colorado','Rockies'),(10,'DET','Detroit','Tigers'),(11,'HOU','Houston','Astros'),(12,'KC','Kansas City','Royals'),(13,'LAA','Los Angeles','Angels'),(14,'LAD','Los Angeles','Dodgers'),(15,'MIA','Miami','Marlins'),(16,'MIL','Milwaukee','Brewers'),(17,'MIN','Minnesota','Twins'),(18,'NYM','New York','Mets'),(19,'NYY','New York','Yankees'),(20,'OAK','Oakland','Athletics'),(21,'PHI','Philadelphia','Phillies'),(22,'PIT','Pittsburgh','Pirates'),(23,'SD','San Diego','Padres'),(24,'SF','San Francisco','Giants'),(25,'SEA','Seattle','Mariners'),(26,'STL','St. Louis','Cardinals'),(27,'TB','Tampa Bay','Rays'),(28,'TEX','Texas','Rangers'),(29,'TOR','Toronto','Blue Jays'),(30,'WAS','Washington','Nationals'),(31,'AWC','','AL Wild Card'),(32,'NWC','','NL Wild Card'),(33,'AL1','','AL 1'),(34,'AL2','','AL 2'),(35,'NL1','','NL 1'),(36,'NL2','','NL 2'),(37,'ALC','','AL Champion'),(38,'NLC','','NL Champion');
/*!40000 ALTER TABLE `teams` ENABLE KEYS */;
UNLOCK TABLES;

--
-- Table structure for table `users`
--

DROP TABLE IF EXISTS `users`;
/*!40101 SET @saved_cs_client     = @@character_set_client */;
/*!40101 SET character_set_client = utf8 */;
CREATE TABLE `users` (
  `id` smallint(5) unsigned NOT NULL AUTO_INCREMENT,
  `username` varchar(255) NOT NULL,
  `password` char(128) NOT NULL,
  `first_name` varchar(255) DEFAULT NULL,
  `last_name` varchar(255) DEFAULT NULL,
  PRIMARY KEY (`id`),
  UNIQUE KEY `username` (`username`)
) ENGINE=InnoDB AUTO_INCREMENT=27 DEFAULT CHARSET=latin1;
/*!40101 SET character_set_client = @saved_cs_client */;

--
-- Dumping data for table `users`
--

LOCK TABLES `users` WRITE;
/*!40000 ALTER TABLE `users` DISABLE KEYS */;
INSERT INTO `users` VALUES (1,'jpnance','77730a82c12e5230ecd7b9590cfcbdc6','Patrick','Nance (\'14)'),(2,'jeff','b5110e3991f63adf292e6e0ffee86b73','Jeff','Sneden'),(3,'afeldman','a7c8f01d8b2fedaa0505f15bded1da1c','Andrew','Feldman'),(4,'bludwiczak','96cbca5c489dd58c094b484a8dce5885','Brett','Ludwiczak (\'10)'),(6,'dubilla','a77add86a698ea0861f9769f00a8a1a1','Dan','Ubilla'),(8,'dnims','2e626ca324ed130d0cb6cb8c0914dabe','David','Nims (\'11)'),(9,'nsloan','db4edd1df65be74b82fcf19e4d20bc62','Nathaniel','Sloan'),(10,'dschexnayder','e121ce3ff0db8b17d00933fb7f9ac46f','David','Schexnayder'),(12,'mmustain','c0b301211c1039f1d474826286ef381a','Mitch','Mustain'),(15,'mlawrence','8997285e0d9f88259c3f5567955a811e','Matt','Lawrence'),(18,'bpauly','6632ec288a80dda50b288cbb8e4e7c12','Brett','Pauly (\'09)'),(19,'agarcia','a1df6d6bc5235f6fb68968a937158c1b','Anthony','Garcia (\'13)'),(21,'nnguyen','e685653ab68408b79d0883a3309fee05','Nam','Nguyen'),(22,'acampbell','e24fdb015ba72779c328283f5dd18b65','Andy','Campbell'),(23,'lzimmermann','c392fbbcafe138c018c80792c82fe764','Luke','Zimmermann'),(24,'mpolikoff','a812ee3ddf764d94f553641fd3f11816','Mike','Polikoff'),(25,'ngiordano','f25e86236735b721256c454b27d25863','Nick','Giordano'),(26,'tfries','e0d88741b5f63b2aa152021be18334fd','Tom','Fries');
/*!40000 ALTER TABLE `users` ENABLE KEYS */;
UNLOCK TABLES;

--
-- Final view structure for view `availabilities`
--

/*!50001 DROP TABLE IF EXISTS `availabilities`*/;
/*!50001 DROP VIEW IF EXISTS `availabilities`*/;
/*!50001 SET @saved_cs_client          = @@character_set_client */;
/*!50001 SET @saved_cs_results         = @@character_set_results */;
/*!50001 SET @saved_col_connection     = @@collation_connection */;
/*!50001 SET character_set_client      = latin1 */;
/*!50001 SET character_set_results     = latin1 */;
/*!50001 SET collation_connection      = latin1_swedish_ci */;
/*!50001 CREATE ALGORITHM=UNDEFINED */
/*!50013 DEFINER=`jpnance`@`localhost` SQL SECURITY DEFINER */
/*!50001 VIEW `availabilities` AS select `users`.`id` AS `user_id`,`players`.`team_id` AS `team_id`,`players`.`id` AS `player_id`,`games`.`id` AS `game_id` from ((`players` join `users`) left join (`picks` join `games` on((`picks`.`game_id` = `games`.`id`))) on(((`players`.`id` = `picks`.`player_id`) and (`users`.`id` = `picks`.`user_id`) and (`players`.`id` = `picks`.`player_id`)))) order by `users`.`id`,`players`.`id` */;
/*!50001 SET character_set_client      = @saved_cs_client */;
/*!50001 SET character_set_results     = @saved_cs_results */;
/*!50001 SET collation_connection      = @saved_col_connection */;
/*!40103 SET TIME_ZONE=@OLD_TIME_ZONE */;

/*!40101 SET SQL_MODE=@OLD_SQL_MODE */;
/*!40014 SET FOREIGN_KEY_CHECKS=@OLD_FOREIGN_KEY_CHECKS */;
/*!40014 SET UNIQUE_CHECKS=@OLD_UNIQUE_CHECKS */;
/*!40101 SET CHARACTER_SET_CLIENT=@OLD_CHARACTER_SET_CLIENT */;
/*!40101 SET CHARACTER_SET_RESULTS=@OLD_CHARACTER_SET_RESULTS */;
/*!40101 SET COLLATION_CONNECTION=@OLD_COLLATION_CONNECTION */;
/*!40111 SET SQL_NOTES=@OLD_SQL_NOTES */;

-- Dump completed on 2015-10-02 15:53:02
